symbol,market_cap_usd,exchange,security_name,country,listing_financial_status
AAC,714515111.00,NYSE,Ares Acquisition Corporation III Class A Ordinary Shares,,
AACG,52717295.00,NASDAQ,"ATA Creativity Global - American Depositary Shares, each representing two common shares",China,N
AAME,25904480.00,NASDAQ,Atlantic American Corporation - Common Stock,United States,E
AAPG,1434023870.00,NASDAQ,Ascentage Pharma Group International - American Depository Shares,China,N
AARD,109205382.00,NASDAQ,"Aardvark Therapeutics, Inc. - Common Stock",United States,N
AAT,1323260790.00,NYSE,"American Assets Trust, Inc. Common Stock",United States,
ABAT,312245290.00,NASDAQ,American Battery Technology Company - Common Stock,United States,N
ABEO,287635606.00,NASDAQ,Abeona Therapeutics Inc. - Common Stock,United States,N
ABLV,132529982.00,NASDAQ,Able View Global Inc. - Class B Ordinary Shares,China,N
ABOS,147527261.00,NASDAQ,"Acumen Pharmaceuticals, Inc. - Common Stock",United States,N
ABR,664146633.00,NYSE,Arbor Realty Trust Common Stock,United States,
ABSI,1899767091.00,NASDAQ,Absci Corporation - Common Stock,United States,N
ABTC,619695758.00,NASDAQ,American Bitcoin Corp. - Class A Common Stock,United States,N
ABTS,3800117.00,NASDAQ,Abits Group Inc - Ordinary Shares,China,N
ABUS,880422866.00,NASDAQ,Arbutus Biopharma Corporation - Common Stock,Canada,N
ABVC,26961421.00,NASDAQ,"ABVC BioPharma, Inc. - Common Stock",United States,N
ABX,808741899.00,NYSE,"Abacus Global Management, Inc. Class A Common Stock",United States,
ACB,242871142.00,NASDAQ,Aurora Cannabis Inc. - Common Shares,Canada,N
ACCL,36140000.00,NASDAQ,Acco Group Holdings Limited - Class A Ordinary Shares,Hong Kong,N
ACCO,396922542.00,NYSE,Acco Brands Corporation Common Stock,United States,
ACCS,18026602.00,NYSE AMERICAN,ACCESS Newswire Inc. Common Stock,United States,
ACDC,834122250.00,NASDAQ,ProFrac Holding Corp. - Class A Common Stock,United States,N
ACET,60849685.00,NASDAQ,"Adicet Bio, Inc. - Common Stock",United States,N
ACFN,47732934.00,NASDAQ,"Acorn Energy, Inc. - Common Stock",United States,N
ACH,38852256.00,NYSE,"Accendra Health, Inc. Common Stock",United States,
ACHV,745014028.00,NASDAQ,"Achieve Life Sciences, Inc.  - Common Shares",United States,N
ACIC,441046155.00,NASDAQ,American Coastal Insurance Corporation - Common Stock,United States,N
ACIU,277332986.00,NASDAQ,AC Immune SA - Common Stock,Switzerland,N
ACNB,648638135.00,NASDAQ,ACNB Corporation - Common Stock,United States,N
ACNT,124060168.00,NASDAQ,Ascent Industries Co. - Common Stock,United States,N
ACOG,198144346.00,NASDAQ,Alpha Cognition Inc. - Common Stock,Canada,N
ACON,6860043.00,NASDAQ,"Aclarion, Inc. - Common Stock",United States,N
ACR,81515236.00,NYSE,ACRES Commercial Realty Corp. Common Stock,United States,
ACRE,212492663.00,NYSE,Ares Commercial Real Estate Corporation Common Stock,United States,
ACRS,646203140.00,NASDAQ,"Aclaris Therapeutics, Inc. - Common Stock",United States,N
ACRV,85278190.00,NASDAQ,"Acrivon Therapeutics, Inc. - Common Stock",United States,N
ACTG,423526734.00,NASDAQ,Acacia Research Corporation - Common Stock,United States,N
ACTU,19667631.00,NASDAQ,"Actuate Therapeutics, Inc. - Common stock",United States,D
ACU,243447761.00,NYSE AMERICAN,Acme United Corporation. Common Stock,United States,
ACVA,1774493391.00,NYSE,ACV Auctions Inc. Class A Common Stock,United States,
ACXP,7060444.00,NASDAQ,"Acurx Pharmaceuticals, Inc. - Common Stock",United States,N
ADAG,188247043.00,NASDAQ,"Adagene Inc. - ADS, each representing 1.25 ordinary shares",China,N
ADAM,705280066.00,NASDAQ,"Adamas Trust, Inc. - Common Stock",United States,N
ADBT,68043079.00,NASDAQ,"Advasa Holdings, Inc. - Common stock",Japan,N
ADCT,144264495.00,NYSE,ADC Therapeutics SA Common Shares,Switzerland,
ADGM,3400421.00,NASDAQ,"Adagio Medical Holdings, Inc - Common Stock",United States,D
ADIG,1353710620.00,NYSE,ADI Global Distribution Inc. Common Stock,United States,
ADIL,10818667.00,NASDAQ,"Adial Pharmaceuticals, Inc - Common Stock",United States,D
ADNT,1334547893.00,NYSE,Adient plc Ordinary Shares ,United States,
ADRX,1949124181.00,NASDAQ,"ADARx Pharmaceuticals, Inc. - Common stock",United States,N
ADSE,795623841.00,NASDAQ,ADS-TEC ENERGY PLC - Ordinary Shares,Ireland,N
ADTN,573629105.00,NASDAQ,"ADTRAN Holdings, Inc. - Common Stock",United States,N
ADUR,438454305.00,NASDAQ,Aduro Clean Technologies Inc. - Common Stock,Canada,N
ADV,354406437.00,NASDAQ,Advantage Solutions Inc.  - Class A Common Stock,United States,N
ADVB,11118855.00,NASDAQ,Advanced Biomed Inc. - Common Stock,Taiwan,N
ADXN,5230399.00,NASDAQ,Addex Therapeutics Ltd - American Depositary Shares,Switzerland,N
AEBI,846609279.00,NASDAQ,Aebi Schmidt Holding AG - Common Stock,Switzerland,N
AEC,68627917.00,NASDAQ,Anfield Energy Inc. - Common Shares,Canada,N
AEHL,190148560.00,NASDAQ,Antelope Enterprise Holdings Limited - Class A Ordinary Shares,China,N
AEI,28841258.00,NASDAQ,Alset Inc. - Common Stock,United States,N
AEMD,10346413.00,NASDAQ,"Aethlon Medical, Inc. - Common Stock",United States,N
AENT,228898539.00,NASDAQ,Alliance Entertainment Holding Corporation - common stock,United States,N
AEON,13917298.00,NYSE AMERICAN,"AEON Biopharma, Inc. Class A Common Stock",United States,
AERT,38886583.00,NASDAQ,"Aeries Technology, Inc. - Class A Ordinary Share",United States,N
AESI,1505041550.00,NYSE,Atlas Energy Solutions Inc. Common Stock,United States,
AEVA,1028856988.00,NASDAQ,"Aeva Technologies, Inc. - Common Stock",United States,N
AEYE,86982144.00,NASDAQ,"AudioEye, Inc. - Common Stock",United States,N
AFCG,79351717.00,NASDAQ,Advanced Flower Capital Inc. - Common Stock,United States,N
AFRI,303073281.00,NASDAQ,Forafric Global PLC - Ordinary Shares,Gibraltar,N
AFYA,1145292995.00,NASDAQ,Afya Limited - Class A Common Shares,Brazil,N
AGBK,874337493.00,NYSE,AGI Inc Class A Common Shares,Cayman Islands,
AGCC,559297500.00,NASDAQ,Agencia Comercial Spirits Ltd - Class A Ordinary Share,Taiwan,N
AGEN,377553618.00,NASDAQ,Agenus Inc. - Common Stock,United States,N
AGIG,44150321.00,NYSE AMERICAN,Abundia Global Impact Group Inc. Common stock,United States,
AGIO,1898519848.00,NASDAQ,"Agios Pharmaceuticals, Inc. - Common Stock",United States,N
AGL,1412812409.00,NYSE,"agilon health, inc. Common Stock",United States,
AGMB,421562666.00,NASDAQ,AgomAb Therapeutics NV - ADRs representing one common share.,Belgium,N
AGMH,3617239.00,NASDAQ,AGM Group Holdings Inc. - Class A Ordinary Shares,Hong Kong,N
AGNT,609980470.00,NASDAQ,"AGNT, Inc. - Common Stock",United States,N
AGPU,140020778.00,NASDAQ,Axe Compute Inc. - Common Stock,United States,N
AGRO,1457515507.00,NYSE,Adecoagro S.A. Common Shares,Luxembourg,
AGRZ,6151191.00,NASDAQ,Agroz Inc. - Class A Ordinary Shares,Malaysia,H
AHCO,763527498.00,NASDAQ,AdaptHealth Corp.  - Common Stock,United States,N
AHG,985209804.00,NASDAQ,Akso Health Group - American Depositary Shares,China,N
AHMA,39237000.00,NASDAQ,Ambitions Enterprise Management Co. L.L.C - Class A Ordinary Shares,United Arab Emirates,N
AHRT,449795742.00,NYSE,"AH Realty Trust, Inc. Common Stock",United States,
AHT,14751176.00,NYSE,Ashford Hospitality Trust Inc Common Stock,United States,
AI,1770186215.00,NYSE,"C3.ai, Inc. Class A Common Stock",United States,
AIAI,247959908.00,NASDAQ,AIAI Holdings Corporation - Class A common stock,United States,N
AIB,124606324.00,NYSE AMERICAN,AIB Data Centers Inc. Common Stock,,
AIBZ,248839968.00,NASDAQ,Bitzero Holdings Inc. - Common Shares,Canada,N
AIDX,4852715.00,NASDAQ,"20/20 Biolabs, Inc. - Common Stock",United States,D
AIFA,28698813.00,NASDAQ,"All In FutureTech Alliance, Inc. - Common Stock",United States,N
AIFC,70435651.00,NASDAQ,AI Financial Corporation - Common Stock,United States,D
AIFF,21338830.00,NASDAQ,"Firefly Neuroscience, Inc.  - Common Stock",United States,N
AIFU,63115715.00,NASDAQ,AIFU Inc. - Class A Ordinary Share,China,N
AII,510604708.00,NYSE,"American Integrity Insurance Group, Inc. Common Stock",United States,
AIIO,141652335.00,NASDAQ,Robo.ai Inc. - Class B Ordinary Shares,United Arab Emirates,N
AIIR,1185256989.00,NASDAQ,Air Global PLC - Ordinary shares,United Arab Emirates,N
AIM,7181072.00,NYSE AMERICAN,AIM ImmunoTech Inc. Common Stock,,
AIMD,11560131.00,NASDAQ,"Ainos, Inc. - Common Stock",United States,N
AIN,1728992000.00,NYSE,Albany International Corporation Common Stock,United States,
AIOS,36781567.00,NASDAQ,AIOS Tech Inc. - Class A Common Shares,China,N
AIOT,377174830.00,NASDAQ,"PowerFleet, Inc. - Common Stock",United States,N
AIP,1212090835.00,NASDAQ,"Arteris, Inc.  - Common Stock",United States,N
AIRE,7928744.00,NASDAQ,reAlpha Tech Corp. - Common Stock,United States,N
AIRG,60392079.00,NASDAQ,"Airgain, Inc. - Common Stock",United States,N
AIRI,13193790.00,NYSE AMERICAN,Air Industries Group Common Stock,United States,
AIRJ,294811040.00,NASDAQ,AirJoule Technologies Corporation - Class A Common Stock,United States,N
AIRO,207953493.00,NASDAQ,"AIRO Group Holdings, Inc. - Common Stock",United States,N
AIRS,127608520.00,NASDAQ,"AirSculpt Technologies, Inc. - Common Stock",United States,N
AIRT,79916090.00,NASDAQ,"Air T, Inc. - Common Stock",United States,N
AISP,73011871.00,NASDAQ,"Airship AI Holdings, Inc - Class A Common Stock",United States,N
AIV,280307213.00,NYSE,Apartment Investment and Management Company Common Stock,United States,
AIXI,238039.00,NASDAQ,XIAO-I Corporation - American Depositary Shares,China,D
AKA,119252990.00,NYSE,a.k.a. Brands Holding Corp. Common Stock,,
AKAN,4728660.00,NASDAQ,Akanda Corp. - Common Shares,United Kingdom,D
AKBA,239696902.00,NASDAQ,"Akebia Therapeutics, Inc. - Common Stock",United States,N
AKTS,1030073121.00,NASDAQ,"Aktis Oncology, Inc. - Common stock",United States,N
AKTX,19926639.00,NASDAQ,Akari Therapeutics Plc - American Depositary Shares,United Kingdom,N
ALAR,12615820.00,NASDAQ,Alarum Technologies Ltd. - American Depositary Shares,Israel,N
ALCO,284205072.00,NASDAQ,"Alico, Inc. - Common Stock",United States,N
ALDX,70581913.00,NASDAQ,"Aldeyra Therapeutics, Inc. - Common Stock",United States,N
ALEC,202099023.00,NASDAQ,"Alector, Inc. - Common Stock",United States,N
ALG,1959647075.00,NYSE,"Alamo Group, Inc. Common Stock",United States,
ALGS,34594851.00,NASDAQ,"Aligos Therapeutics, Inc. - Common stock",United States,N
ALHC,1647035083.00,NASDAQ,"Alignment Healthcare, Inc. - Common Stock",United States,N
ALIT,238410973.00,NYSE,"Alight, Inc. Class A Common Stock",United States,
ALKT,1485424102.00,NASDAQ,"Alkami Technology, Inc. - Common Stock",United States,N
ALLO,518236322.00,NASDAQ,"Allogene Therapeutics, Inc. - Common Stock",United States,N
ALLR,16547153.00,NASDAQ,"Allarity Therapeutics, Inc. - Common stock",United States,N
ALLT,412421725.00,NASDAQ,Allot Ltd. - Ordinary Shares,Israel,N
ALMS,886631387.00,NASDAQ,Alumis Inc. - Common Stock,United States,N
ALMU,253411790.00,NASDAQ,"Aeluma, Inc. - Common Stock",United States,N
ALOY,563681720.00,NASDAQ,REalloys Inc. - Common Stock,United States,N
ALP,7129301.00,NASDAQ,Alpha Compute Corp  - Ordinary Shares,Canada,N
ALPS,65728124.00,NASDAQ,ALPS Group Inc - Ordinary Share,Malaysia,D
ALRS,814382274.00,NASDAQ,Alerus Financial Corporation - Common Stock,United States,N
ALT,532005912.00,NASDAQ,"Altimmune, Inc. - Common Stock",United States,N
ALTG,211681331.00,NYSE,Alta Equipment Group Inc. Class A Common Stock,United States,
ALTI,453795387.00,NASDAQ,"AlTi Global, Inc. - Class A Common Stock",United States,N
ALTO,292429716.00,NASDAQ,"Alto Ingredients, Inc. - Common Stock",United States,N
ALX,1245463739.00,NYSE,"Alexander's, Inc. Common Stock",United States,
ALXO,168697936.00,NASDAQ,ALX Oncology Holdings Inc. - Common Stock,United States,N
ALZN,6611241.00,NASDAQ,"Alzamend Neuro, Inc. - Common Stock",United States,D
AMAL,1440888084.00,NASDAQ,Amalgamated Financial Corp. - Common Stock,United States,N
AMBO,5236964.00,NYSE AMERICAN,Ambow Education Holding Ltd. American Depository Shares (each representing twenty (20) Class A Ordinary Shares),China,
AMBQ,1648901664.00,NYSE,"Ambiq Micro, Inc. Common Stock",United States,
AMBR,170638204.00,NASDAQ,Amber International Holding Limited - American Depositary Shares,Hong Kong,N
AMCI,69851333.00,NASDAQ,AMC Robotics Corporation - Common Stock,United States,N
AMCX,460349676.00,NASDAQ,AMC Global Media Inc. - Class A Common Stock,United States,N
AMIX,7408566.00,NASDAQ,"Autonomix Medical, Inc. - Common Stock",United States,N
AMOD,197561306.00,NASDAQ,"Alpha Modus Holdings, Inc. - Class A Common Stock",United States,N
AMPG,91633855.00,NASDAQ,"Amplitech Group, Inc. - Common Stock",United States,N
AMPH,1081739916.00,NASDAQ,"Amphastar Pharmaceuticals, Inc. - Common Stock",United States,N
AMPL,1813781278.00,NASDAQ,"Amplitude, Inc. - Class A Common Stock",United States,N
AMPX,1412599576.00,NYSE,"Amprius Technologies, Inc. Common Stock",United States,
AMPY,180750122.00,NYSE,Amplify Energy Corp. Common Stock,United States,
AMRC,1144638171.00,NYSE,"Ameresco, Inc. Class A Common Stock",United States,
AMRN,260867000.00,NASDAQ,Amarin Corporation plc - American Depositary Shares,Ireland,N
AMS,9376500.00,NYSE AMERICAN,American Shared Hospital Services Common Stock,United States,
AMSC,1453748711.00,NASDAQ,American Superconductor Corporation - Common Stock,United States,N
AMSF,437265608.00,NASDAQ,"AMERISAFE, Inc. - Common Stock",United States,N
AMSS,4875295.00,NASDAQ,AMASS Brands Inc. - Common Stock,United States,D
AMST,6156860.00,NASDAQ,Amesite Inc. - Common Stock,United States,N
AMTB,1158452202.00,NYSE,Amerant Bancorp Inc. Class A Common Stock,United States,
AMTD,71176221.00,NYSE,"AMTD IDEA Group American Depositary Shares, each representing six (6) Class A Ordinary Shares",,
AMTX,124131702.00,NASDAQ,"Aemetis, Inc - Common Stock",United States,N
AMWL,210738512.00,NYSE,American Well Corporation Class A Common Stock,United States,
ANAB,1436899583.00,NASDAQ,"AnaptysBio, Inc. - Common Stock",United States,N
ANGH,33773662.00,NASDAQ,Anghami Inc. - Ordinary Shares,United Arab Emirates,N
ANGI,245365319.00,NASDAQ,Angi Inc. - Class A Common Stock,United States,N
ANGO,624532398.00,NASDAQ,"AngioDynamics, Inc. - Common Stock",United States,N
ANGX,761965782.00,NYSE,"Angel Studios, Inc. Class A Common Stock",United States,
ANIK,255614651.00,NASDAQ,Anika Therapeutics Inc. - Common Stock,United States,N
ANIP,1657215844.00,NASDAQ,"ANI Pharmaceuticals, Inc. - Common Stock",United States,N
ANIX,102553216.00,NASDAQ,"Anixa Biosciences, Inc. - Common Stock",United States,N
ANL,971764884.00,NASDAQ,Adlai Nortye Group Ltd. - American Depositary Shares,Cayman Islands,N
ANNA,178714848.00,NASDAQ,"AleAnna, Inc. - Class A Common Stock",United States,N
ANNX,794336571.00,NASDAQ,"Annexon, Inc. - common stock",United States,N
ANPA,29750457.00,NASDAQ,Rich Sparkle Holdings Limited - Ordinary Shares,Hong Kong,N
ANRO,973204179.00,NYSE,"Alto Neuroscience, Inc. Common Stock",United States,
ANTA,87232000.00,NASDAQ,Antalpha Platform Holding Company - Class A Ordinary Shares,Singapore,N
ANTX,215473913.00,NASDAQ,"AN2 Therapeutics, Inc. - Common Stock",United States,N
ANVS,50361290.00,NYSE,"Annovis Bio, Inc. Common Stock",United States,
AOMR,169932900.00,NYSE,"Angel Oak Mortgage REIT, Inc. Common Stock",United States,
AORT,1087751291.00,NYSE,"Artivion, Inc. Common Stock",United States,
AOSL,916425347.00,NASDAQ,Alpha and Omega Semiconductor Limited - Common Shares,Bermuda,N
AOUT,206357029.00,NASDAQ,"American Outdoor Brands, Inc. - Common Stock",United States,N
AP,200388624.00,NYSE,Ampco-Pittsburgh Corporation Common Stock,United States,
APC,194838457.00,NASDAQ,ARKO Petroleum Corp. - Class A Common Stock,United States,N
APEI,800326475.00,NASDAQ,"American Public Education, Inc. - Common Stock",United States,N
API,341802000.00,NASDAQ,"Agora, Inc. - ADS",China,N
APLM,67379569.00,NASDAQ,Apollomics Inc. - Class A Ordinary Shares,United States,N
APMD,895478056.00,NASDAQ,"Apnimed, Inc. - Common Stock",United States,N
APOG,743224291.00,NASDAQ,"Apogee Enterprises, Inc. - Common Stock",United States,N
APPS,1359633120.00,NASDAQ,"Digital Turbine, Inc. - Common Stock",United States,N
APRE,8750840.00,NASDAQ,"Aprea Therapeutics, Inc. - Common Stock",United States,D
APT,51949650.00,NYSE AMERICAN,"Alpha Pro Tech, Ltd. Common Stock",Canada,
APUS,4967249.00,NYSE AMERICAN,"Apimeds Pharmaceuticals US, Inc. Common Stock",,
APVO,3171467.00,NASDAQ,Aptevo Therapeutics Inc. - Common Stock,United States,N
APWC,54426839.00,NASDAQ,"Asia Pacific Wire & Cable Corporation Limited  - Common shares, Par value .01 per share",Taiwan,N
APYX,107416259.00,NASDAQ,Apyx Medical Corporation - Common Stock,United States,N
AQB,4761678.00,NASDAQ,"AquaBounty Technologies, Inc. - Common Stock",United States,N
AQMS,8303027.00,NASDAQ,"Aqua Metals, Inc. - Common Stock",United States,N
AQST,571077998.00,NASDAQ,"Aquestive Therapeutics, Inc. - Common Stock",United States,N
ARAI,11179323.00,NASDAQ,Arrive AI Inc. - Common Stock,United States,D
ARAY,33562445.00,NASDAQ,Accuray Incorporated - Common Stock,United States,D
ARBB,8120178.00,NASDAQ,ARB IOT Group Limited - Ordinary Shares,Malaysia,N
ARBE,78498059.00,NASDAQ,Arbe Robotics Ltd. - Ordinary Shares,Israel,D
ARBK,30060077.00,NASDAQ,Argo Blockchain plc - American Depositary Shares,United Kingdom,N
ARCO,1497814335.00,NYSE,Arcos Dorados Holdings Inc. Class A Shares,Argentina,
ARCT,370352589.00,NASDAQ,Arcturus Therapeutics Holdings Inc. - Common Stock,Israel,N
ARDT,1458414678.00,NYSE,"Ardent Health, Inc. Common Stock",United States,
ARDX,832286490.00,NASDAQ,"Ardelyx, Inc. - Common Stock",United States,N
AREC,191478577.00,NASDAQ,American Resources Corporation - Class A Common Stock,United States,E
ARHS,1451537746.00,NASDAQ,"Arhaus, Inc. - Class A Common Stock",United States,N
ARKO,467814457.00,NASDAQ,ARKO Corp. - Common Stock,United States,N
ARKR,16227707.00,NASDAQ,Ark Restaurants Corp. - Common Stock,United States,N
ARL,259078770.00,NYSE,"American Realty Investors, Inc. Common Stock",United States,
ARLO,1375298025.00,NYSE,"Arlo Technologies, Inc. Common Stock",United States,
ARMP,130880566.00,NYSE AMERICAN,"Armata Pharmaceuticals, Inc. Common Stock",United States,
AROW,700011492.00,NASDAQ,Arrow Financial Corporation - Common Stock,United States,N
ARQ,84716857.00,NASDAQ,"Arq, Inc. - Common Stock",United States,N
ARQQ,428447359.00,NASDAQ,Arqit Quantum Inc. - Ordinary Shares,United Kingdom,N
ARRY,628351383.00,NASDAQ,"Array Technologies, Inc. - Common Stock",United States,N
ARTL,2015808.00,NASDAQ,"Artelo Biosciences, Inc. - Common Stock",United States,N
ARTNA,347197808.00,NASDAQ,Artesian Resources Corporation - Class A Non-Voting Common Stock,United States,N
ARTV,333919526.00,NASDAQ,"Artiva Biotherapeutics, Inc. - Common Stock",United States,N
ARTW,16254331.00,NASDAQ,"Art's-Way Manufacturing Co., Inc. - Common Stock",United States,N
ARVN,484511675.00,NASDAQ,"Arvinas, Inc. - Common Stock",United States,N
ASAN,1973722409.00,NYSE,"Asana, Inc. Class A Common Stock",United States,
ASBH,141001700.00,NYSE,"American Savings Bank, N.A. Common Stock",,
ASBP,12314450.00,NASDAQ,"Aspire-Lakewood Holdings, Inc. - Common Stock",United States,N
ASC,787490450.00,NYSE,Ardmore Shipping Corporation Common Stock,,
ASIC,1254247706.00,NYSE,Ategrity Specialty Insurance Company Holdings Common Stock,,
ASIX,437959237.00,NYSE,AdvanSix Inc. Common Stock ,United States,
ASLE,240542886.00,NASDAQ,AerSale Corporation - Common Stock,United States,N
ASM,942696754.00,NYSE AMERICAN,Avino Silver & Gold Mines Ltd. Common Shares (Canada),Canada,
ASMB,458927834.00,NASDAQ,"Assembly Biosciences, Inc. - Common Stock",United States,N
ASPI,446130296.00,NASDAQ,ASP Isotopes Inc. - Common Stock,United States,N
ASPN,472206181.00,NYSE,"Aspen Aerogels, Inc. Common Stock",United States,
ASPS,72746712.00,NASDAQ,Altisource Portfolio Solutions S.A. - Common Stock,Luxembourg,N
ASRV,78868695.00,NASDAQ,AmeriServ Financial Inc. - Common Stock,United States,N
ASTC,14183893.00,NASDAQ,Astrotech Corporation - Common Stock,United States,N
ASTE,967065414.00,NASDAQ,"Astec Industries, Inc. - Common Stock",United States,N
ASTH,1779804652.00,NASDAQ,Astrana Health Inc. - Common Stock,United States,N
ASTI,22675956.00,NASDAQ,"Ascent Solar Technologies, Inc - Common Stock",United States,N
ASTL,457386606.00,NASDAQ,Algoma Steel Group Inc. - Common Shares,Canada,N
ASUR,221793239.00,NASDAQ,Asure Software Inc - Common Stock,United States,N
ASYS,315320899.00,NASDAQ,"Amtech Systems, Inc. - Common Stock",United States,N
ATCH,28560868.00,NYSE AMERICAN,"AtlasClear Holdings, Inc. Common Stock",,
ATCX,14792508.00,NASDAQ,Atlas Critical Minerals Corporation - Common Stock,Brazil,N
ATEC,1549144292.00,NASDAQ,"Alphatec Holdings, Inc. - Common Stock",United States,N
ATER,170109968.00,NASDAQ,"Aterian, Inc. - Common Stock",United States,D
ATEX,1653693253.00,NASDAQ,Anterix Inc. - Common Stock,United States,N
ATGL,85605000.00,NASDAQ,Alpha Technology Group Limited - Class A Ordinary Shares,China,N
ATHE,62818870.00,NASDAQ,Alterity Therapeutics Limited - American Depositary Shares,Australia,N
ATHR,42221304.00,NASDAQ,"Aether Holdings, Inc. - Common Stock",United States,N
ATLC,1393974792.00,NASDAQ,Atlanticus Holdings Corporation - Common Stock,United States,N
ATLO,286619639.00,NASDAQ,Ames National Corporation - Common Stock,United States,N
ATLX,72540530.00,NASDAQ,Atlas Lithium Corporation - Common Stock,United States,N
ATNI,429907694.00,NASDAQ,"ATN International, Inc. - Common Stock",United States,N
ATNM,36786480.00,NYSE AMERICAN,"Actinium Pharmaceuticals, Inc. (Delaware) Common Stock",United States,
ATOM,183803238.00,NASDAQ,Atomera Incorporated - Common Stock,United States,N
ATOS,23351557.00,NASDAQ,"Atossa Therapeutics, Inc. - Common Stock",United States,N
ATPC,2062590.00,NASDAQ,Agape ATP Corporation - Common Stock,Malaysia,N
ATRA,95157491.00,NASDAQ,"Atara Biotherapeutics, Inc. - Common Stock",United States,N
ATS,1771356603.00,NYSE,ATS Corporation Common Shares,Canada,
ATTO,783832169.00,NASDAQ,"Attovia Therapeutics, Inc. - Common Stock",United States,N
ATTT,15803059.00,NASDAQ,Atlas Trinity Tech Limited - Ordinary Shares,Hong Kong,N
ATXG,6904590.00,NASDAQ,Addentax Group Corp. - Common Stock,China,N
ATYR,28170708.00,NASDAQ,"aTyr Pharma, Inc. - Common Stock",United States,D
AUBN,94002714.00,NASDAQ,"Auburn National Bancorporation, Inc. - Common Stock",United States,N
AUC,191853037.00,NASDAQ,ATIF Holdings Limited - Ordinary Shares,United States,N
AUDC,272712515.00,NASDAQ,AudioCodes Ltd. - Ordinary Shares,Israel,N
AUID,7338557.00,NASDAQ,authID Inc. - Common Stock,United States,D
AUNA,374505603.00,NYSE,Auna SA Class A Ordinary Shares,Peru,
AURA,631562287.00,NASDAQ,"Aura Biosciences, Inc. - Common Stock",United States,N
AURE,38728000.00,NASDAQ,Aurelion Inc.  - Class A Ordinary Shares,Hong Kong,N
AUST,13556071.00,NYSE AMERICAN,Austin Gold Corp. Common Shares,,
AUTL,473769321.00,NASDAQ,Autolus Therapeutics plc - American Depositary Shares,United Kingdom,N
AUUD,7021691.00,NASDAQ,Auddia Inc. - Common Stock,United States,D
AUXX,477592294.00,NYSE AMERICAN,Gold X2 Mining Inc. Common Shares,,
AVAT,80008413.00,NASDAQ,Avalanche Treasury Corporation - Class A Common Stock,United States,D
AVBC,444139605.00,NYSE,"Avidia Bancorp, Inc. Common Stock",United States,
AVBH,343343585.00,NASDAQ,"Avidbank Holdings, Inc. - Common Stock",United States,N
AVBP,1393929499.00,NASDAQ,"ArriVent BioPharma, Inc. - Common Stock",United States,N
AVD,51331100.00,NYSE,American Vanguard Corporation Common Stock ($0.10 Par Value),United States,
AVEX,1835614729.00,NYSE,AEVEX Corp. Class A Common Stock,United States,
AVIR,411450106.00,NASDAQ,"Atea Pharmaceuticals, Inc. - common stock",United States,N
AVLN,1247089962.00,NASDAQ,Avalyn Pharma Inc. - common stock,United States,N
AVNW,265916489.00,NASDAQ,"Aviat Networks, Inc. - Common Stock",United States,N
AVO,1123160355.00,NASDAQ,"Mission Produce, Inc. - Common Stock",United States,N
AVR,751404835.00,NASDAQ,Anteris Technologies Global Corp. - Common Stock,United States,N
AVTX,803913535.00,NASDAQ,"Avalo Therapeutics, Inc. - Common Stock",United States,N
AVX,43796075.00,NASDAQ,Avax One Technology Ltd. - Common Shares,Canada,N
AVXL,168708252.00,NASDAQ,Anavex Life Sciences Corp. - Common Stock,United States,N
AWRE,23993901.00,NASDAQ,"Aware, Inc. - Common Stock",United States,N
AWX,9670589.00,NYSE AMERICAN,Avalon Holdings Corporation Common Stock,United States,
AXG,23116251.00,NASDAQ,Solowin Holdings - Class A Ordinary Share,Hong Kong,N
AXIL,42095942.00,NYSE AMERICAN,"AXIL Brands, Inc. Common Stock",,
AXR,114697247.00,NYSE,AMREP Corporation Common Stock,United States,
AYTU,22494086.00,NASDAQ,"Aytu BioPharma, Inc.  - Common Stock",United States,N
AZ,272523831.00,NASDAQ,A2Z Cust2Mate Solutions Corp. - Common Shares,Canada,N
AZI,74975572.00,NASDAQ,Autozi Internet Technology (Global) Ltd. - Class A Ordinary Shares,China,N
AZIO,20305261.00,NASDAQ,"Azio AI Holdings, Inc. - Common stock",United States,D
AZTA,1697575229.00,NASDAQ,"Azenta, Inc. - Common Stock",United States,N
AZTR,7999694.00,NYSE AMERICAN,Azitra Inc Common Stock,,
AZUL,1354450371.00,NYSE,"Azul S.A. American Depositary Shares, each representing two (2) Common Shares",Brazil,
BAER,40001775.00,NASDAQ,"Bridger Aerospace Group Holdings, Inc. - Common Stock",United States,N
BAFN,209231444.00,NASDAQ,BayFirst Financial Corp. - Common Stock,United States,N
BAK,617836071.00,NYSE,Braskem SA ADR,Brazil,
BALY,711115565.00,NYSE,Bally's Corporation Common Stock,United States,
BANL,9718176.00,NASDAQ,CBL International Limited - Class B Ordinary Shares,Malaysia,N
BAOS,7828559.00,NASDAQ,Baosheng Media Group Holdings Limited - Ordinary shares,China,D
BARK,73351671.00,NYSE,"BARK, Inc. Class A Common Stock",United States,
BATL,59000620.00,NYSE AMERICAN,Battalion Oil Corporation Common Stock,United States,
BBAI,1270660406.00,NYSE,"BigBear.ai, Inc. Common Stock",United States,
BBCP,496375187.00,NASDAQ,"Concrete Pumping Holdings, Inc.  - Common Stock",United States,N
BBDC,903620409.00,NYSE,"Barings BDC, Inc. Common Stock",United States,
BBGI,22744481.00,NASDAQ,"Beasley Broadcast Group, Inc. - Class A Common Stock",United States,N
BBLG,1310229.00,NASDAQ,Bone Biologics Corp - Common Stock,United States,D
BBNX,998089722.00,NASDAQ,"Beta Bionics, Inc. - Common Stock",United States,N
BBOT,311877899.00,NASDAQ,"BridgeBio Oncology Therapeutics, Inc. - Common Stock",United States,N
BBSI,739415342.00,NASDAQ,"Barrett Business Services, Inc. - Common Stock",United States,N
BBW,314882203.00,NYSE,"Build-A-Bear Workshop, Inc. Common Stock",United States,
BCAL,700238783.00,NASDAQ,California BanCorp - Common Stock,United States,N
BCAX,1166628826.00,NASDAQ,Bicara Therapeutics Inc. - Common Stock,United States,N
BCBP,354890487.00,NASDAQ,"BCB Bancorp, Inc. (NJ) - Common Stock",United States,N
BCDA,15744333.00,NASDAQ,"BioCardia, Inc. - Common Stock",United States,N
BCG,17230732.00,NASDAQ,"Binah Capital Group, Inc. - Common Stock",United States,N
BCHT,39458949.00,NYSE AMERICAN,Birchtech Corp. Common Stock,,
BCML,340598449.00,NASDAQ,BayCom Corp - Common Stock,United States,N
BCSF,716797002.00,NYSE,"Bain Capital Specialty Finance, Inc. Common Stock",United States,
BCTX,35147139.00,NASDAQ,BriaCell Therapeutics Corp. - Common Shares,Canada,N
BCYC,236575904.00,NASDAQ,Bicycle Therapeutics plc - American Depositary Shares,United Kingdom,N
BDL,86445672.00,NYSE AMERICAN,"Flanigan's Enterprises, Inc. Common Stock",United States,
BDMD,31785675.00,NASDAQ,Baird Medical Investment Holdings Ltd - Ordinary Share,China,N
BDN,485323774.00,NYSE,Brandywine Realty Trust Common Stock,United States,
BDRX,2599809.00,NASDAQ,Biodexa Pharmaceuticals plc - American Depositary Shares,United Kingdom,N
BDSX,292476991.00,NASDAQ,"Biodesix, Inc. - Common Stock",United States,N
BDTX,108587582.00,NASDAQ,"Black Diamond Therapeutics, Inc. - Common Stock",United States,N
BEAT,24489350.00,NASDAQ,"Heartbeam, Inc. - Common Stock",United States,D
BEBE,129214800.00,NYSE,TGE Value Creative Solutions Corp Class A Ordinary Shares,,
BEEM,25575646.00,NASDAQ,Beam Global - Common Stock,United States,N
BEEP,106141000.00,NASDAQ,Mobile Infrastructure Corporation - Common Stock,United States,N
BENF,22101682.00,NASDAQ,Beneficient - Class A Common Stock,United States,N
BESS,16395394.00,NYSE AMERICAN,Bimergen Energy Corporation Common Stock,,
BETR,223993246.00,NASDAQ,Better Home & Finance Holding Company - Class A Common Stock,United Kingdom,N
BFC,1691663628.00,NASDAQ,Bank First Corporation - Common Stock,United States,N
BFRG,11449469.00,NASDAQ,"Bullfrog AI Holdings, Inc. - Common Stock",United States,D
BFRI,15075144.00,NASDAQ,Biofrontera Inc. - Common Stock,United States,N
BFS,745467766.00,NYSE,"Saul Centers, Inc. Common Stock",United States,
BFST,1005791385.00,NASDAQ,"Business First Bancshares, Inc. - Common Stock",United States,N
BGDE,31277734.00,NASDAQ,"Big Digital Energy, Inc. - Common Stock",Australia,N
BGIN,262475383.00,NASDAQ,Bgin Blockchain Limited - Class A Ordinary Shares,China,N
BGL,7767344.00,NASDAQ,Blue Gold Limited - Class A ordinary shares,United Kingdom,D
BGLC,3725471.00,NASDAQ,BioNexus Gene Lab Corp - Common stock,Malaysia,N
BGM,124727406.00,NASDAQ,BGM Group Ltd. - Class A Ordinary Shares,China,D
BGMS,5828059.00,NASDAQ,"Bio Green Med Solution, Inc. - Common Stock",United States,N
BGS,218631555.00,NYSE,"B&G Foods, Inc. Common Stock",United States,
BGSF,52544444.00,NYSE,"BGSF, Inc. Common Stock",United States,
BH,846305828.00,NYSE,Biglari Holdings Inc. Class B Common Stock,United States,
BHB,661421856.00,NYSE AMERICAN,"Bar Harbor Bankshares, Inc. Common Stock",United States,
BHM,32905304.00,NYSE AMERICAN,"Bluerock Homes Trust, Inc. Class A Common Stock",,
BHR,114007668.00,NYSE,Braemar Hotels & Resorts Inc. Common Stock,United States,
BHRB,1410266125.00,NASDAQ,Burke & Herbert Financial Services Corp. - Common Stock,United States,N
BHST,33321728.00,NASDAQ,BioHarvest Sciences Inc. - Common Stock,Canada,N
BHVN,1943933461.00,NYSE,Biohaven Ltd. Common Shares ,United States,
BIAF,7063914.00,NASDAQ,"bioAffinity Technologies, Inc. - Common Stock",United States,N
BIOA,303378568.00,NASDAQ,"BioAge Labs, Inc. - Common Stock",United States,N
BIOT,9690047.00,NASDAQ,Instinct Bio Technical Company Holdings Inc. - Common stock,Japan,D
BIOX,21812272.00,NASDAQ,Bioceres Crop Solutions Corp. - Ordinary Shares,Argentina,D
BIRD,39737934.00,NASDAQ,"Smartbird, Inc. - Class A Common Stock",United States,N
BIVI,12676757.00,NASDAQ,BioVie Inc. - Common stock,United States,N
BIYA,10209203.00,NASDAQ,Baiya International Group Inc.  - Ordinary Shares,China,N
BJDX,3737971.00,NASDAQ,"Bluejay Diagnostics, Inc. - Common Stock",United States,N
BJRI,1317484266.00,NASDAQ,"BJ's Restaurants, Inc. - Common Stock",United States,N
BKKT,349288300.00,NYSE,"Bakkt, Inc. Class A Common Stock",United States,
BKSY,897072624.00,NYSE,BlackSky Technology Inc. Class A Common Stock,United States,
BKTI,286360482.00,NYSE AMERICAN,BK Technologies Corporation Common Stock,United States,
BKYI,3045049.00,NASDAQ,"BIO-key International, Inc. - Common Stock",United States,N
BL,1593213651.00,NASDAQ,"BlackLine, Inc. - Common Stock",United States,N
BLBD,1772049471.00,NASDAQ,Blue Bird Corporation - Common Stock,United States,N
BLDP,719735947.00,NASDAQ,"Ballard Power Systems, Inc. - Common Shares",Canada,N
BLFS,1824220059.00,NASDAQ,"BioLife Solutions, Inc. - Common Stock",United States,N
BLIN,10208422.00,NASDAQ,"Bridgeline Digital, Inc. - Common Stock",United States,N
BLIV,24989045.00,NASDAQ,BeLive Holdings - ordinary shares,Singapore,N
BLKB,1895490451.00,NASDAQ,"Blackbaud, Inc. - Common Stock",United States,N
BLMN,726065376.00,NASDAQ,"Bloomin' Brands, Inc. - Common Stock",United States,N
BLND,243608719.00,NYSE,"Blend Labs, Inc. Class A Common Stock",United States,
BLNE,28430163.00,NASDAQ,"Beeline Holdings, Inc. - Common Stock",United States,N
BLNK,81267138.00,NASDAQ,Blink Charging Co. - Common Stock,United States,D
BLRX,11798372.00,NASDAQ,BioLineRx Ltd. - American Depositary Shares,Israel,N
BLSM,625844858.00,NASDAQ,"BlossomHill Therapeutics, Inc. - Common Stock",United States,N
BLUW,75203100.00,NASDAQ,Blue Water Acquisition Corp. III - Class A Ordinary Shares,United States,N
BLZE,888884000.00,NASDAQ,"Backblaze, Inc. - Common Stock",United States,N
BMBL,335199518.00,NASDAQ,Bumble Inc. - common stock,United States,N
BMEA,92054492.00,NASDAQ,"Biomea Fusion, Inc. - Common Stock",United States,N
BMGL,5189324.00,NASDAQ,Basel Medical Group Ltd - ordinary shares,Singapore,N
BMHL,114789621.00,NASDAQ,Bluemount Holdings Limited - Class B Ordinary Shares,Hong Kong,N
BMM,516974595.00,NASDAQ,Blue Moon Metals Inc. - Common Shares,Canada,N
BMR,19567616.00,NASDAQ,Beamr Imaging Ltd. - Ordinary Share,Israel,N
BMRA,9850989.00,NASDAQ,"Biomerica, Inc. - Common Stock",United States,N
BMRC,448742612.00,NASDAQ,Bank of Marin Bancorp - Common Stock,United States,N
BNAI,45169168.00,NASDAQ,Brand Engagement Network Inc. - Common Stock,United States,N
BNC,240867023.00,NASDAQ,BNB Standard Corporation - Common Stock,United States,N
BNED,405926916.00,NYSE,"Barnes & Noble Education, Inc Common Stock",United States,
BNGO,17429960.00,NASDAQ,"Bionano Genomics, Inc. - Common Stock",United States,N
BNKK,14001645.00,NASDAQ,"Bonk, Inc. - Common Stock",United States,N
BNR,171378074.00,NASDAQ,Burning Rock Biotech Limited - American Depositary Shares,China,N
BNTC,313246879.00,NASDAQ,Benitec Biopharma Inc. - Common Stock,United States,N
BOBS,1854449608.00,NYSE,"Bob's Discount Furniture, Inc. Common Stock",United States,
BOC,397971937.00,NYSE,Boston Omaha Corporation Class A Common Stock,United States,
BODI,35724031.00,NASDAQ,"The Beachbody Company, Inc. - Class A Common Stock",United States,N
BOF,63250256.00,NASDAQ,BranchOut Food Inc. - Common Stock,United States,N
BOLD,59599721.00,NASDAQ,"Boundless Bio, Inc. - Common Stock",United States,N
BOLT,6645890.00,NASDAQ,"Bolt Biotherapeutics, Inc. - Common Stock",United States,N
BON,9266843.00,NASDAQ,Bon Natural Life Limited - Class A Ordinary Shares,China,N
BOOM,119137504.00,NASDAQ,DMC Global Inc. - Common Stock,United States,N
BORR,1203111203.00,NYSE,Borr Drilling Limited Common Shares,Bermuda,
BOSC,32640620.00,NASDAQ,B.O.S. Better Online Solutions - Ordinary Shares,Israel,N
BOTJ,124033127.00,NASDAQ,"Bank of the James Financial Group, Inc. - Common Stock",United States,N
BOW,1112485279.00,NYSE,Bowhead Specialty Holdings Inc. Common Stock,United States,
BOXL,4003139.00,NASDAQ,Boxlight Corporation - Class A Common Stock,United States,N
BPRN,297873148.00,NASDAQ,"Princeton Bancorp, Inc. - Common Stock",United States,N
BQ,6317087.00,NYSE AMERICAN,Boqii Holding Limited Class A Ordinary Shares,,
BRAG,37276085.00,NASDAQ,Bragg Gaming Group Inc. - Common Shares,Canada,N
BRAI,954188496.00,NASDAQ,Braiin Limited - Common Stock,Australia,N
BRBI,563384367.00,NASDAQ,BRBI BR Partners S.A. - ADSs,Brazil,N
BRBR,863946981.00,NYSE,"BellRing Brands, Inc. Common Stock ",United States,
BRBS,352477192.00,NYSE AMERICAN,"Blue Ridge Bankshares, Inc. Common Stock",United States,
BRCB,348505846.00,NASDAQ,"Black Rock Coffee Bar, Inc. - Class A Common Stock",United States,N
BRCC,226510151.00,NYSE,BRC Inc. Class A Common Stock,United States,
BRFH,13927179.00,NASDAQ,Barfresh Food Group Inc. - Common Stock,United States,D
BRIA,42871938.00,NYSE AMERICAN,BrilliA Inc Class A Ordinary Shares,,
BRID,50739491.00,NASDAQ,Bridgford Foods Corporation - Common Stock,United States,N
BRLS,25970600.00,NASDAQ,Borealis Foods Inc. - Class A Common Shares,Canada,H
BRLT,141533685.00,NASDAQ,"Brilliant Earth Group, Inc. - Class A Common Stock",United States,N
BRN,14170162.00,NYSE AMERICAN,"Barnwell Industries, Inc. Common Stock",United States,
BRNX,3543489.00,NASDAQ,BrenX Ltd. - Ordinary Shares,Israel,N
BRSL,1817325000.00,NYSE,"Brightstar Lottery PLC Trading under the Legal Name to begin at the market open on July 21, 2025. Ordinary Shares",United States,
BRSP,482057126.00,NYSE,"BrightSpire Capital, Inc. Class A Common Stock",United States,
BRT,249950584.00,NYSE,BRT Apartments Corp. (MD) Common Stock,United States,
BRTX,2955614.00,NASDAQ,"BioRestorative Therapies, Inc. - Common Stock",United States,E
BRUN,1312337651.00,NASDAQ,Boost Run Inc. - Class A Common Stock,United States,N
BRVE,1915128871.00,NASDAQ,"Braveheart Bio, Inc. - Common Stock",United States,N
BSBK,116000335.00,NASDAQ,Bogota Financial Corp. - Common Stock,United States,N
BSEM,50736414.00,NASDAQ,"BioStem Technologies, Inc. - Common Stock",United States,N
BSET,179256200.00,NASDAQ,"Bassett Furniture Industries, Incorporated - Common Stock",United States,N
BSIN,74540668.00,NASDAQ,Big Sky Industrial Inc. - Common Stock,United States,N
BSRR,515424665.00,NASDAQ,Sierra Bancorp - Common Stock,United States,N
BSVN,528494491.00,NASDAQ,Bank7 Corp. - Common stock,United States,N
BTBD,11565434.00,NASDAQ,"BT Brands, Inc. - Common Stock",United States,N
BTBT,587832610.00,NASDAQ,"Bit Digital, Inc. - Ordinary Share",United States,N
BTCS,75034876.00,NASDAQ,BTCS Inc. - Common Stock,United States,N
BTCT,13570652.00,NASDAQ,BTC Digital Ltd. - Ordinary Shares,China,N
BTGO,867486690.00,NYSE,"BitGo Holdings, Inc. Class A Common Stock",United States,
BTLN,14104225.00,NASDAQ,"Brightline Interactive, Inc. - Common Stock",United States,D
BTMD,41316588.00,NASDAQ,Biote Corp. - Class A common stock,United States,N
BTOC,10333756.00,NASDAQ,Armlogi Holding Corp. - common stock,United States,D
BTQ,466245746.00,NASDAQ,BTQ Technologies Corp. - Common Stock,Canada,N
BTTC,8901417.00,NASDAQ,Black Titan Corp - Ordinary Shares,Malaysia,D
BUDA,96888995.00,NYSE AMERICAN,"Buda Juice, Inc. Common Stock",,
BUR,798662307.00,NYSE,Burford Capital Limited Ordinary Shares,,
BURU,9632839.00,NYSE AMERICAN,"Nuburu, Inc. Common Stock",United States,
BUUU,738822000.00,NASDAQ,BUUU Group Limited - Class A Ordinary Share,Hong Kong,N
BV,951928000.00,NYSE,"BrightView Holdings, Inc. Common Stock",United States,
BVC,1928640000.00,NASDAQ,BitVentures Limited - Ordinary Share,China,N
BVFL,179830923.00,NASDAQ,"BV Financial, Inc. - Common Stock",United States,N
BVS,1104126384.00,NASDAQ,Bioventus Inc. - Class A Common Stock,United States,N
BW,849100876.00,NYSE,"Babcock & Wilcox Enterprises, Inc. Common Stock",United States,
BWAY,501617613.00,NASDAQ,BrainsWay Ltd. - American Depositary Shares,Israel,N
BWB,577473974.00,NASDAQ,"Bridgewater Bancshares, Inc. - Common Stock",United States,N
BWEN,100543835.00,NASDAQ,"Broadwind, Inc. - Common Stock",United States,N
BWFG,531331934.00,NASDAQ,"Bankwell Financial Group, Inc. - Common Stock",United States,N
BWMN,738492811.00,NASDAQ,Bowman Consulting Group Ltd. - Common Stock,United States,N
BWMX,651503375.00,NYSE,"Betterware de Mexico, S.A.P.I. de C.V. Ordinary Shares",Mexico,
BXBL,111748801.00,NASDAQ,"BOXABL, Inc.  - Common stock",United States,N
BXC,578826380.00,NYSE,Bluelinx Holdings Inc. Common Stock,United States,
BXDC,1738223859.00,NYSE,Blackstone Digital Infrastructure Trust Inc. Common Stock,,
BXMT,1837125142.00,NYSE,"Blackstone Mortgage Trust, Inc. Common Stock",United States,
BY,1705335491.00,NYSE,"Byline Bancorp, Inc. Common Stock",United States,
BYAH,8049988.00,NASDAQ,"Park Ha Biological Technology Co., Ltd. - Class A Ordinary Shares",China,N
BYFC,105960984.00,NASDAQ,Broadway Financial Corporation - Class A Common Stock,United States,N
BYND,141850220.00,NASDAQ,"Beyond Meat, Inc. - Common stock",United States,N
BYRN,81448544.00,NASDAQ,"Byrna Technologies, Inc. - Common Stock",United States,N
BYSI,32373634.00,NASDAQ,"BeyondSpring, Inc. - Ordinary Shares",United States,D
BZAI,69519379.00,NASDAQ,"Blaize Holdings, Inc. - Common Stock",United States,N
BZFD,99161554.00,NASDAQ,"BuzzFeed, Inc. - Class A Common Stock",United States,N
BZH,891099408.00,NYSE,"Beazer Homes USA, Inc. Common Stock",United States,
BZUN,183395067.00,NASDAQ,Baozun Inc. - American Depositary Shares,China,N
CAAS,139388643.00,NASDAQ,"China Automotive Systems, Inc. - Ordinary Share",China,N
CABA,339090890.00,NASDAQ,"Cabaletta Bio, Inc. - Common Stock",United States,N
CABO,69278624.00,NYSE,"Cable One, Inc. Common Stock",United States,
CABR,12027142.00,NASDAQ,"Caring Brands, Inc. - Common Stock",United States,D
CAC,966342232.00,NASDAQ,Camden National Corporation - Common Stock,United States,N
CADL,778958992.00,NASDAQ,"Candel Therapeutics, Inc. - Common Stock",United States,N
CAL,421650819.00,NYSE,"Caleres, Inc. Common Stock",United States,
CALC,10925267.00,NASDAQ,"CalciMedica, Inc. - Common Stock",United States,N
CAMP,251012800.00,NASDAQ,CAMP4 Therapeutics Corporation - Common Stock,United States,N
CAN,249121478.00,NASDAQ,Canaan Inc. - American Depositary Shares,China,D
CANF,6614836.00,NYSE AMERICAN,"Can-Fite Biopharma Ltd American Depositary Shares, each representing two (2) Ordinary Shares",Israel,
CANG,109528652.00,NYSE,Cango Inc. Class A Ordinary Shares,China,
CAPL,831413494.00,NYSE,CrossAmerica Partners LP Common Units representing limited partner interests,United States,
CAPR,520343952.00,NASDAQ,"Capricor Therapeutics, Inc. - Common Stock",United States,N
CAPS,3836251.00,NASDAQ,Capstone Holding Corp. - Common Stock,United States,D
CARE,681540878.00,NASDAQ,"Carter Bankshares, Inc. - Common Stock",United States,N
CARL,389610143.00,NASDAQ,"Carlsmed, Inc. - Common Stock",United States,N
CARS,536933121.00,NYSE,Cars.com Inc. Common Stock ,United States,
CASH,1536397854.00,NASDAQ,"Pathward Financial, Inc. - Common Stock",United States,N
CASS,692300415.00,NASDAQ,"Cass Information Systems, Inc - Common Stock",United States,N
CAST,59929149.00,NASDAQ,"FreeCast, Inc. - Class A common stock",United States,N
CATO,47788678.00,NYSE,Cato Corporation (The) Class A Common Stock,United States,
CATX,315058590.00,NYSE AMERICAN,"Perspective Therapeutics, Inc. Common Stock",United States,
CBAN,433968734.00,NYSE,"Colony Bankcorp, Inc. Common Stock",United States,
CBAT,123217712.00,NASDAQ,CBAK Energy Technology Limited - Ordinary Shares,China,D
CBFV,187256370.00,NASDAQ,"CB Financial Services, Inc. - Common Stock",United States,N
CBIO,531901221.00,NASDAQ,"Crescent Biopharma, Inc. - Common Stock",United States,N
CBK,436796488.00,NASDAQ,"Commercial Bancgroup, Inc. - Common Stock",United States,N
CBL,1692568808.00,NYSE,"CBL & Associates Properties, Inc. Common Stock",United States,
CBLL,909177213.00,NASDAQ,"CeriBell, Inc. - Common Stock",United States,N
CBNA,310177090.00,NYSE,"Chain Bridge Bancorp, Inc. Class A Common Stock",United States,
CBNK,658948945.00,NASDAQ,"Capital Bancorp, Inc. - Common Stock",United States,N
CBRL,1246371497.00,NASDAQ,"Cracker Barrel Old Country Store, Inc. - Common Stock",United States,N
CBUS,130693528.00,NASDAQ,"Cibus, Inc. - Class A Common Stock",United States,N
CCAP,332350487.00,NASDAQ,"Crescent Capital BDC, Inc. - Common Stock",United States,N
CCB,614051756.00,NASDAQ,Coastal Financial Corporation - Common Stock,United States,N
CCBG,849846329.00,NASDAQ,Capital City Bank Group - Common Stock,United States,N
CCCC,362924151.00,NASDAQ,"C4 Therapeutics, Inc. - Common Stock",United States,N
CCEC,1265482440.00,NASDAQ,Capital Clean Energy Carriers Corp. - Common Share,Greece,N
CCEL,32169974.00,NYSE AMERICAN,"Cryo-Cell International, Inc. Common Stock",United States,
CCG,13404029.00,NASDAQ,Cheche Group Inc. - Class A Ordinary Shares,China,N
CCHH,20212042.00,NASDAQ,CCH Holdings Ltd - Class A Ordinary Shares,Malaysia,N
CCLD,85837595.00,NASDAQ,"CareCloud, Inc. - Common Stock",United States,N
CCM,13763262.00,NYSE,Concord Medical Services Holdings Limited American Depositary Shares (Each represents thirty (30) Class A ordinary shares),China,
CCNE,1010072179.00,NASDAQ,CNB Financial Corporation - Common Stock,United States,N
CCO,1216734290.00,NYSE,"Clear Channel Outdoor Holdings, Inc. Common Stock",United States,
CCOI,433285127.00,NASDAQ,"Cogent Communications Holdings, Inc. - Common Stock",United States,N
CCS,1702277723.00,NYSE,"Century Communities, Inc. Common Stock",United States,
CCSI,647969242.00,NASDAQ,"Consensus Cloud Solutions, Inc. - Common Stock",United States,N
CCTG,6159972.00,NASDAQ,CCSC Technology International Holdings Limited - Class A Ordinary Shares,Hong Kong,D
CCU,1956517707.00,NYSE,"Compania Cervecerias Unidas, S.A. Common Stock",Chile,
CD,741425612.00,NASDAQ,Chaince Digital Holdings Inc. - American Ordinary Shares,China,N
CDIO,5800559.00,NASDAQ,Cardio Diagnostics Holdings Inc. - Common stock,United States,N
CDLX,14898451.00,NASDAQ,"Cardlytics, Inc. - Common Stock",United States,N
CDNL,1489785944.00,NASDAQ,Cardinal Infrastructure Group Inc. - Class A Common Stock,United States,N
CDRE,1070518350.00,NYSE,"Cadre Holdings, Inc. Common Stock",United States,
CDRO,431964193.00,NASDAQ,"Codere Online Luxembourg, S.A. - Ordinary Shares",Luxembourg,N
CDT,1113270.00,NASDAQ,CDT Equity Inc. - Common Stock,United States,N
CDTG,3232470.00,NASDAQ,CDT Environmental Technology Investment Holdings Limited - ordinary shares,China,N
CDXS,148927840.00,NASDAQ,"Codexis, Inc. - Common Stock",United States,N
CDZI,324313197.00,NASDAQ,"Cadiz, Inc. - Common Stock",United States,N
CELU,51919627.00,NASDAQ,Celularity Inc. - Class A Common Stock,United States,E
CELZ,7185596.00,NASDAQ,"Creative Medical Technology Holdings, Inc. - Common Stock",United States,N
CENN,66432562.00,NASDAQ,Cenntro Inc. - Common Stock,New Zealand,N
CEPL,146589093.00,NASDAQ,"Capstone Energy Plus, Inc. - Common Stock",United States,N
CEPU,1768083617.00,NYSE,Central Puerto S.A. American Depositary Shares (each represents ten Common Shares),,
CERS,459476767.00,NASDAQ,Cerus Corporation - Common Stock,United States,N
CERT,1427762981.00,NASDAQ,"Certara, Inc. - Common Stock",United States,N
CETX,3686684.00,NASDAQ,Cemtrex Inc. - Common Stock,United States,N
CETY,11861953.00,NASDAQ,"Clean Energy Technologies, Inc. - Common Stock",United States,N
CEVA,1044516071.00,NASDAQ,"CEVA, Inc. - Common Stock",United States,N
CFBK,220821923.00,NASDAQ,CF Bankshares Inc. - Common Stock,United States,N
CFFI,319641225.00,NASDAQ,C&F Financial Corporation - Common Stock,United States,N
CFFN,1078491268.00,NASDAQ,"Capitol Federal Financial, Inc. - Common Stock",United States,N
CGC,370327181.00,NASDAQ,Canopy Growth Corporation - Common Shares,Canada,N
CGEM,998141304.00,NASDAQ,"Cullinan Therapeutics, Inc. - Common Stock",United States,N
CGEN,218490509.00,NASDAQ,Compugen Ltd. - Ordinary Shares,Israel,N
CGNT,645889330.00,NASDAQ,Cognyte Software Ltd. - Ordinary Shares,Israel,N
CGTL,6464399.00,NASDAQ,Creative Global Technology Holdings Limited - Class A Ordinary Shares,China,N
CGTX,87971224.00,NASDAQ,"Cognition Therapeutics, Inc. - Common Stock",United States,N
CHAI,7377224.00,NASDAQ,"Core AI Holdings, Inc. - Common Shares",Canada,D
CHCI,192992239.00,NASDAQ,"Comstock Holding Companies, Inc. - Class A Common Stock",United States,N
CHCT,390265328.00,NYSE,Community Healthcare Trust Incorporated Common Stock,United States,
CHGA,2811742.00,NASDAQ,Change Agents Corporation  - Common Stock,United States,N
CHGG,81938282.00,NYSE,"Chegg, Inc. Common Stock",United States,
CHMG,395023201.00,NASDAQ,Chemung Financial Corp  - Common Stock,United States,N
CHMI,97541120.00,NYSE,Cherry Hill Mortgage Investment Corporation Common Stock,,
CHNR,4760233.00,NASDAQ,"China Natural Resources, Inc. - Common Shares",Hong Kong,N
CHOW,19874400.00,NYSE AMERICAN,ChowChow Cloud International Holdings Limited Ordinary Shares,,
CHPT,249439510.00,NYSE,"ChargePoint Holdings, Inc. Common Stock",United States,
CHR,3869997.00,NASDAQ,"Cheer Holding, Inc.  - Class A Ordinary Share",China,N
CHRS,179221121.00,NASDAQ,"Coherus Oncology, Inc. - Common Stock",United States,N
CHSN,4006570.00,NASDAQ,Chanson International Holding - Class A Ordinary Shares,China,N
CHWM,57561307.00,NASDAQ,Chilwa Minerals Limited - American Depository Shares,Australia,N
CIA,179276602.00,NYSE,"Citizens, Inc. Class A Common Stock ($1.00 Par)",United States,
CIGL,92453804.00,NASDAQ,Concorde International Group Ltd - Class A Ordinary Shares,Singapore,D
CIIT,2399130.00,NASDAQ,"Tianci International, Inc. - Common Stock",Hong Kong,N
CIM,775171435.00,NYSE,Chimera Investment Corporation Common Stock,United States,
CING,69219092.00,NASDAQ,Cingulate Inc. - Common Stock,United States,N
CINT,413736107.00,NYSE,CI&T Inc Class A Common Shares,,
CION,344418928.00,NYSE,CION Investment Corporation Common Stock,United States,
CIRC,58404734.00,NASDAQ,"Circle8 Group, Inc. - Common Stock",United States,D
CISO,9464784.00,NASDAQ,"CISO Global, Inc. - Common Stock",United States,D
CISS,1236503.00,NASDAQ,C3is Inc. - Common Stock,Greece,N
CITR,67018631.00,NYSE AMERICAN,CitroTech Inc. Common Stock,,
CIVB,561028541.00,NASDAQ,"Civista Bancshares, Inc.  - Common Stock",United States,N
CIX,461390972.00,NYSE AMERICAN,CompX International Inc. Common Stock,United States,
CJMB,14035778.00,NASDAQ,Callan JMB Inc. - Common Stock,United States,D
CKX,21824761.00,NYSE AMERICAN,"CKX Lands, Inc. Common Stock",United States,
CLAR,132094135.00,NASDAQ,Clarus Corporation - Common Stock,United States,N
CLB,455174657.00,NYSE,Core Laboratories Inc. Common Stock,Netherlands,
CLDI,3980717.00,NYSE AMERICAN,"Calidi Biotherapeutics, Inc. Common Stock",,
CLDT,637017600.00,NYSE,Chatham Lodging Trust (REIT) Common Shares of Beneficial Interest,United States,
CLFD,454790813.00,NASDAQ,"Clearfield, Inc. - Common Stock",United States,N
CLGN,6542241.00,NASDAQ,CollPlant Biotechnologies Ltd. - Ordinary Shares,Israel,N
CLIK,9076815.00,NASDAQ,Click Holdings Limited - Ordinary Share,Hong Kong,N
CLIR,23894167.00,NASDAQ,ClearSign Technologies Corporation - Common Stock,United States,N
CLLS,143754005.00,NASDAQ,Cellectis S.A. - American Depositary Shares,France,N
CLMB,612068959.00,NASDAQ,"Climb Global Solutions, Inc. - Common Stock",United States,N
CLNE,343894223.00,NASDAQ,Clean Energy Fuels Corp. - Common Stock,United States,N
CLNN,57993042.00,NASDAQ,Clene Inc. - Common Stock,United States,N
CLPR,50734757.00,NYSE,Clipper Realty Inc. Common Stock,United States,
CLPS,30635756.00,NASDAQ,CLPS Incorporation - Common Stock,China,N
CLPT,332343553.00,NASDAQ,ClearPoint Neuro Inc. - Common Stock,United States,N
CLRB,16824752.00,NASDAQ,"Cellectar Biosciences, Inc. - Common Stock",United States,N
CLRO,10915681.00,NASDAQ,"ClearOne, Inc. - Common Stock",United States,D
CLST,65750793.00,NASDAQ,"Catalyst Bancorp, Inc. - common stock",United States,N
CLVT,946702724.00,NYSE,Clarivate Plc Ordinary Shares,United Kingdom,
CLW,319491005.00,NYSE,Clearwater Paper Corporation Common Stock,United States,
CLWT,9931362.00,NASDAQ,Euro Tech Holdings Company Limited - Ordinary Shares,Hong Kong,N
CLYM,628352630.00,NASDAQ,"Climb Bio, Inc. - Common Stock",United States,N
CMCL,464235247.00,NYSE AMERICAN,Caledonia Mining Corporation Plc Common Shares,Canada,
CMCM,84174763.00,NYSE,"Cheetah Mobile Inc. American Depositary Shares, each representing fifty (50) Class A Ordinary Shares",China,
CMCO,483043123.00,NASDAQ,Columbus McKinnon Corporation - Common Stock,United States,N
CMCT,12225341.00,NASDAQ,Creative Media  - Common Stock,United States,N
CMDB,540917159.00,NYSE,Costamare Bulkers Holdings Limited Common Stock,,
CMMB,10361219.00,NASDAQ,Chemomab Therapeutics Ltd.  - American Depositary Shares,Israel,N
CMND,2902347.00,NASDAQ,Clearmind Medicine Inc. - Common Shares,Canada,N
CMP,931975403.00,NYSE,Compass Minerals Intl Inc Common Stock,United States,
CMPR,1827184679.00,NASDAQ,Cimpress plc - Ordinary Shares,Netherlands,N
CMPS,1647874182.00,NASDAQ,COMPASS Pathways Plc - American Depository Shares,United Kingdom,N
CMPX,154281317.00,NASDAQ,"Compass Therapeutics, Inc. - Common Stock",United States,N
CMRC,269291721.00,NASDAQ,"Commerce.com, Inc. - Series 1 Common Stock",United States,N
CMRE,1861890439.00,NYSE,Costamare Inc. Common Stock $0.0001 par value,Greece,
CMT,203704763.00,NYSE AMERICAN,Core Molding Technologies Inc Common Stock,United States,
CMTG,173533573.00,NYSE,"Claros Mortgage Trust, Inc. Common Stock",United States,
CMTL,39549089.00,NASDAQ,Comtech Telecommunications Corp. - Common Stock,United States,N
CMTV,234117704.00,NASDAQ,Community Bancorp.  - Common stock,United States,N
CNCK,272353122.00,NASDAQ,Coincheck Group N.V. - Ordinary Shares,Netherlands,N
CNDT,256609320.00,NASDAQ,Conduent Incorporated - Common Stock,United States,N
CNET,5869486.00,NASDAQ,ZW Data Action Technologies Inc. - Common Stock,China,N
CNEY,4434708.00,NASDAQ,CN Energy Group Inc. - Class A Ordinary Shares,China,D
CNF,34349918.00,NYSE,"CNFinance Holdings Limited American Depositary Shares, each representing two hundred (200) Ordinary Shares",,
CNL,1124969036.00,NASDAQ,Collective Mining Ltd. - Common Stock,United States,N
CNMD,1387341807.00,NYSE,CONMED Corporation Common Stock,United States,
CNNE,674035488.00,NYSE,"Cannae Holdings, Inc. Common Stock",United States,
CNOB,1671211796.00,NASDAQ,"ConnectOne Bancorp, Inc. - Common Stock",United States,N
CNSP,7781924.00,NASDAQ,"CNS Pharmaceuticals, Inc. - Common Stock",United States,N
CNSY,12143400.00,NASDAQ,"Cerenome, Inc. - Common Stock",United States,N
CNTB,58377184.00,NASDAQ,Connect Biopharma Holdings Limited - Ordinary Shares,China,N
CNTN,179283062.00,NASDAQ,"Canton Strategic Holdings, Inc. - Common Stock",United States,N
CNTX,28454981.00,NASDAQ,Context Therapeutics Inc. - Common Stock,United States,D
CNTY,29263200.00,NASDAQ,"Century Casinos, Inc. - Common Stock",United States,N
CNVS,45284492.00,NASDAQ,Cineverse Corp. - Class A Common Stock,United States,N
CNXC,1519967099.00,NASDAQ,Concentrix Corporation - Common Stock,United States,N
CNXU,87440764.00,NASDAQ,Conexeu Sciences Inc. - Common Stock,United States,N
COAG,1453213960.00,NASDAQ,"Hemab Therapeutics Holdings, Inc. - Common Stock",United States,N
COCH,52337935.00,NASDAQ,"Envoy Medical, Inc. - Class A Common Stock",United States,D
COCP,22056364.00,NASDAQ,"Cocrystal Pharma, Inc. - Common Stock",United States,N
CODA,125693745.00,NASDAQ,"Coda Octopus Group, Inc. - Common stock",United States,N
CODX,7571122.00,NASDAQ,"Co-Diagnostics, Inc. - Common Stock",United States,N
COE,63557393.00,NYSE AMERICAN,"51Talk Online Education Group American depositary shares, each representing 60 Class A ordinary shares",China,
COFS,495177267.00,NASDAQ,"ChoiceOne Financial Services, Inc. - Common Stock",United States,N
COLL,716874598.00,NASDAQ,"Collegium Pharmaceutical, Inc. - Common Stock",United States,N
COOK,148585694.00,NYSE,"Traeger, Inc. Common Stock",United States,
COOT,13768414.00,NASDAQ,Australian Oilseeds Holdings Limited - Ordinary Shares,Australia,D
COPR,60091533.00,NYSE AMERICAN,Idaho Copper Corporation Common Stock,,
COSM,38240834.00,NASDAQ,Cosmos Health Inc. - Common Stock,United States,D
COSO,322530953.00,NYSE,"CoastalSouth Bancshares, Inc. Common Stock",United States,
COUR,1327288000.00,NYSE,"Coursera, Inc. Common Stock",United States,
COYA,112832254.00,NASDAQ,"Coya Therapeutics, Inc. - Common Stock",United States,N
CPAC,1044411861.00,NYSE,Cementos Pacasmayo S.A.A. American Depositary Shares (Each representing five Common Shares),Peru,
CPBI,83757638.00,NASDAQ,"Central Plains Bancshares, Inc. - Common Stock",United States,N
CPHC,81638456.00,NASDAQ,Canterbury Park Holding Corporation - Common Stock,United States,N
CPHI,28265455.00,NYSE AMERICAN,"China Pharma Holdings, Inc. Common Stock",China,
CPIX,110725161.00,NASDAQ,Cumberland Pharmaceuticals Inc. - Common Stock,United States,N
CPOP,5465450.00,NASDAQ,"Pop Culture Group Co., Ltd - Class A Ordinary Shares",China,N
CPRI,1641129364.00,NYSE,Capri Holdings Limited Ordinary Shares,Hong Kong,
CPS,387901811.00,NYSE,Cooper-Standard Holdings Inc. Common Stock,United States,
CPSH,74449697.00,NASDAQ,CPS Technologies Corp. - Common Stock,United States,N
CPSS,199118132.00,NASDAQ,"Consumer Portfolio Services, Inc. - Common Stock",United States,N
CRAI,1069451407.00,NASDAQ,"CRA International,Inc. - Common Stock",United States,N
CRBP,118562126.00,NASDAQ,"Corbus Pharmaceuticals Holdings, Inc. - Common Stock",United States,N
CRBU,130793166.00,NASDAQ,"Caribou Biosciences, Inc. - Common Stock",United States,N
CRCT,1365577592.00,NASDAQ,"Cricut, Inc. - Class A common stock",United States,N
CRDF,87130679.00,NASDAQ,"Cardiff Oncology, Inc. - Common Stock",United States,N
CRDL,170131227.00,NASDAQ,Cardiol Therapeutics Inc. - Class A Common Shares,Canada,N
CRE,5437760.00,NASDAQ,Cre8 Enterprise Limited - Class A Ordinary Shares,Hong Kong,N
CRESY,804291723.00,NASDAQ,"Cresud S.A.C.I.F. y A. - American Depositary Shares, each representing ten shares of Common Stock",Argentina,N
CREX,33816265.00,NASDAQ,"Creative Realities, Inc. - Common Stock",United States,N
CRGO,50589391.00,NASDAQ,Freightos Limited - Ordinary shares,Israel,N
CRI,1159706334.00,NYSE,"Carter's, Inc. Common Stock",United States,
CRIS,1679168.00,NASDAQ,"Curis, Inc. - Common Stock",United States,N
CRMD,560419690.00,NASDAQ,CorMedix Inc. - Common Stock,United States,N
CRML,1033366084.00,NASDAQ,Critical Metals Corp. - Ordinary Shares,British Virgin Islands,N
CRMT,8755402.00,NASDAQ,"America's Car-Mart, Inc. - Common Stock",United States,N
CRNC,365912779.00,NASDAQ,Cerence Inc. - Common Stock,United States,N
CRNT,198991516.00,NASDAQ,Ceragon Networks Ltd. - Ordinary Shares,Israel,N
CRON,1188131486.00,NASDAQ,Cronos Group Inc. - Common Share,Canada,N
CRSR,1491760265.00,NASDAQ,"Corsair Gaming, Inc. - Common Stock",United States,N
CRT,70620000.00,NYSE,Cross Timbers Royalty Trust Common Stock,United States,
CRTO,721734044.00,NASDAQ,Criteo S.A. - Ordinary Shares,France,N
CRVO,45659670.00,NASDAQ,CervoMed Inc. - Common Stock,United States,N
CRVS,916918290.00,NASDAQ,"Corvus Pharmaceuticals, Inc. - Common Stock",United States,N
CRWS,26685512.00,NASDAQ,"Crown Crafts, Inc. - Common Stock",United States,N
CSAI,2324825.00,NASDAQ,"Cloudastructure, Inc. - Class A Common Stock",United States,N
CSBR,68757731.00,NASDAQ,"Champions Oncology, Inc. - Common Stock",United States,N
CSHR,652312035.00,NASDAQ,CoinShares PLC - Ordinary Shares,Jersey,N
CSIQ,758530058.00,NASDAQ,Canadian Solar Inc. - Common Shares,Canada,N
CSPI,76310483.00,NASDAQ,CSP Inc. - Common Stock,United States,N
CSR,915281230.00,NYSE,D/B/A Centerspace Common Stock,United States,
CSTE,99236205.00,NASDAQ,Caesarstone Ltd. - Ordinary Shares,Israel,N
CSTL,1086340469.00,NASDAQ,"Castle Biosciences, Inc. - Common stock",United States,N
CSV,510933462.00,NYSE,"Carriage Services, Inc. Common Stock",United States,
CSWC,1461549876.00,NASDAQ,Capital Southwest Corporation - Common Stock,United States,N
CTBI,1384579774.00,NASDAQ,"Community Trust Bancorp, Inc. - Common Stock",United States,N
CTEV,401993822.00,NYSE,Claritev Corporation Class A Common Stock,United States,
CTGO,557790726.00,NYSE AMERICAN,Contango Silver & Gold Inc. Common Stock,United States,
CTKB,763001695.00,NASDAQ,"Cytek Biosciences, Inc. - Common Stock",United States,N
CTM,59674298.00,NYSE AMERICAN,"Castellum, Inc. Common Stock",,
CTMX,557822167.00,NASDAQ,"CytomX Therapeutics, Inc. - Common Stock",United States,N
CTNM,493589252.00,NASDAQ,"Contineum Therapeutics, Inc. - Common stock",United States,N
CTNT,3493500.00,NASDAQ,Cheetah Net Supply Chain Service Inc. - Class A Common Stock,United States,N
CTO,769951225.00,NYSE,"CTO Realty Growth, Inc. Common Stock",United States,
CTOR,88332144.00,NASDAQ,"Citius Oncology, Inc.  - Common Stock",United States,D
CTRM,19324708.00,NASDAQ,Castor Maritime Inc. - Common Shares,Cyprus,N
CTRN,399542906.00,NASDAQ,"Citi Trends, Inc. - Common Stock",United States,N
CTS,1759061612.00,NYSE,CTS Corporation Common Stock,United States,
CTSO,12761959.00,NASDAQ,Cytosorbents Corporation - Common Stock,United States,D
CTW,126672000.00,NASDAQ,CTW - Class A Ordinary Shares,Japan,N
CTXR,14593786.00,NASDAQ,"Citius Pharmaceuticals, Inc. - Common Stock",United States,D
CUB,346595164.00,NASDAQ,Lionheart Holdings - Class A Ordinary Shares,United States,N
CUE,185751066.00,NASDAQ,"Cue Biopharma, Inc. - Common Stock",United States,N
CULP,49540410.00,NASDAQ,"Culp, Inc. - Common Shares",United States,N
CUPR,18518157.00,NASDAQ,Cuprina Holdings (Cayman) Limited - Class A Ordinary shares,Singapore,N
CURI,172673661.00,NASDAQ,CuriosityStream Inc.  - Class A Common Stock,United States,N
CURR,348073844.00,NASDAQ,Currenc Group Inc. - Ordinary Shares,Singapore,N
CURV,249298588.00,NYSE,Torrid Holdings Inc. Common Stock,United States,
CURX,7402098.00,NASDAQ,Curanex Pharmaceuticals Inc - Common Stock,United States,N
CUVL,301866021.00,NASDAQ,Clinuvel Pharmaceuticals Limited - American Depositary Shares,Australia,N
CV,328216803.00,NASDAQ,"CapsoVision, Inc. - Common Stock",United States,N
CVEO,342873613.00,NYSE,Civeo Corporation (Canada) Common Shares,,
CVGI,120272739.00,NASDAQ,"Commercial Vehicle Group, Inc. - Common Stock",United States,N
CVKD,3354250.00,NASDAQ,"Cadrenal Therapeutics, Inc. - Common Stock",United States,N
CVLG,856753785.00,NYSE,"Covenant Logistics Group, Inc. Class A Common Stock",United States,
CVM,40630560.00,NYSE AMERICAN,Cel-Sci Corporation Common Stock,United States,
CVR,10820775.00,NYSE AMERICAN,Chicago Rivet & Machine Co. Common Stock,United States,
CVRX,41294475.00,NASDAQ,"CVRx, Inc. - Common Stock",United States,N
CVU,68501125.00,NYSE AMERICAN,"CPI Aerostructures, Inc. Common Stock",United States,
CVV,30098709.00,NASDAQ,CVD Equipment Corporation - Common Stock,United States,N
CWBC,719787499.00,NASDAQ,Community West Bancshares - Common Stock,United States,N
CWCO,482787880.00,NASDAQ,Consolidated Water Co. Ltd. - Ordinary Shares,Cayman Islands,N
CWD,5906791.00,NASDAQ,CaliberCos Inc. - Class A Common Stock,United States,D
CWH,519573427.00,NYSE,"Camping World Holdings, Inc. Class A Common Stock",United States,
CXAI,5446156.00,NASDAQ,CXApp Inc. - Class A Common Stock,United States,N
CXDO,196862437.00,NASDAQ,"Crexendo, Inc. - Common Stock",United States,N
CXM,1207290968.00,NYSE,"Sprinklr, Inc. Class A Common Stock",United States,
CYAB,5503503.00,NASDAQ,"Cyabra, Inc. - Common Stock",Israel,D
CYCU,12338760.00,NASDAQ,"Cycurion, Inc. - Common Stock",United States,N
CYD,1198710388.00,NYSE,China Yuchai International Limited Common Stock,Singapore,
CYH,383545451.00,NYSE,"Community Health Systems, Inc. Common Stock",United States,
CYN,10384647.00,NASDAQ,Cyngn Inc. - Common stock,United States,N
CYPH,326526077.00,NASDAQ,Cypherpunk Technologies Inc. - Common Stock,United States,N
CYRX,882813813.00,NASDAQ,"CryoPort, Inc. - Common Stock",United States,N
CZFS,389117270.00,NASDAQ,"Citizens Financial Services, Inc. - Common Stock",United States,N
CZNC,459670641.00,NASDAQ,Citizens & Northern Corp - Common Stock,United States,N
CZWI,205549920.00,NASDAQ,"Citizens Community Bancorp, Inc. - Common Stock",United States,N
DAIC,6522370.00,NASDAQ,"CID HoldCo, Inc. - Common Stock",United States,H
DAIO,30978968.00,NASDAQ,Data I/O Corporation - Common Stock,United States,N
DAKT,863743994.00,NASDAQ,"Daktronics, Inc. - Common Stock",United States,N
DAO,1827614660.00,NYSE,"Youdao, Inc. American Depositary Shares, each representing one Class A Ordinary Share",China,
DARE,16577103.00,NASDAQ,"Dare Bioscience, Inc. - Common Stock",United States,D
DAVA,104308998.00,NYSE,Endava plc American Depositary Shares (each representing one Class A Ordinary Share),United Kingdom,
DBGI,4546189.00,NASDAQ,"Digital Brands Group, Inc. - Common Stock",United States,N
DBI,309807828.00,NYSE,Designer Brands Inc. Class A Common Stock,United States,
DBVT,624381019.00,NASDAQ,DBV Technologies S.A. - American Depositary Shares,France,N
DC,794304107.00,NYSE AMERICAN,Dakota Gold Corp. Common Stock,United States,
DCBO,582027368.00,NASDAQ,Docebo Inc. - Common Shares,Canada,N
DCGO,36554032.00,NASDAQ,DocGo Inc. - Common Stock,United States,D
DCH,1330585771.00,NYSE,Dauch Corporation Common Stock,United States,
DCOM,1760965009.00,NYSE,"Dime Commercial Bancshares, Inc. Common Stock",United States,
DCOY,3256126.00,NASDAQ,Decoy Therapeutics Inc. - Common Stock,United States,N
DCTH,524992768.00,NASDAQ,"Delcath Systems, Inc. - Common Stock",United States,N
DCX,9103190.00,NASDAQ,Digital Currency X Technology Inc. - Class A Ordinary Shares,Cayman Islands,N
DDC,12866641.00,NYSE AMERICAN,DDC Enterprise Limited Class A Ordinary Shares,,
DDD,628035762.00,NYSE,3D Systems Corporation Common Stock,United States,
DDI,659556286.00,NASDAQ,"DoubleDown Interactive Co., Ltd. - American Depository Shares",South Korea,N
DDL,507889523.00,NYSE,Dingdong (Cayman) Limited American Depositary Shares (each two representing three Ordinary Shares),Cayman Islands,
DEA,1107325838.00,NYSE,"Easterly Government Properties, Inc. Common Stock",United States,
DEC,1030069425.00,NYSE,Diversified Energy Company Common Stock,United States,
DEFT,205611791.00,NASDAQ,"Defi Technologies, Inc. - Common Stock",Canada,D
DEI,1644705322.00,NYSE,"Douglas Emmett, Inc. Common Stock",United States,
DERM,186563251.00,NASDAQ,Journey Medical Corporation - Common Stock,United States,N
DETX,11988416.00,NASDAQ,"Liberty Defense Holdings, Ltd. - Common Shares",United States,N
DFDV,171259148.00,NASDAQ,DeFi Development Corp. - Common Stock,United States,N
DFH,973252519.00,NYSE,"Dream Finders Homes, Inc. Class A Common Stock",United States,
DFIN,1144695432.00,NYSE,"Donnelley Financial Solutions, Inc. Common Stock ",United States,
DFLI,12749957.00,NASDAQ,Dragonfly Energy Holdings Corp - Common Stock,United States,D
DFNS,20847773.00,NASDAQ,T3 Defense Inc. - Common Stock,United States,D
DFSC,7291668.00,NASDAQ,"DEFSEC Technologies Inc. - common stock, no R/S concurrent with offering",Canada,N
DGICA,678169282.00,NASDAQ,"Donegal Group, Inc. - Class A Common Stock",United States,N
DGICB,618036045.00,NASDAQ,"Donegal Group, Inc. - Class B Common Stock",United States,N
DGNX,64166566.00,NASDAQ,Diginex Limited - Ordinary Shares,Hong Kong,N
DGXX,389350483.00,NASDAQ,Digi Power X Inc. - Common Subordinate Voting Shares,Canada,N
DH,135300544.00,NASDAQ,Definitive Healthcare Corp. - Class A Common Stock,United States,D
DHC,1871657077.00,NASDAQ,Diversified Healthcare Trust  - Common Shares of Beneficial Interest,United States,N
DHX,208870354.00,NYSE,"DHI Group, Inc. Common Stock",United States,
DIBS,135133478.00,NASDAQ,"1stdibs.com, Inc. - Common Stock",United States,N
DIN,378761768.00,NYSE,"Dine Brands Global, Inc. Common Stock",United States,
DIT,65940452.00,NYSE AMERICAN,AMCON Distributing Company Common Stock,United States,
DJCO,904542811.00,NASDAQ,Daily Journal Corp. (S.C.) - Common Stock,United States,N
DKI,2894670.00,NASDAQ,DarkIris Inc. - Class A Ordinary Shares,Hong Kong,N
DLHC,58696792.00,NASDAQ,DLH Holdings Corp. - Common Stock,United States,N
DLNG,137160181.00,NYSE,Dynagas LNG Partners LP Common Units,Greece,
DLPN,13424846.00,NASDAQ,"Dolphin Entertainment, Inc. - Common Stock",United States,N
DLTH,149359654.00,NASDAQ,Duluth Holdings Inc. - Class B Common Stock,United States,N
DLX,1036810717.00,NYSE,Deluxe Corporation Common Stock,United States,
DLXY,6572700.00,NASDAQ,Delixy Holdings Limited - Class A Ordinary Shares,Singapore,D
DMAC,443808486.00,NASDAQ,DiaMedica Therapeutics Inc. - Common Stock,United States,N
DMC,1398828288.00,NYSE,Del Monte Corporation Ordinary Shares,Cayman Islands,
DMLP,1405977925.00,NASDAQ,"Dorchester Minerals, L.P. - Common Units Representing Limited Partnership Interests",United States,N
DMRA,1274838467.00,NASDAQ,"Damora Therapeutics, Inc. - Ordinary Shares",Denmark,N
DMRC,172028148.00,NASDAQ,Digimarc Corporation - Common Stock,United States,N
DNA,794602421.00,NYSE,"Ginkgo Bioworks Holdings, Inc. Class A Common Stock",United States,
DNUT,501415000.00,NASDAQ,"Krispy Kreme, Inc. - Common Stock",United States,N
DOGZ,15682386.00,NASDAQ,Dogness (International) Corporation - Class A Common Stock,China,N
DOLE,1204349789.00,NYSE,Dole plc Ordinary Shares,Ireland,
DOMH,54305767.00,NASDAQ,Dominari Holdings Inc. - Common Stock,United States,N
DOUG,140880233.00,NYSE,Douglas Elliman Inc. Common Stock,United States,
DOYU,134295923.00,NASDAQ,DouYu International Holdings Limited - American Depositary Shares,China,N
DPRO,205423505.00,NASDAQ,Draganfly Inc. - Common Shares,Canada,N
DPU,5362125.00,NASDAQ,Top KingWin Ltd - Class A Ordinary Shares,China,N
DQ,744327507.00,NYSE,"DAQO New Energy Corp. American Depositary Shares, each representing five ordinary shares",China,
DRIO,63304647.00,NASDAQ,DarioHealth Corp. - Common Stock,Israel,N
DRK,27380699.00,NASDAQ,DarkHorse Technologies Inc. - Common Shares,Canada,N
DRMA,5475504.00,NASDAQ,"Dermata Therapeutics, Inc. - Common Stock",United States,N
DRTS,1365902335.00,NASDAQ,Alpha Tau Medical Ltd. - Ordinary Shares,Israel,N
DRUG,497753547.00,NASDAQ,Bright Minds Biosciences Inc. - common stock,Canada,N
DRVN,1926964251.00,NASDAQ,Driven Brands Holdings Inc. - Common Stock,United States,N
DSC,301436402.00,NASDAQ,DSC Holdings Ltd. - American Depositary Shares,China,N
DSGN,772257573.00,NASDAQ,"Design Therapeutics, Inc. - Common Stock",United States,N
DSGR,1618014662.00,NASDAQ,"Distribution Solutions Group, Inc. - Common Stock",United States,N
DSP,813945520.00,NASDAQ,Viant Technology Inc. - common stock,United States,N
DSS,6405118.00,NYSE AMERICAN,"DSS, Inc. Common Stock",United States,
DSWL,48767684.00,NASDAQ,"Deswell Industries, Inc. - Common Shares",Macau,N
DSX,355823185.00,NYSE,Diana Shipping inc. common stock,Greece,
DSY,16916664.00,NASDAQ,Big Tree Cloud Holdings Limited - Class A Ordinary Shares,China,N
DTCX,73462836.00,NASDAQ,"Datacentrex, Inc. - Common Stock",United States,N
DTI,80796293.00,NASDAQ,Drilling Tools International Corporation  - Common Stock,United States,N
DTIL,174165806.00,NASDAQ,"Precision BioSciences, Inc. - Common Stock",United States,N
DTSS,12102475.00,NASDAQ,Datasea Intelligent Technology Ltd. - Class A Ordinary Shares,China,D
DTST,7761290.00,NASDAQ,Data Storage Corporation - Common Stock,United States,N
DUKR,18226203.00,NASDAQ,DUKE Robotics Corp. - Common Stock,Israel,N
DUO,24979372.00,NASDAQ,Fangdd Network Group Ltd. - Class A Ordinary Shares,China,D
DUOT,286714466.00,NASDAQ,"Duos Technologies Group, Inc. - Common Stock",United States,N
DVLT,146353178.00,NASDAQ,Datavault AI Inc. - Common Stock,United States,D
DWSN,85713506.00,NASDAQ,Dawson Geophysical Company - Common Stock,United States,N
DWTX,49629127.00,NASDAQ,"Dogwood Therapeutics, Inc.  - Common Stock",United States,N
DXC,1773543448.00,NYSE,DXC Technology Company Common Stock ,United States,
DXF,1488540.00,NYSE AMERICAN,"Eason Technology Limited American Depositary Shares (each representing sixty-thousand (60,000) Ordinary Shares)",,
DXLG,24077931.00,NASDAQ,"Destination XL Group, Inc. - Common Stock",United States,D
DXST,4392610.00,NASDAQ,Decent Holding Inc. - Class A Ordinary Shares,China,N
DYAI,18261036.00,NASDAQ,"Dyadic International, Inc. - Common Stock",United States,D
EAF,246310028.00,NYSE,GrafTech International Ltd. Common Stock,United States,
EARN,151363556.00,NYSE,Ellington Credit Company Common Shares of Beneficial Interest,United States,
EBF,570729016.00,NYSE,"Ennis, Inc. Common Stock",United States,
EBMT,169265409.00,NASDAQ,"Eagle Bancorp Montana, Inc. - Common Stock",United States,N
EBON,13644111.00,NASDAQ,Ebang International Holdings Inc. - Class A Ordinary Shares,China,N
EBS,324560217.00,NYSE,Emergent BioSolutions Inc. Common Stock,United States,
ECBK,178511252.00,NASDAQ,"ECB Bancorp, Inc. - Common Stock",United States,N
ECOR,91421074.00,NASDAQ,"electroCore, Inc. - Common Stock",United States,N
ECVT,1107820188.00,NYSE,Ecovyst Inc. Common Stock,United States,
ECX,327101890.00,NASDAQ,ECARX Holdings Inc. - Class A Ordinary shares,China,N
EDBL,2224720.00,NASDAQ,Edible Garden AG Incorporated - Common Stock,United States,N
EDHL,31167008.00,NASDAQ,Everbright Digital Holding Limited - Ordinary Shares,Hong Kong,N
EDIT,402379692.00,NASDAQ,"Editas Medicine, Inc. - Common Stock",United States,N
EDN,902143865.00,NYSE,Empresa Distribuidora Y Comercializadora Norte S.A. (Edenor) American Depositary Shares,Argentina,
EDRY,160185105.00,NASDAQ,EuroDry Ltd. - Common Shares,Greece,N
EDSA,52124371.00,NASDAQ,"Edesa Biotech, Inc. - Common Shares",United States,N
EDTK,16199451.00,NASDAQ,Skillful Craftsman Education Technology Limited - Ordinary Share,China,N
EDUC,11082453.00,NASDAQ,Educational Development Corporation - Common Stock,United States,N
EDVA,1022156.00,NYSE AMERICAN,"Endovia Health Sciences, Inc. Common Stock",,
EEIQ,8373078.00,NASDAQ,EpicQuest Education Group International Limited - Common Stock,United States,N
EFC,1493804804.00,NYSE,Ellington Financial Inc. Common Stock ,United States,
EFOI,19012128.00,NASDAQ,"Energy Focus, Inc. - Common Stock",United States,N
EFOR,1404250000.00,NYSE,"Everforth, Inc. Common Stock",United States,
EFSI,246282599.00,NASDAQ,Eagle Financial Services Inc - Common Stock,United States,N
EGAN,153626511.00,NASDAQ,eGain Corporation - Common Stock,United States,N
EGBN,865135154.00,NASDAQ,"Eagle Bancorp, Inc. - Common Stock",United States,N
EGG,149528724.00,NYSE AMERICAN,Enigmatig Limited Class A Ordinary Shares,,
EGHT,329312942.00,NASDAQ,8x8 Inc - Common stock,United States,N
EGY,602748888.00,NYSE,"VAALCO Energy, Inc.  Common Stock",United States,
EH,313999799.00,NASDAQ,EHang Holdings Limited - ADS,China,N
EHGO,3775288.00,NASDAQ,Eshallgo Inc. - Class A Ordinary Shares,China,N
EHLD,33348722.00,NASDAQ,Euroholdings Ltd. - Common Stock,Greece,N
EHTH,21461878.00,NASDAQ,"eHealth, Inc. - Common Stock",United States,N
EIG,882399660.00,NYSE,Employers Holdings Inc Common Stock,United States,
EIKN,397029670.00,NASDAQ,"Eikon Therapeutics, Inc. - Common Stock",United States,N
EJH,4768229.00,NASDAQ,E-Home Household Service Holdings Limited - Ordinary shares,China,N
ELA,315715868.00,NYSE AMERICAN,Envela Corporation Common Stock,United States,
ELAB,2720185.00,NASDAQ,PMGC Holdings Inc. - Common Stock,United States,N
ELBM,53293269.00,NASDAQ,Electra Battery Materials Corporation - Common Stock,Canada,D
ELDN,202340268.00,NASDAQ,"Eledon Pharmaceuticals, Inc. - Common Stock",United States,N
ELE,1463030702.00,NASDAQ,Elemental Royalty Corporation - Common Stock,Canada,N
ELLO,286829016.00,NYSE AMERICAN,Ellomay Capital Ltd Ordinary Shares (Israel),Israel,
ELMD,232867089.00,NYSE AMERICAN,"Electromed, Inc. Common Stock",United States,
ELME,156389874.00,NYSE,Elme Communities Common Stock,United States,
ELMT,674068691.00,NASDAQ,The Elmet Group Co. - Common Stock,United States,N
ELOG,6380070.00,NASDAQ,Eastern International Ltd. - Ordinary Shares,China,D
ELOX,62605479.00,NASDAQ,"Eloxx Pharmaceuticals, Inc. - Common Stock",United States,N
ELPW,2768398.00,NASDAQ,Elong Power Holding Limited - Class A Ordinary Shares,China,N
ELTK,53548957.00,NASDAQ,Eltek Ltd. - Ordinary Shares,Israel,N
ELTX,50461213.00,NASDAQ,"Elicio Therapeutics, Inc. - Common Stock",United States,N
ELUT,34488023.00,NASDAQ,"Elutia, Inc. - Class A Common Stock",United States,D
ELVA,331492687.00,NASDAQ,Electrovaya Inc. - Common Shares,Canada,N
ELVR,719411439.00,NASDAQ,Elevra Lithium Limited - American Depository Shares,Australia,N
ELWT,42035705.00,NASDAQ,"Elauwit Connection, Inc. - Common Stock",United States,N
EMAT,1279489318.00,NASDAQ,Evolution Metals & Technologies Corp. - Common Stock,United States,N
EMBC,320126734.00,NASDAQ,Embecta Corp. - Common Stock,United States,N
EML,148092102.00,NASDAQ,Eastern Company (The) - Common Stock,United States,N
EMPD,87984647.00,NASDAQ,Empery Digital Inc. - Common stock,United States,N
ENGN,130011653.00,NASDAQ,enGene Therapeutics Inc. - Common Stock,Canada,N
ENGS,165238435.00,NASDAQ,Energys Group Limited - Ordinary Shares,United Kingdom,N
ENHA,581611821.00,NYSE,Enhanced Group Inc. Class A Common Stock,Singapore,
ENLV,7710597.00,NASDAQ,Enlivex Ltd. - Ordinary Shares,Israel,N
ENOV,1024786908.00,NYSE,Enovis Corporation Common Stock,United States,
ENR,1514173214.00,NYSE,"Energizer Holdings, Inc. Common Stock",United States,
ENRD,488475399.00,NASDAQ,Einride AB - American Depositary Shares,Sweden,N
ENSC,7685434.00,NASDAQ,"Ensysce Biosciences, Inc. - Common Stock",United States,D
ENTA,377465210.00,NASDAQ,"Enanta Pharmaceuticals, Inc. - Common Stock",United States,N
ENTX,497418144.00,NASDAQ,Entera Bio Ltd. - Ordinary Shares,Israel,N
ENVB,6624308.00,NASDAQ,"Enveric Biosciences, Inc.  - Common Stock",United States,N
ENVX,614455898.00,NASDAQ,Enovix Corporation - Common Stock,United States,N
EOCN,3760050.00,NASDAQ,Eocene Ltd. - Ordinary Shares,Israel,N
EOLS,471600142.00,NASDAQ,"Evolus, Inc. - Common Stock",United States,N
EONR,27164377.00,NYSE AMERICAN,EON Resources Inc. Class A Common Stock,,
EOSE,1168978458.00,NASDAQ,"Eos Energy Enterprises, Inc. - Common Stock",United States,N
EP,108582110.00,NYSE AMERICAN,Empire Petroleum Corporation Common Stock,United States,
EPAC,1822545703.00,NYSE,Enerpac Tool Group Corp. Common Stock,United States,
EPC,1243018038.00,NYSE,Edgewell Personal Care Company Common Stock,United States,
EPM,143816569.00,NYSE AMERICAN,"Evolution Petroleum Corporation, Inc. Common Stock",United States,
EPOW,9819358.00,NASDAQ,E-Power Inc. - Class A Ordinary Shares,China,D
EPRX,477164016.00,NASDAQ,Eupraxia Pharmaceuticals Inc. - Common Stock,Canada,N
EPSM,16797543.00,NASDAQ,Epsium Enterprise Limited - Class A Ordinary Shares,Macau,N
EPSN,173828891.00,NASDAQ,Epsilon Energy Ltd. - Common Shares,United States,N
EQ,89405396.00,NASDAQ,"Equillium, Inc. - Common Stock",United States,N
EQBK,982879548.00,NYSE,"Equity Bancshares, Inc. Class A Common Stock",United States,
EQS,12342369.00,NYSE,"Equus Total Return, Inc. Common Stock",United States,
ERII,345573804.00,NASDAQ,"Energy Recovery, Inc. - Common Stock",United States,N
ERNA,4831937.00,NASDAQ,Ernexa Therapeutics Inc. - Common Stock,United States,N
ESCA,265134585.00,NASDAQ,"Escalade, Incorporated - Common Stock",United States,N
ESEA,510986902.00,NASDAQ,Euroseas Ltd. - Common Stock,Greece,N
ESLA,20357000.00,NASDAQ,"Estrella Immunopharma, Inc. - Common Stock",United States,D
ESOA,205437583.00,NASDAQ,Energy Services of America Corporation - Common Stock,United States,N
ESP,192021417.00,NYSE AMERICAN,Espey Mfg. & Electronics Corp. Common Stock,United States,
ESQ,1451581593.00,NASDAQ,"Esquire Financial Holdings, Inc. - Common Stock",United States,N
ESRT,717930731.00,NYSE,"Empire State Realty Trust, Inc. Class A Common Stock",United States,
ESTA,1909109137.00,NASDAQ,Establishment Labs Holdings Inc. - Common Shares,Costa Rica,N
ESYN,64803552.00,NASDAQ,EnerSyn Global Inc. - Common Stock,United States,N
ETD,530764713.00,NYSE,Ethan Allen Interiors Inc. Common Stock,United States,
ETO,492791310.00,NYSE,Eaton Vance Tax-Advantage Global Dividend Opp Common Stock,United States,
ETON,1582362354.00,NASDAQ,"Eton Pharmaceuticals, Inc. - Common Stock",United States,N
ETRA,650893323.00,NASDAQ,"Electra Therapeutics, Inc. - Common stock",United States,N
ETS,78433842.00,NASDAQ,Elite Express Holding Inc. - Class A Common Stock,United States,N
EU,198166590.00,NASDAQ,enCore Energy Corp. - Common Stock,United States,N
EUDA,51611084.00,NASDAQ,Euda Health Holdings Limited - Ordinary Shares,Singapore,N
EVAX,28868746.00,NASDAQ,Evaxion A/S - American Depositary Share,Denmark,N
EVC,681087691.00,NYSE,Entravision Communications Corporation Common Stock,United States,
EVCM,1579387299.00,NASDAQ,EverCommerce Inc. - Common Stock,United States,N
EVER,687175145.00,NASDAQ,"EverQuote, Inc. - Class A Common Stock",United States,N
EVEX,606366219.00,NYSE,"Eve Holding, Inc. Common Stock",United States,
EVGN,6715598.00,NASDAQ,Evogene Ltd. - Ordinary Shares,Israel,D
EVGO,434031694.00,NASDAQ,EVgo Inc. - Common Stock,United States,N
EVH,391185299.00,NYSE,"Evolent Health, Inc Class A Common Stock",United States,
EVI,248426882.00,NYSE AMERICAN,"EVI Industries, Inc.  Common Stock",United States,
EVLV,827746487.00,NASDAQ,"Evolv Technologies Holdings, Inc. - Class A Common Stock",United States,N
EVMN,251141422.00,NYSE,"Evommune, Inc. Common Stock",United States,
EVO,569208902.00,NASDAQ,Evotec SE - American Depositary Shares each representing 1/2 of one ordinary share,Germany,N
EVTC,1627061719.00,NYSE,"Evertec, Inc. Common Stock",Puerto Rico,
EVTL,101986670.00,NYSE,Vertical Aerospace Ltd. Ordinary Shares,,
EXFY,205169994.00,NASDAQ,"Expensify, Inc. - Class A Common Stock",United States,N
EXOD,221389881.00,NYSE AMERICAN,"Exodus Movement, Inc. Class A Common Stock",United States,
EXOZ,53688125.00,NASDAQ,eXoZymes Inc. - Common Stock,United States,N
EXYN,18612259.00,NASDAQ,"Exyn Technologies, Inc. - Common Stock",United States,N
EYE,1296736733.00,NASDAQ,"National Vision Holdings, Inc. - Common Stock",United States,N
EYPT,280189449.00,NASDAQ,"EyePoint, Inc. - Common Stock",United States,N
EZGO,4512137.00,NASDAQ,EZGO Technologies Ltd. - Ordinary Shares,China,N
EZPW,1855589985.00,NASDAQ,"EZCORP, Inc. - Class A Non-Voting Common Stock",United States,N
EZRA,3695859.00,NASDAQ,"Reliance Global Group, Inc. - Common Stock",United States,N
FABC,16388454.00,NASDAQ,"Fabric.AI, Inc. - Common Stock",United States,N
FAC,642139470.00,NASDAQ,Factorial Energy Inc. - Class A Common Stock,United States,N
FAMI,4040795.00,NASDAQ,"Farmmi, Inc. - Class A Ordinary Shares",China,D
FATE,277983592.00,NASDAQ,"Fate Therapeutics, Inc. - Common Stock",United States,N
FATN,78836851.00,NASDAQ,"FatPipe, Inc. - common stock",United States,N
FBDT,58565011.00,NASDAQ,First Breach Inc. - Common Stock,United States,N
FBGL,5143500.00,NASDAQ,FBS Global Limited - Ordinary Shares,Singapore,D
FBIO,67702516.00,NASDAQ,"Fortress Biotech, Inc. - Common Stock",United States,N
FBIZ,593564938.00,NASDAQ,"First Business Financial Services, Inc. - Common Stock",United States,N
FBLA,270481099.00,NASDAQ,"FB Bancorp, Inc. - Common Stock",United States,N
FBLG,8256159.00,NASDAQ,"FibroBiologics, Inc. - Common Stock",United States,N
FBRT,520694758.00,NYSE,"Franklin BSP Realty Trust, Inc. Common Stock",United States,
FBYD,1038585459.00,NASDAQ,"Falcon's Beyond Global, Inc. - Class A Common Stock",United States,N
FC,195722819.00,NYSE,Franklin Covey Company Common Stock,United States,
FCAP,210376913.00,NASDAQ,"First Capital, Inc. - Common Stock",United States,N
FCBC,907695792.00,NASDAQ,"First Community Bankshares, Inc. - Common Stock",United States,N
FCBM,393331666.00,NYSE,"First Carolina Financial Services, Inc. Common Stock",,
FCCO,307089212.00,NASDAQ,First Community Corporation - Common Stock,United States,N
FCEL,1476754000.00,NASDAQ,"FuelCell Energy, Inc. - Common Stock",United States,N
FCHL,1223001.00,NASDAQ,Fitness Champs Holdings Limited - Ordinary Shares,Singapore,D
FCUV,4306123.00,NASDAQ,Focus Universal Inc. - Common Stock,United States,N
FDBC,321297620.00,NASDAQ,"Fidelity D & D Bancorp, Inc. - Common Stock",United States,N
FDMT,755188364.00,NASDAQ,"4D Molecular Therapeutics, Inc. - Common Stock",United States,N
FDSB,91100449.00,NASDAQ,"Fifth District Bancorp, Inc. - Common Stock",United States,N
FEAM,192583299.00,NASDAQ,"5E Advanced Materials, Inc. - Common Stock",United States,N
FEBO,7023581.00,NASDAQ,Fenbo Holdings Limited - Class A Ordinary Shares,Hong Kong,D
FEDU,21144445.00,NYSE,"Four Seasons Education (Cayman) Inc. American Depositary Shares, each ADS representing 10 ordinary shares",,
FEIM,969840881.00,NASDAQ,"Frequency Electronics, Inc. - Common Stock",United States,N
FEMY,17168805.00,NASDAQ,Femasys Inc. - Common Stock,United States,N
FENC,357346800.00,NASDAQ,Fennec Pharmaceuticals Inc. - Common Stock,United States,N
FENG,16815086.00,NYSE,"Phoenix New Media Limited American Depositary Shares, each representing 48 Class A ordinary shares.",China,
FET,953840195.00,NYSE,"Forum Energy Technologies, Inc. Common Stock",United States,
FF,226334721.00,NYSE,FutureFuel Corp.  Common shares,United States,
FFAI,7536209.00,NASDAQ,Faraday Future Intelligent Electric Inc. - Class A Common Stock,United States,N
FFR,25963927.00,NASDAQ,FF EAI Robotics Ecosystem Inc. - Common Stock,United States,N
FGBI,137439871.00,NASDAQ,"First Guaranty Bancshares, Inc. - Common Stock",United States,N
FGC,32670848.00,NASDAQ,FG Communities Holdings Inc. - Common Stock,United States,N
FGI,14986663.00,NASDAQ,FGI Industries Ltd. - Ordinary Shares,United States,N
FGL,3621830.00,NASDAQ,Founder Group Limited - Class A Ordinary Shares,Malaysia,D
FHTX,119958336.00,NASDAQ,Foghorn Therapeutics Inc. - Common Stock,United States,N
FIEE,31299955.00,NASDAQ,"FiEE, Inc - Common Stock",United States,N
FINV,684672606.00,NYSE,FinVolution Group American Depositary Shares,United States,
FINW,155069536.00,NASDAQ,FinWise Bancorp - Common Stock,United States,N
FIP,317317964.00,NASDAQ,FTAI Infrastructure Inc. - Common Stock,United States,N
FIRY,207279545.00,NYSE,Firy Inc. Class A Common Stock,United States,
FISI,787860273.00,NASDAQ,"Financial Institutions, Inc. - Common Stock",United States,N
FISN,328106075.00,NASDAQ,"Deep Fission, Inc. - Common Stock",United States,N
FJET,94593153.00,NYSE AMERICAN,"Starfighters Space, Inc. Common Stock",United States,
FKWL,28164429.00,NASDAQ,Franklin Wireless Corp. - common stock,United States,N
FLD,29684242.00,NASDAQ,"Fold Holdings, Inc. - Class A Common Stock",United States,D
FLGT,591028494.00,NASDAQ,"Fulgent Genetics, Inc. - Common Stock",United States,N
FLL,50935827.00,NASDAQ,"Full House Resorts, Inc. - Common Stock",United States,N
FLNA,44969820.00,NASDAQ,"Filana Therapeutics, Inc. - Common Stock",United States,D
FLNC,1404778368.00,NASDAQ,"Fluence Energy, Inc. - Class A Common Stock",United States,N
FLNG,1689845826.00,NYSE,FLEX LNG Ltd. Ordinary Shares,,
FLNT,94189116.00,NASDAQ,"Fluent, Inc. - Common Stock",United States,N
FLO,1181159818.00,NYSE,"Flowers Foods, Inc. Common Stock",United States,
FLOC,1667920589.00,NYSE,Flowco Holdings Inc. Class A Common Stock,United States,
FLUX,13837851.00,NASDAQ,"Flux Power Holdings, Inc. - Common Stock",United States,D
FLWS,164313846.00,NASDAQ,"1-800-FLOWERS.COM, Inc. - Class A Common Stock",United States,N
FLX,103113173.00,NASDAQ,BingEx Limited - American Depositary Shares,China,N
FLXS,363428436.00,NASDAQ,"Flexsteel Industries, Inc. - Common Stock",United States,N
FLYE,2260855.00,NASDAQ,"Fly-E Group, Inc. - Common Stock",United States,N
FLYX,127602185.00,NYSE AMERICAN,"flyExclusive, Inc. Class A Common Stock",,
FMAO,488809519.00,NASDAQ,"Farmers & Merchants Bancorp, Inc. - Common Stock",United States,N
FMBH,1329563562.00,NASDAQ,"First Mid Bancshares, Inc. - Common Stock",United States,N
FMC,1312861969.00,NYSE,FMC Corporation Common Stock,United States,
FMFC,3684900.00,NASDAQ,Kandal M Venture Limited - Class A ordinary Shares,Cambodia,D
FMNB,908857754.00,NASDAQ,Farmers National Banc Corp. - Common Stock,United States,N
FMST,17614558.00,NASDAQ,Foremost Clean Energy Ltd. - Common Shares,Canada,N
FNGR,18650748.00,NASDAQ,"FingerMotion, Inc. - common stock",United States,D
FNKO,328135189.00,NASDAQ,"Funko, Inc. - Class A Common Stock",United States,N
FNLC,385968851.00,NASDAQ,"First Bancorp, Inc (ME) - Common Stock",United States,N
FNRN,291508487.00,NASDAQ,First Northern Community Bancorp - Common stock,United States,N
FNUC,45950779.00,NASDAQ,Frontier Nuclear and Minerals Inc. - Common Shares,Canada,E
FNWB,94640569.00,NASDAQ,First Northwest Bancorp - Common Stock,United States,N
FNWD,183632625.00,NASDAQ,Finward Bancorp - common stock,United States,N
FOA,233643015.00,NYSE,Finance of America Companies Inc. Class A Common Stock,United States,
FOCL,193002390.00,NASDAQ,"EDAP TMS S.A. - American Depositary Shares, each representing One Ordinary Share",France,N
FOFO,15823553.00,NASDAQ,"Hang Feng Technology Innovation Co., Ltd. - Ordinary Shares",Hong Kong,N
FOIL,1266948264.00,NYSE,"Londian Wason New Energy Tech Inc. American Depositary Shares, each representing five Ordinary Shares",,
FOR,1313703895.00,NYSE,Forestar Group Inc Common Stock ,United States,
FORR,213617580.00,NASDAQ,"Forrester Research, Inc. - Common Stock",United States,N
FORTY,1738555205.00,NASDAQ,Formula Systems (1985) Ltd. - American Depositary Shares,Israel,N
FOSL,402138754.00,NASDAQ,"Fossil Group, Inc. - Common Stock",United States,N
FOXF,783878169.00,NASDAQ,Fox Factory Holding Corp. - Common Stock,United States,N
FOXX,18394758.00,NASDAQ,Foxx Development Holdings Inc. - Common Stock,United States,D
FPH,671373675.00,NYSE,"Five Point Holdings, LLC Class A Common Shares",United States,
FPI,490409315.00,NYSE,Farmland Partners Inc. Common Stock,United States,
FRAF,284193599.00,NASDAQ,Franklin Financial Services Corporation - Common Stock,United States,N
FRBA,447141029.00,NASDAQ,First Bank  - Common Stock,United States,N
FRBT,903098320.00,NASDAQ,"Forbright, Inc. - Class A Common Stock",United States,N
FRD,296301454.00,NASDAQ,Friedman Industries Inc. - Common Stock,United States,N
FRGT,144290.00,NASDAQ,"Freight Technologies, Inc. - Ordinary Shares",United States,N
FRMM,63750919.00,NASDAQ,"Forum Markets, Incorporated - Common Stock",United States,N
FRNM,1753532004.00,NASDAQ,"Freenome, Inc. - Common stock",United States,N
FRPH,389341544.00,NASDAQ,"FRP Holdings, Inc. - Common Stock",United States,N
FRST,387361505.00,NASDAQ,Primis Financial Corp. - Common Stock,United States,N
FRSX,3337949.00,NASDAQ,Foresight Autonomous Holdings Ltd. - American Depositary Shares,Israel,N
FRTT,11973895.00,NASDAQ,Fort Technology Inc. - Common Shares,Canada,N
FSBC,1071023201.00,NASDAQ,Five Star Bancorp - Common Stock,United States,N
FSBW,348529021.00,NASDAQ,"FS Bancorp, Inc. - Common Stock",United States,N
FSCO,1013598649.00,NYSE,FS Credit Opportunities Corp. Common Stock,United States,
FSI,77273613.00,NYSE AMERICAN,Flexible Solutions International Inc. Common Stock (CDA),Canada,
FSP,34323864.00,NYSE AMERICAN,Franklin Street Properties Corp. Common Stock,United States,
FSTR,392071567.00,NASDAQ,L.B. Foster Company - Common Stock,United States,N
FSUN,1840998613.00,NASDAQ,FirstSun Capital Bancorp - Common Stock,United States,N
FT,177933810.00,NYSE,Franklin Universal Trust Common Stock,United States,
FTCI,35521001.00,NASDAQ,"FTC Solar, Inc. - Common Stock",United States,N
FTEK,51819870.00,NASDAQ,"Fuel Tech, Inc. - Common Stock",United States,N
FTFT,31968750.00,NASDAQ,Future FinTech Group Inc. - Common Stock,China,N
FTH,732576049.00,NASDAQ,"Faeth Therapeutics, Inc.  - Common Stock",United States,N
FTHM,11438900.00,NASDAQ,Fathom Holdings Inc. - Common Stock,United States,D
FTK,1120660073.00,NYSE,"Flotek Industries, Inc. Common Stock",United States,
FTLF,86585684.00,NASDAQ,"FitLife Brands, Inc. - Common Stock",United States,N
FTRE,1902000000.00,NASDAQ,Fortrea Holdings Inc. - Common Stock,United States,N
FTW,309952492.00,NYSE,Presidio Production Company Class A Common Stock,United States,
FUBO,945644245.00,NYSE,FuboTV Inc. Class A Common Stock,United States,
FUFU,233315037.00,NASDAQ,BitFuFu Inc. - Class A Ordinary Shares,Singapore,N
FULC,281536878.00,NASDAQ,"Fulcrum Therapeutics, Inc. - Common Stock",United States,N
FUN,1186869219.00,NYSE,Six Flags Entertainment Corporation Common Stock New,United States,
FUNC,281516326.00,NASDAQ,First United Corporation - Common Stock,United States,N
FURY,97594856.00,NYSE AMERICAN,Fury Gold Mines Limited Common Shares,,
FUSB,90827699.00,NASDAQ,"First US Bancshares, Inc. - Common Stock",United States,N
FUSE,14365116.00,NASDAQ,Fusemachines Inc. - Common stock,United States,D
FVCB,320828507.00,NASDAQ,"FVCBankcorp, Inc. - Common Stock",United States,N
FVR,407925296.00,NYSE,"FrontView REIT, Inc. Common Stock",United States,
FVRR,307019217.00,NYSE,"Fiverr International Ltd. Ordinary Shares, no par value",,
FWDI,622511834.00,NASDAQ,"Forward Industries, Inc. - Common Stock",United States,N
FWRD,537453514.00,NASDAQ,Forward Air Corporation - Common Stock,United States,N
FWRG,652300438.00,NASDAQ,"First Watch Restaurant Group, Inc. - Common Stock",United States,N
FXHO,270990348.00,NASDAQ,UTime Limited - Class A Ordinary Shares,China,N
FXNC,271821428.00,NASDAQ,First National Corporation - Common Stock,United States,N
GAB,1539602196.00,NYSE,"Gabelli Equity Trust, Inc. (The) Common Stock",United States,
GABC,1856393115.00,NASDAQ,"German American Bancorp, Inc. - Common Stock",United States,N
GAIA,35341852.00,NASDAQ,"Gaia, Inc. - Class A Common Stock",United States,N
GAIN,623612003.00,NASDAQ,Gladstone Investment Corporation - Business Development Company,United States,N
GALT,393313612.00,NASDAQ,Galectin Therapeutics Inc. - Common Stock,United States,N
GAM,1528684894.00,NYSE,"General American Investors, Inc. Common Stock",United States,
GAME,40238112.00,NASDAQ,"GameSquare Holdings, Inc. - Common stock",United States,N
GANX,74630588.00,NASDAQ,"Gain Therapeutics, Inc. - Common Stock",United States,N
GASS,347314307.00,NASDAQ,"StealthGas, Inc. - common stock",Greece,N
GAUZ,5913570.00,NASDAQ,Gauzy Ltd. - Ordinary Shares,Israel,H
GBFH,260280074.00,NASDAQ,GBank Financial Holdings Inc. - Common Stock,United States,N
GBLI,356498951.00,NASDAQ,"Global Indemnity Group, LLC - Class A Common Shares",United States,N
GBR,5460922.00,NYSE AMERICAN,"New Concept Energy, Inc Common Stock",United States,
GBX,1255532458.00,NYSE,"Greenbrier Companies, Inc. (The) Common Stock",United States,
GCBC,583293116.00,NASDAQ,"Greene County Bancorp, Inc. - Common Stock",United States,N
GCDT,5420482.00,NYSE AMERICAN,Green Circle Decarbonize Technology Limited Class A Ordinary Shares,,
GCL,98642657.00,NASDAQ,GCL Global Holdings Ltd - Ordinary Shares,Singapore,D
GCO,376541290.00,NYSE,Genesco Inc. Common Stock,United States,
GCT,1919425239.00,NASDAQ,GigaCloud Technology Inc - Class A Ordinary Shares,United States,N
GCTK,1026841.00,NASDAQ,"GlucoTrack, Inc. - Common Stock",United States,D
GCTS,206931884.00,NYSE,"GCT Semiconductor Holding, Inc. Common Stock",United States,
GDC,5952375.00,NASDAQ,GD Culture Group Limited - Common Stock,United States,N
GDEV,195299262.00,NASDAQ,GDEV Inc. - Ordinary Shares,Cyprus,N
GDHG,76624353.00,NASDAQ,Golden Heaven Group Holdings Ltd.  - Class A Ordinary Shares,China,N
GDOT,712314738.00,NYSE,"Green Dot Corporation Class A Common Stock, $0.001 par value",United States,
GDRX,1118956873.00,NASDAQ,"GoodRx Holdings, Inc. - Class A Common Stock",United States,N
GDTC,10882160.00,NASDAQ,CytoMed Therapeutics Limited - Ordinary Shares,Singapore,N
GDYN,650637586.00,NASDAQ,"Grid Dynamics Holdings, Inc. - Class A Common Stock",United States,N
GEG,67164962.00,NASDAQ,"Great Elm Group, Inc.  - Common Stock",United States,N
GEL,1716549210.00,NYSE,"Genesis Energy, L.P. Common Units",United States,
GELS,5583675.00,NASDAQ,Gelteq Limited - Ordinary Shares,Australia,D
GEMI,605475783.00,NASDAQ,"Gemini Space Station, Inc. - Class A Common Stock",United States,N
GENB,1757144849.00,NASDAQ,"Generate Biomedicines, Inc. - Common Stock",United States,N
GENC,257828978.00,NYSE AMERICAN,"Gencor Industries, Inc. Common Stock",United States,
GENI,1611114281.00,NYSE,Genius Sports Limited Ordinary Shares,Guernsey,
GENK,56187301.00,NASDAQ,"GEN Restaurant Group, Inc. - Class A Common Stock",United States,N
GEOS,62090894.00,NASDAQ,Geospace Technologies Corporation - Common Stock,United States,N
GERN,770968091.00,NASDAQ,Geron Corporation - Common Stock,United States,N
GEVO,323880606.00,NASDAQ,"Gevo, Inc. - Common Stock",United States,N
GFAI,9666008.00,NASDAQ,"Guardforce AI Co., Limited - Ordinary Shares",Singapore,D
GFR,1394399414.00,NYSE,Greenfire Resources Ltd. Common Shares,Canada,
GFUZ,481699305.00,NASDAQ,General Fusion Group Ltd. - Common Shares,United States,N
GGR,65969654.00,NASDAQ,Gogoro Inc. - Ordinary Shares,Taiwan,N
GGT,109592289.00,NYSE,"Gabelli Multi-Media Trust, Inc. (The) Common Stock",United States,
GHG,94843486.00,NYSE,"GreenTree Hospitality Group Ltd. American depositary shares, each representing one Class A ordinary share",,
GHM,1073821149.00,NYSE,Graham Corporation Common Stock,United States,
GHRS,1572701572.00,NASDAQ,GH Research PLC - Ordinary Shares,Ireland,N
GIBO,84515384.00,NASDAQ,GIBO Holdings Limited - Class A Ordinary Shares,Hong Kong,N
GIC,1661904751.00,NYSE,Global Industrial Company Common Stock,United States,
GIFT,19480304.00,NASDAQ,"Giftify, Inc. - Common Stock",United States,D
GIGM,15804696.00,NASDAQ,GigaMedia Limited - Ordinary Shares,Taiwan,N
GIII,1173530024.00,NASDAQ,"G-III Apparel Group, LTD. - Common Stock",United States,N
GILT,756973608.00,NASDAQ,Gilat Satellite Networks Ltd. - Ordinary Shares,Israel,N
GIPR,3129500.00,NASDAQ,Generation Income Properties Inc. - Common stock,United States,D
GITS,7607618.00,NASDAQ,"Global Interactive Technologies, Inc. Common Stock - Common Stock",South Korea,N
GIXI,10866650.00,NASDAQ,Gix Internet Ltd. - Ordinary Shares,Israel,N
GLAS,483108932.00,NYSE,Glass House Brands Inc. Subordinate Voting Shares,,
GLBS,75538054.00,NASDAQ,Globus Maritime Limited - Common Stock,Greece,N
GLDG,201259826.00,NYSE AMERICAN,GoldMining Inc. Common Shares,,
GLE,8138010.00,NASDAQ,Global Engine Group Holding Limited - Class A Ordinary Shares,Hong Kong,D
GLIBA,924199661.00,NASDAQ,Liberty Capital Corporation - Series A GCI Group Common Stock,United States,N
GLIBK,927392061.00,NASDAQ,Liberty Capital Corporation - Series C GCI Group Common Stock,United States,N
GLND,163113624.00,NASDAQ,Greenland Energy Company - Common Stock,United States,N
GLOB,1515602416.00,NYSE,Globant S.A. Common Shares,United States,
GLOO,377107889.00,NASDAQ,"Gloo Holdings, Inc. - Common Stock",United States,N
GLP,1594391905.00,NYSE,Global Partners LP Common Units representing Limited Partner Interests,United States,
GLRE,481459824.00,NASDAQ,"Greenlight Reinsurance, Ltd. - Class A Ordinary Shares",Cayman Islands,N
GLSI,249235972.00,NASDAQ,"Greenwich LifeSciences, Inc. - Common stock",United States,N
GLU,104157497.00,NYSE AMERICAN,Gabelli Global Utility Common Shares of Beneficial Ownership,United States,
GLUE,895790711.00,NASDAQ,"Monte Rosa Therapeutics, Inc. - Common Stock",United States,N
GLXG,5901900.00,NASDAQ,Galaxy Payroll Group Limited - Class A Ordinary Shares,Hong Kong,N
GMEX,1843691.00,NASDAQ,GMEX ROBOTICS CORPORATION - Class A Ordinary Shares,Australia,N
GMHS,34660062.00,NASDAQ,Gamehaus Holdings Inc. - Class A Ordinary Shares,China,D
GMM,17649323.00,NASDAQ,Global Mofy AI Limited  - Class A Ordinary Shares,China,N
GMRS,534274722.00,NYSE,GMR Solutions Inc. Class A Common Stock,,
GMTL,343123639.00,NYSE AMERICAN,Guardian Metal Resources PLC ADS,,
GNE,432431406.00,NYSE,Genie Energy Ltd. Class B Common Stock Stock,United States,
GNK,1206041360.00,NYSE,Genco Shipping & Trading Limited Ordinary Shares New (Marshall Islands),United States,
GNL,1908372320.00,NYSE,"Global Net Lease, Inc. Common Stock",United States,
GNLN,1847487.00,NASDAQ,"Greenlane Holdings, Inc. - Class A Common Stock",United States,N
GNLX,115828058.00,NASDAQ,Genelux Corporation - Common Stock,United States,N
GNPX,2155835.00,NASDAQ,"Genprex, Inc. - Common Stock",United States,N
GNS,28830516.00,NYSE AMERICAN,Genius Group Limited Ordinary Shares,Singapore,
GNSS,66035913.00,NASDAQ,Genasys Inc. - Common Stock,United States,N
GNTA,35921559.00,NASDAQ,Genenta Science S.p.A. - American Depositary Shares,Italy,N
GO,1151361797.00,NASDAQ,Grocery Outlet Holding Corp. - Common Stock,United States,N
GOAI,72389393.00,NASDAQ,Eva Live Inc. - Common Stock,United States,N
GOGO,285921589.00,NASDAQ,Gogo Inc. - Common Stock,United States,N
GOLD,1230488913.00,NYSE,"Gold.com, Inc. Common Stock",United States,
GOOD,626393063.00,NASDAQ,Gladstone Commercial Corporation - Real Estate Investment Trust,United States,N
GOOS,748088622.00,NYSE,Canada Goose Holdings Inc. Subordinate Voting Shares,,
GORO,551027841.00,NYSE AMERICAN,Goldgroup Mining Inc. Common Shares,Canada,
GOSS,65506548.00,NASDAQ,"Gossamer Bio, Inc. - Common Stock",United States,N
GOTU,608026697.00,NYSE,Gaotu Techedu Inc. American Depositary Shares,China,
GOVX,3233929.00,NASDAQ,"GeoVax Labs, Inc. - Common Stock",United States,D
GOW,180884497.00,NASDAQ,GOWell Energy Technology - Ordinary shares,Singapore,N
GP,5681942.00,NASDAQ,GreenPower Motor Company Inc. - Common Shares,Canada,N
GPCR,1973143743.00,NASDAQ,Structure Therapeutics Inc. - American Depositary Shares,United States,N
GPMT,36664345.00,NYSE,Granite Point Mortgage Trust Inc. Common Stock,United States,
GPRE,1067551845.00,NASDAQ,"Green Plains, Inc. - Common Stock",United States,N
GPRK,704118920.00,NYSE,Geopark Ltd Common Shares,Bermuda,
GPRO,278581091.00,NASDAQ,"GoPro, Inc. - Class A Common Stock",United States,N
GPUS,30047321.00,NYSE AMERICAN,"Hyperscale Data, Inc. Common Stock",United States,
GRAN,23411875.00,NASDAQ,Grande Group Limited - Class A Ordinary Shares,Hong Kong,N
GRCE,43544375.00,NASDAQ,"Grace Therapeutics, Inc. - Common Stock",Canada,N
GRDX,27169579.00,NASDAQ,GridAI Technologies Corp.  - Common Stock,United States,N
GRI,4284785.00,NASDAQ,"GRI Bio, Inc. - Common Stock",United States,N
GRML,105175400.00,NASDAQ,Greenland Mines Ltd - Common Stock,United States,N
GRNQ,15372425.00,NASDAQ,Greenpro Capital Corp. - Common Stock,China,N
GRNT,589594082.00,NYSE,"Granite Ridge Resources, Inc. Common Stock",United States,
GRO,133184362.00,NYSE AMERICAN,Brazil Potash Corp. Common Shares,,
GROV,44409088.00,NYSE,"Grove Collaborative Holdings, Inc. Class A Common Stock",,
GROW,35172841.00,NASDAQ,"U.S. Global Investors, Inc. - Class A Common Stock",United States,N
GROY,685503327.00,NYSE AMERICAN,Gold Royalty Corp. Common Shares,Canada,
GRPN,785246866.00,NASDAQ,"Groupon, Inc. - Common Stock",United States,N
GRRR,365565933.00,NASDAQ,Gorilla Technology Group Inc. - Ordinary shares,Taiwan,N
GRSD,52996757.00,NASDAQ,Grandstand Limited - Ordinary Shares,Jersey,N
GRVY,475999650.00,NASDAQ,"GRAVITY Co., Ltd. - American depositary shares, each representing one common share.",South Korea,N
GRWG,92505105.00,NASDAQ,GrowGeneration Corp. - Common Stock,United States,N
GSBC,863845380.00,NASDAQ,"Great Southern Bancorp, Inc. - Common Stock",United States,N
GSBD,1021001438.00,NYSE,"Goldman Sachs BDC, Inc. Common Stock",United States,
GSHD,1616328837.00,NASDAQ,"Goosehead Insurance, Inc. - Class A Common Stock",United States,N
GSIT,215606830.00,NASDAQ,"GSI Technology, Inc. - Common Stock",United States,N
GSIW,101874914.00,NASDAQ,Garden Stage Limited - Class A Ordinary Shares,Hong Kong,N
GSL,1644696393.00,NYSE,Global Ship Lease Inc New Class A Common Shares,United Kingdom,
GSM,796025802.00,NASDAQ,Ferroglobe PLC - Ordinary Shares,United Kingdom,N
GSUN,2176265.00,NASDAQ,Golden Sun Technology Group Limited - Class A Ordinary Shares,China,D
GT,1393429887.00,NASDAQ,The Goodyear Tire & Rubber Company - Common Stock,United States,N
GTBP,11006712.00,NASDAQ,"GT Biopharma, Inc. - Common Stock",United States,N
GTE,369371679.00,NYSE AMERICAN,Gran Tierra Energy Inc. Common Stock,Canada,
GTEC,21503474.00,NASDAQ,Greenland Technologies Holding Corporation - Class A Ordinary Shares,China,N
GTIM,15836844.00,NASDAQ,Good Times Restaurants Inc. - Common Stock,United States,N
GTM,1080018271.00,NASDAQ,ZoomInfo Technologies Inc. - Common Stock,United States,N
GTN,467549099.00,NYSE,"Gray Media, Inc. Common Stock",United States,
GTY,1746502112.00,NYSE,Getty Realty Corporation Common Stock,United States,
GURE,5467796.00,NASDAQ,"Gulf Resources, Inc. - Common Stock",China,N
GUT,436724223.00,NYSE,Gabelli Utility Trust (The) Common Stock,United States,
GUTS,64722526.00,NASDAQ,"Fractyl Health, Inc. - Common Stock",United States,D
GVH,4777635.00,NASDAQ,Globavend Holdings Limited - Ord Shares,Australia,N
GWAV,6874626.00,NASDAQ,"Greenwave Technology Solutions, Inc. - Common Stock",United States,N
GWRS,243292656.00,NASDAQ,"Global Water Resources, Inc. - common stock",United States,N
GXAI,5701875.00,NASDAQ,Gaxos.ai Inc. - Common Stock,United States,N
GYGY,8531578.00,NASDAQ,"Game Your Game, Inc. - Common Stock",United States,N
GYRE,792835026.00,NASDAQ,"Gyre Therapeutics, Inc. - Common Stock",United States,N
GYRO,10028625.00,NASDAQ,"Gyrodyne , LLC - Common Stock",United States,N
HAFC,938991906.00,NASDAQ,Hanmi Financial Corporation - Common Stock,United States,N
HAIN,47239278.00,NASDAQ,"The Hain Celestial Group, Inc. - Common Stock",United States,D
HAO,1721612.00,NASDAQ,Haoxi Health Technology Limited - Class A Ord Share,China,N
HAPN,1774966796.00,NASDAQ,"Happen, Inc. - Common Stock",United States,N
HAWK,1450869825.00,NYSE,"HawkEye 360, Inc. Common Stock",United States,
HBB,510674193.00,NYSE,Hamilton Beach Brands Holding Company Class A Common Stock ,United States,
HBCP,531511748.00,NASDAQ,"Home Bancorp, Inc. - Common Stock",United States,N
HBIO,37966224.00,NASDAQ,"Harvard Bioscience, Inc. - Common Stock",United States,N
HBNB,1113994157.00,NASDAQ,Hotel101 Global Holdings Corp. - Class A Ordinary Shares,Singapore,N
HBNC,1000191230.00,NASDAQ,"Horizon Bancorp, Inc. - Common Stock",United States,N
HBT,1321526340.00,NASDAQ,"HBT Financial, Inc. - Common Stock",United States,N
HCAI,5533031.00,NASDAQ,"Huachen AI Parking Management Technology Holding Co., Ltd. - Class A Ordinary Shares",China,N
HCAT,131698667.00,NASDAQ,"Health Catalyst, Inc - Common stock",United States,N
HCKT,268183471.00,NASDAQ,"The Hackett Group, Inc. - Common Stock",United States,N
HCMA,399768750.00,NASDAQ,HCM III Acquisition Corp. - Class A Ordinary Share,United States,N
HCSG,1432354056.00,NASDAQ,"Healthcare Services Group, Inc. - Common Stock",United States,N
HCTI,10856383.00,NASDAQ,"Healthcare Triangle, Inc. - Common Stock",United States,N
HCWB,3757024.00,NASDAQ,HCW Biologics Inc. - Common Stock,United States,N
HDL,735488169.00,NASDAQ,SUPER HI INTERNATIONAL HOLDING LTD. - American Depositary Shares,Singapore,N
HDRN,88658564.00,NASDAQ,"Hadron Energy, Inc. - Common Stock",United States,N
HDSN,220123101.00,NASDAQ,"Hudson Technologies, Inc. - Common Stock",United States,N
HE,1537279236.00,NYSE,"Hawaiian Electric Industries, Inc. Common Stock",United States,
HELE,622829711.00,NASDAQ,Helen of Troy Limited - Common Stock,Bermuda,N
HELP,854821738.00,NASDAQ,Helus Pharma Inc.  - Common Stock,Canada,N
HEPS,871629488.00,NASDAQ,D-Market Electronic Services & Trading - American Depositary Shares,Turkey,N
HERE,92453846.00,NASDAQ,Here Group Limited - American Depositary Shares,China,N
HFBL,76931629.00,NASDAQ,"Home Federal Bancorp, Inc. of Louisiana - Common Stock",United States,N
HFFG,90632590.00,NASDAQ,HF Foods Group Inc. - Common Stock,United States,N
HFWA,1151363802.00,NASDAQ,Heritage Financial Corporation - Common Stock,United States,N
HGBL,44684884.00,NASDAQ,Heritage Global Inc. - Common Stock,United States,N
HHS,33991334.00,NASDAQ,"Harte Hanks, Inc. - Common Stock",United States,N
HIFS,617978772.00,NASDAQ,Hingham Institution for Savings - Common Stock,United States,N
HIHO,4164471.00,NASDAQ,Highway Holdings Limited - Common Stock,Hong Kong,D
HIND,13405388.00,NASDAQ,"Vyome Holdings, Inc. - Common Stock",United States,N
HIPO,850793643.00,NYSE,Hippo Holdings Inc. Common Stock,United States,
HIT,51156639.00,NASDAQ,"Health In Tech, Inc. - Class A Common Stock",United States,N
HITI,234445075.00,NASDAQ,High Tide Inc. - Common Shares,Canada,N
HIVE,815975081.00,NASDAQ,HIVE Digital Technologies Ltd - Common Shares,Canada,N
HKD,215740390.00,NYSE,AMTD Digital Inc. American Depositary Shares (every five of which represent two Class A Ordinary Shares),,
HKIT,22299813.00,NASDAQ,Hitek Global Inc. - Class A Ordinary Share,China,N
HKPD,5310745.00,NASDAQ,"Cellyan Biotechnology Co., Ltd  - Class A Ordinary Shares",Hong Kong,D
HLF,1316330453.00,NYSE,Herbalife Ltd. Common Shares,Cayman Islands,
HLIT,1218272191.00,NASDAQ,Harmonic Inc. - Common Stock,United States,N
HLLY,283687895.00,NYSE,Holley Inc. Common Stock,United States,
HLMN,1369596793.00,NASDAQ,Hillman Solutions Corp. - Common Stock,United States,N
HLP,190583813.00,NASDAQ,Hongli Group Inc. - Class A Ordinary Shares,China,N
HLSQ,1029600.00,NYSE AMERICAN,Tessera Defense and Homeland Security Inc. Common Stock,,
HMH,807345631.00,NASDAQ,HMH Holding Inc. - Common Stock,United States,N
HMN,1833077704.00,NYSE,Horace Mann Educators Corporation Common Stock,United States,
HMR,98516635.00,NASDAQ,Heidmar Maritime Holdings Corp. - Common Stock,Greece,N
HNNA,81494467.00,NASDAQ,"Hennessy Advisors, Inc. - Common Stock",United States,N
HNRG,635963886.00,NASDAQ,Hallador Energy Company - Common Stock,United States,N
HNST,553587396.00,NASDAQ,"The Honest Company, Inc. - Common Stock",United States,N
HNVR,180901071.00,NASDAQ,"Hanover Bancorp, Inc. - Common Stock",United States,N
HODO,12927183.00,NASDAQ,House of Doge Inc. - Common Stock,United States,D
HOFT,140816234.00,NASDAQ,Hooker Furnishings Corporation - Common Stock,United States,N
HOLO,35743282.00,NASDAQ,MicroCloud Hologram Inc. - Ordinary Shares,United States,N
HOPE,1747508316.00,NASDAQ,"Hope Bancorp, Inc. - Common Stock",United States,N
HOS,1686244395.00,NYSE,"Hornbeck Offshore Services, Inc. Common Stock",United States,
HOST,101521156.00,NYSE AMERICAN,Host Digital Inc. Class A Common Stock,,
HOUR,65471665.00,NASDAQ,"Hour Loop, Inc. - common stock",United States,N
HOV,692539218.00,NYSE,"Hovnanian Enterprises, Inc. Class A Common Stock",United States,
HOVR,112768221.00,NASDAQ,New Horizon Aircraft Ltd. - Class A Ordinary Shares,United States,N
HOWL,45104793.00,NASDAQ,"Werewolf Therapeutics, Inc. - Common Stock",United States,D
HPAI,11448425.00,NASDAQ,Helport AI Limited - Ordinary Shares,Singapore,D
HPK,992654511.00,NASDAQ,"HighPeak Energy, Inc. - Common Stock",United States,N
HPP,623005147.00,NYSE,"Hudson Pacific Properties, Inc. Common Stock",United States,
HQ,852219143.00,NASDAQ,Horizon Quantum Holdings Ltd. - Class A Ordinary Shares,Singapore,N
HQI,261459000.00,NASDAQ,"HireQuest, Inc. - Common Stock",United States,N
HROW,1142629668.00,NASDAQ,"Harrow, Inc. - Common Stock",United States,N
HRTG,1010604820.00,NYSE,"Heritage Insurance Holdings, Inc. Common Stock",United States,
HRTX,65992662.00,NASDAQ,"Heron Therapeutics, Inc.   - Common Stock",United States,D
HRZN,309696660.00,NASDAQ,Horizon Technology Finance Corporation - Common Stock,United States,N
HSCS,20828813.00,NASDAQ,HeartSciences Inc. - Common Stock,United States,D
HSDT,170497795.00,NASDAQ,Solana Company - Class A Common Stock,United States,N
HSHP,849447500.00,NYSE,Himalaya Shipping Ltd. Common Shares,,
HSLV,1068497945.00,NYSE AMERICAN,Highlander Silver Corp. Common Shares,,
HSTM,942965237.00,NASDAQ,"HealthStream, Inc. - Common Stock",United States,N
HTB,777735256.00,NYSE,"HomeTrust Bancshares, Inc. Common Stock",United States,
HTCO,15739905.00,NASDAQ,High-Trend International Group - Class A Ordinary Shares,Singapore,N
HTCR,3000349.00,NASDAQ,"Heartcore Enterprises, Inc. - Common Stock",Japan,N
HTLD,920258071.00,NASDAQ,"Heartland Express, Inc. - Common Stock",United States,N
HTLM,170406250.00,NASDAQ,HomesToLife Ltd - Ordinary Shares,Singapore,N
HTOO,16159957.00,NASDAQ,Fusion Fuel Green PLC - Ordinary Shares,Ireland,N
HTT,358704894.00,NYSE,"High Templar Tech Limited American depositary shares, each representing one Class A ordinary share",China,
HTZ,627354452.00,NASDAQ,"Hertz Global Holdings, Inc - Common Stock",United States,N
HUBC,1350416.00,NASDAQ,Hub Cyber Security Ltd. - Ordinary Shares,Israel,D
HUBG,1820539993.00,NASDAQ,"Hub Group, Inc. - Class A Common Stock",United States,E
HUCK,150515715.00,NASDAQ,"Huckleberry.ai, Inc. - Class B Common Stock",United States,N
HUDI,9805776.00,NASDAQ,"Huadi International Group Co., Ltd. - Ordinary Shares",China,D
HUHU,121350245.00,NASDAQ,HUHUTECH International Group Inc. - Ordinary Shares,China,N
HUIZ,13441081.00,NASDAQ,Huize Holding Limited - American Depositary Shares,China,N
HUMA,144871712.00,NASDAQ,"Humacyte, Inc. - Common Stock",United States,D
HUN,1495979594.00,NYSE,Huntsman Corporation Common Stock,United States,
HURA,121717838.00,NASDAQ,"TuHURA Biosciences, Inc. - Common Stock",United States,N
HURC,144357217.00,NASDAQ,"Hurco Companies, Inc. - Common Stock",United States,N
HUYA,525242014.00,NYSE,"HUYA Inc. American depositary shares, each  representing one Class A ordinary share",United States,
HVT,428824715.00,NYSE,"Haverty Furniture Companies, Inc. Common Stock",United States,
HWBK,282531283.00,NASDAQ,"Hawthorn Bancshares, Inc. - Common Stock",United States,N
HXHX,5711360.00,NASDAQ,Haoxin Holdings Limited - Class A Ordinary Shares,China,D
HY,559965986.00,NYSE,"Hyster-Yale, Inc. Class A common stock",United States,
HYFM,4963903.00,NASDAQ,"Hydrofarm Holdings Group, Inc. - Common Stock",United States,D
HYFT,63129635.00,NASDAQ,MindWalk Holdings Corp. - Common Stock,Canada,N
HYLN,809045398.00,NYSE AMERICAN,Hyliion Holdings Corp. Class A Common Stock,United States,
HYMC,1743429252.00,NASDAQ,Hycroft Mining Holding Corporation - Class A Common Stock,United States,N
HYNE,134409171.00,NASDAQ,"Hoyne Bancorp, Inc. - Common Stock",United States,N
HYPD,57962089.00,NASDAQ,"Hyperion DeFi, Inc. - Common Stock",United States,N
HYPR,94786300.00,NASDAQ,"Hyperfine, Inc.  - Class A Common Stock",United States,D
HZO,1156241153.00,NYSE,"MarineMax, Inc.  (FL) Common Stock",United States,
IA,339905295.00,NASDAQ,"Innovative Solutions and Support, Inc. - Common Stock",United States,N
IART,986155376.00,NASDAQ,Integra LifeSciences Holdings Corporation - Common Stock,United States,N
IAUX,1402760726.00,NYSE AMERICAN,i-80 Gold Corp. Common Shares,Canada,
IBCP,807388359.00,NASDAQ,Independent Bank Corporation - Common Stock,United States,N
IBEX,578682870.00,NASDAQ,IBEX Limited - Common Share,Bermuda,N
IBG,3587444.00,NASDAQ,Innovation Beverage Group Limited - Ordinary Shares,Australia,D
IBIO,72345663.00,NASDAQ,"iBio, Inc. - Common Stock",United States,N
IBO,45453227.00,NYSE AMERICAN,"Impact BioMedical, Inc. Common Stock",,
IBTA,964087639.00,NYSE,"Ibotta, Inc. Class A Common Stock",United States,
ICCC,88551421.00,NASDAQ,ImmuCell Corporation - Common Stock,United States,N
ICCM,5379409.00,NASDAQ,IceCure Medical Ltd. - Ordinary Shares,Israel,N
ICFI,1468067744.00,NASDAQ,"ICF International, Inc. - Common Stock",United States,N
ICG,113535928.00,NASDAQ,Intchains Group Limited - American Depositary Shares,China,N
ICMB,11401653.00,NASDAQ,"Investcorp Credit Management BDC, Inc. - Common Stock",United States,D
ICON,3646535.00,NASDAQ,Icon Energy Corp. - Common stock,Greece,N
ICU,20668084.00,NASDAQ,SeaStar Medical Holding Corporation - Common Stock,United States,N
IDAI,18327696.00,NASDAQ,T Stamp Inc. - Class A Common Stock,United States,N
IDN,46005507.00,NASDAQ,"Intellicheck, Inc. - Common Stock",United States,N
IDR,437435339.00,NYSE AMERICAN,"Idaho Strategic Resources, Inc. Common Stock",United States,
IDT,1961759420.00,NYSE,IDT Corporation Class B Common Stock,United States,
IE,1666122304.00,NYSE AMERICAN,Ivanhoe Electric Inc. Common Stock,Canada,
IFBD,7068377.00,NASDAQ,"Infobird Co., Ltd - Ordinary Shares",China,N
IFRX,253473340.00,NASDAQ,InflaRx N.V. - Common Stock,Germany,N
IGC,28420264.00,NYSE AMERICAN,"IGC Pharma, Inc. Common Stock",United States,
IGIC,1054775358.00,NASDAQ,International General Insurance Holdings Ltd. - Ordinary Shares,Jordan,N
IH,58268663.00,NYSE,"iHuman Inc. American depositary shares, each representing five Class A ordinary shares",United States,
IHRT,259376306.00,NASDAQ,"iHeartMedia, Inc. - Class A Common Stock",United States,N
IHT,14816431.00,NYSE AMERICAN,InnSuites Hospitality Trust Shares of Beneficial Interest,United States,
III,275956733.00,NASDAQ,"Information Services Group, Inc. - Common Stock",United States,N
IIIN,572229781.00,NYSE,"Insteel Industries, Inc. Common Stock",United States,
IIIV,375878289.00,NASDAQ,"i3 Verticals, Inc. - Common Stock",United States,N
IIPR,1392904551.00,NYSE,"Innovative Industrial Properties, Inc. Common Stock",United States,
IKT,279071800.00,NASDAQ,"Inhibikase Therapeutics, Inc. - Common Stock",United States,N
ILAG,6023149.00,NASDAQ,Intelligent Living Application Group Inc. - Ordinary Shares,Hong Kong,N
ILLR,5293576.00,NASDAQ,Triller Group Inc. - Common Stock,United States,D
ILLU,102442145.00,NASDAQ,Illumination Acquisition Corp I - Class A Ordinary Shares,United States,N
ILPT,472560837.00,NASDAQ,Industrial Logistics Properties Trust - Common Shares of Beneficial Interest,United States,N
IMA,52216698.00,NASDAQ,"ImageneBio, Inc. - Common Stock",United States,N
IMC,957461000.00,NYSE AMERICAN,IMC Rare Earths Ltd Ordinary Shares,,
IMCC,2024688.00,NASDAQ,IM Cannabis Corp. - Common Shares,Canada,N
IMCR,1530023911.00,NASDAQ,Immunocore Holdings plc - American Depositary Shares,United Kingdom,N
IMDX,112571537.00,NASDAQ,Insight Molecular Diagnostics Inc. - Common Stock,United States,N
IMKTA,1645862680.00,NASDAQ,"Ingles Markets, Incorporated - Class A Common Stock",United States,N
IMMP,32053440.00,NASDAQ,Immutep Limited - American Depositary Shares,Australia,D
IMMR,245392643.00,NASDAQ,Immersion Corporation - Common Stock,United States,N
IMMX,802500566.00,NASDAQ,"Immix Biopharma, Inc. - Common Stock",United States,N
IMNN,7182596.00,NASDAQ,"Imunon, Inc. - Common Stock",United States,N
IMPP,243249480.00,NASDAQ,Imperial Petroleum Inc. - Common Shares,Greece,N
IMRN,8797610.00,NASDAQ,Immuron Limited - American Depositary Shares,Australia,N
IMRX,263318426.00,NASDAQ,Immuneering Corporation - Class A Common Stock,United States,N
IMSR,400435260.00,NASDAQ,Terrestrial Energy Inc. - Common Stock,United States,N
IMTE,1551929.00,NASDAQ,Integrated Media Technology Limited - Ordinary Shares,Australia,D
IMTX,1135704421.00,NASDAQ,Immatics N.V. - Ordinary Shares,Germany,N
IMUX,108609957.00,NASDAQ,"Immunic, Inc.  - Common Stock",United States,N
IMXI,347735827.00,NASDAQ,"International Money Express, Inc. - Common Stock",United States,N
INAB,13801736.00,NASDAQ,"IN8bio, Inc. - Common Stock",United States,N
INBK,241221314.00,NASDAQ,First Internet Bancorp - Common Stock,United States,N
INBS,5505893.00,NASDAQ,Intelligent Bio Solutions Inc.  - Common Stock,United States,N
INBX,1427465843.00,NASDAQ,"Inhibrx Biosciences, Inc. - Common Stock",United States,N
INCR,81320417.00,NASDAQ,Intercure Ltd. - ordinary shares,Israel,N
INDI,688472383.00,NASDAQ,"indie Semiconductor, Inc. - Class A Common Stock",United States,N
INDO,41082863.00,NYSE AMERICAN,Indonesia Energy Corporation Limited Ordinary Shares,,
INDP,317116731.00,NASDAQ,"Indaptus Therapeutics, Inc. - Common Stock",United States,N
INEO,9472752.00,NASDAQ,INNEOVA Holdings Limited - Class A Ordinary Shares,Singapore,D
INFU,262110102.00,NYSE AMERICAN,"InfuSystems Holdings, Inc. Common Stock",United States,
INGN,158433872.00,NASDAQ,"Inogen, Inc - Common Stock",United States,N
INHD,8015448.00,NASDAQ,Inno Holdings Inc. - Common Stock,United States,N
INKT,63481345.00,NASDAQ,"MiNK Therapeutics, Inc. - Common Stock",United States,N
INLF,3870558.00,NASDAQ,INLIF LIMITED - Class A Ordinary shares,China,N
INLX,22699720.00,NYSE AMERICAN,"Intellinetics, Inc. Common Stock",,
INM,7306668.00,NASDAQ,InMed Pharmaceuticals Inc. - Common Shares,Canada,D
INMB,53564813.00,NASDAQ,INmune Bio Inc. - Common stock,United States,N
INMD,809904077.00,NASDAQ,InMode Ltd.  - Ordinary Shares,Israel,N
INN,649277847.00,NYSE,"Summit Hotel Properties, Inc. Common Stock",United States,
INNV,1222604768.00,NASDAQ,InnovAge Holding Corp. - Common Stock,United States,N
INO,119941121.00,NASDAQ,"Inovio Pharmaceuticals, Inc. - Common Stock",United States,N
INR,818781351.00,NYSE,"Infinity Natural Resources, Inc. Class A Common Stock",United States,
INSE,91331759.00,NASDAQ,"Inspired Entertainment, Inc. - Common Stock",United States,N
INSG,75698929.00,NASDAQ,Inseego Corp. - Common Stock,United States,N
INTG,59887390.00,NASDAQ,The Intergroup Corporation - Common Stock,United States,N
INTJ,4397244.00,NASDAQ,Intelligent Group Limited - Class A Ordinary Shares,Hong Kong,N
INTS,11231184.00,NASDAQ,"Intensity Therapeutics, Inc. - Common Stock",United States,N
INTT,157757168.00,NYSE AMERICAN,inTest Corporation Common Stock,United States,
INTZ,17620499.00,NASDAQ,Intrusion Inc. - Common Stock,United States,D
INV,42636318.00,NASDAQ,"Innventure, Inc. - Common Stock",United States,N
INVA,1481032443.00,NASDAQ,"Innoviva, Inc. - Common Stock",United States,N
INVE,56954020.00,NASDAQ,"INVE Technologies, Inc. - Common Stock",United States,N
INVX,1909947435.00,NYSE,"Innovex International, Inc. Common Stock",United States,
INVZ,104152372.00,NASDAQ,Innoviz Technologies Ltd. - Ordinary shares,Israel,D
IONR,225216938.00,NASDAQ,ioneer Ltd - American Depositary Shares,Australia,N
IOR,69125026.00,NYSE AMERICAN,"Income Opportunity Realty Investors, Inc. Common Stock",United States,
IOTR,11825576.00,NASDAQ,iOThree Limited - Ordinary Shares,Singapore,N
IPDN,2143911.00,NASDAQ,"Professional Diversity Network, Inc. - Common Stock",United States,N
IPHA,174252541.00,NASDAQ,Innate Pharma S.A. - American Depositary Shares,France,N
IPI,440840640.00,NYSE,"Intrepid Potash, Inc Common Stock",United States,
IPM,16083598.00,NASDAQ,Intelligent Protection Management Corp.  - Common Stock,United States,N
IPSC,277045241.00,NASDAQ,"Century Therapeutics, Inc. - Common Stock",United States,N
IPST,2222460.00,NASDAQ,"IP Strategy Holdings, Inc. - Common Stock",United States,E
IPW,1305077.00,NASDAQ,iPower Inc. - Common Stock,United States,N
IPWR,66560353.00,NASDAQ,Ideal Power Inc. - Common Stock,United States,N
IPX,575934767.00,NASDAQ,IperionX Limited - American Depositary Share,United States,N
IQ,957401040.00,NASDAQ,"iQIYI, Inc. - American Depositary Shares",China,N
IQMX,1961285856.00,NASDAQ,IQM Quantum Computers Oyj - American Depositary Shares,Finland,N
IQST,11243335.00,NASDAQ,iQSTEL Inc. - Common Stock,United States,N
IRD,381036869.00,NASDAQ,"Opus Genetics, Inc. - Common Stock",United States,N
IRIX,11297751.00,NASDAQ,IRIDEX Corporation - Common Stock,United States,D
IRMD,1092009031.00,NASDAQ,iRadimed Corporation - Common Stock,United States,N
IRS,1083224952.00,NYSE,IRSA Inversiones Y Representaciones S.A. Global Depositary Shares (Each representing ten shares of Common Stock),Argentina,
IRWD,601473407.00,NASDAQ,"Ironwood Pharmaceuticals, Inc. - Class A Common Stock",United States,N
ISBA,290812639.00,NASDAQ,Isabella Bank Corporation - Common stock,United States,N
ISOU,598263262.00,NYSE AMERICAN,IsoEnergy Ltd. Common Shares,,
ISPC,2720077.00,NASDAQ,iSpecimen Inc. - Common Stock,United States,D
ISPR,79701170.00,NASDAQ,Ispire Technology Inc. - Common Stock,United States,N
ISTR,405182335.00,NASDAQ,Investar Holding Corporation - Common Stock,United States,N
ITG,854201667.00,NASDAQ,"ITG, Inc. - Class A Common Stock",United States,N
ITIC,547896439.00,NASDAQ,Investors Title Company - Common Stock,United States,N
ITOC,29145450.00,NASDAQ,iTonic Holdings Ltd - Class A Ordinary Shares,China,D
ITP,2431145.00,NYSE AMERICAN,"IT Tech Packaging, Inc. Common Stock",China,
ITRG,535584905.00,NYSE AMERICAN,Integra Resources Corp. Common Shares,,
ITRN,1045009757.00,NASDAQ,Ituran Location and Control Ltd. - Ordinary Shares,Israel,N
IVA,841157519.00,NASDAQ,Inventiva S.A. - American Depository Shares,France,N
IVDA,3626762.00,NASDAQ,"Iveda Solutions, Inc. - Common Stock",United States,D
IVF,3934166.00,NASDAQ,"INVO Fertility, Inc. - Common Stock",United States,N
IVR,614626781.00,NYSE,INVESCO MORTGAGE CAPITAL INC Common Stock,United States,
IVVD,242321165.00,NASDAQ,"Invivyd, Inc. - Common Stock",United States,D
IXHL,40268253.00,NASDAQ,Incannex Healthcare Inc. - Common Stock,Australia,N
IZEA,42669901.00,NASDAQ,"IZEA Worldwide, Inc. - Common Stock",United States,N
IZM,2884346.00,NASDAQ,ICZOOM Group Inc. - Class A Ordinary Shares,China,E
JACK,238782659.00,NASDAQ,Jack In The Box Inc. - Common Stock,United States,N
JAGU,24030595.00,NYSE AMERICAN,Jaguar Uranium Corp. Class A Common Shares,Canada,
JAGX,4691531.00,NASDAQ,"Jaguar Health, Inc. - Common Stock",United States,N
JAKK,310732076.00,NASDAQ,"JAKKS Pacific, Inc. - Common Stock",United States,N
JANX,1035045567.00,NASDAQ,"Janux Therapeutics, Inc. - Common Stock",United States,N
JBDI,9324241.00,NASDAQ,JBDI Holdings Limited - Ordinary Shares,Singapore,N
JBGS,787970811.00,NYSE,JBG SMITH Properties Common Shares ,United States,
JBI,574394676.00,NYSE,"Janus International Group, Inc. Common Stock",United States,
JBIO,897995104.00,NASDAQ,"Jade Biosciences, Inc. - Common Stock",United States,N
JBLU,1565845551.00,NASDAQ,JetBlue Airways Corporation - Common Stock,United States,N
JBSS,801237318.00,NASDAQ,"John B. Sanfilippo & Son, Inc. - Common Stock",United States,N
JCAP,1105441568.00,NASDAQ,"Jefferson Capital, Inc. - Common Stock",United States,N
JCSE,7458862.00,NASDAQ,JE Cleantech Holdings Limited - Ordinary Shares,Singapore,N
JCTC,10384333.00,NASDAQ,Jewett-Cameron Trading Company - Common Shares,United States,N
JDZG,26288378.00,NASDAQ,JIADE LIMITED - Class A Ordinary Shares,China,N
JELD,163982792.00,NYSE,"JELD-WEN Holding, Inc. Common Stock",United States,
JEM,2517134.00,NASDAQ,707 Cayman Holdings Limited - Ordinary Shares,China,N
JF,16872942.00,NASDAQ,J and Friends Holdings Limited - American Depositary Shares,China,N
JFIN,68551705.00,NASDAQ,Jiayin Group Inc. - American Depositary Shares,China,N
JFU,31321775.00,NASDAQ,9F Inc. - American Depositary Shares,China,N
JG,38631058.00,NASDAQ,Aurora Mobile Limited - American Depositary Shares,China,N
JHI,106508582.00,NYSE,John Hancock Investors Trust Common Stock,United States,
JHS,120425689.00,NYSE,John Hancock Income Securities Trust Common Stock,United States,
JILL,369196349.00,NYSE,"J. Jill, Inc. Common Stock",United States,
JJSF,1461835826.00,NASDAQ,J & J Snack Foods Corp. - Common Stock,United States,N
JKS,479187220.00,NYSE,JinkoSolar Holding Company Limited American Depositary Shares (each representing 4 Common Shares),China,
JL,16346447.00,NASDAQ,J-Long Group Limited - Class A Ordinary Shares,Hong Kong,N
JLHL,88572542.00,NASDAQ,Julong Holding Limited - Class A Ordinary Shares,China,N
JMIA,924690820.00,NYSE,"Jumia Technologies AG American Depositary Shares, each representing two Ordinary Shares",,
JMSB,324720203.00,NASDAQ,"John Marshall Bancorp, Inc. - Common Stock",United States,N
JOB,23303573.00,NYSE AMERICAN,GEE Group Inc. Common Stock,United States,
JOUT,470641980.00,NASDAQ,Johnson Outdoors Inc. - Class A Common Stock,United States,N
JRSH,78104631.00,NASDAQ,"Jerash Holdings (US), Inc. - Common Stock",United States,N
JRVR,161409143.00,NASDAQ,"James River Group Holdings, Inc. - Common Stock",Bermuda,N
JSPR,18806782.00,NASDAQ,"Jasper Therapeutics, Inc. - Class A Common Stock",United States,D
JTAI,5514158.00,NASDAQ,Jet.AI Inc. - Common Stock,United States,N
JUNS,3362229.00,NASDAQ,"Jupiter Neurosciences, Inc. - Common Stock",United States,D
JVA,22720224.00,NASDAQ,"Coffee Holding Co., Inc. - Common Stock",United States,N
JWEL,5821521.00,NASDAQ,Jowell Global Ltd. - Ordinary Shares,China,N
JXG,92861053.00,NASDAQ,JX Luxventure Group Inc. - Common Stock,China,N
JYD,6979375.00,NASDAQ,Jayud Global Logistics Limited - Class A Ordinary Shares,China,N
JYNT,102962161.00,NASDAQ,The Joint Corp. - Common Stock,United States,N
JZ,1050024.00,NASDAQ,Jianzhi Education Technology Group Company Limited - American Depositary Shares,China,N
JZXN,58209418.00,NASDAQ,"Jiuzi Holdings, Inc. - Ordinary Shares",China,N
KALA,7445818.00,NASDAQ,"KALA BIO, Inc. - Common Stock",United States,D
KAPA,5281197.00,NYSE AMERICAN,"Kairos Pharma, Ltd. Common Stock",,
KARD,1382919708.00,NASDAQ,"Kardigan, Inc. - Common Stock",United States,N
KARO,1853598000.00,NASDAQ,Karooooo Ltd. - Ordinary shares,Singapore,N
KAZR,45752340.00,NASDAQ,Skyline Builders Group Holding Limited - Class A Ordinary Shares,Hong Kong,N
KBDC,836699053.00,NYSE,"Kayne Anderson BDC, Inc. Common Stock",United States,
KBSX,64910704.00,NASDAQ,FST Corp. - Ordinary Shares,Taiwan,N
KDK,329013799.00,NASDAQ,"Kodiak AI, Inc. - Common Stock",United States,N
KE,690729536.00,NASDAQ,"Kimball Electronics, Inc. - Common Stock",United States,N
KELYA,545986144.00,NASDAQ,"Kelly Services, Inc. - Class A Common Stock",United States,N
KELYB,777995523.00,NASDAQ,"Kelly Services, Inc. - Class B Common Stock",United States,N
KEQU,98905054.00,NASDAQ,Kewaunee Scientific Corporation - Common Stock,United States,N
KFFB,45609073.00,NASDAQ,Kentucky First Federal Bancorp - Common Stock,United States,N
KFRC,946669740.00,NYSE,"Kforce, Inc. Common Stock",United States,
KG,40997917.00,NASDAQ,"Kestrel Group, Ltd. - Common Stock",Bermuda,N
KGEI,221461209.00,NASDAQ,Kolibri Global Energy Inc. - Common stock,United States,N
KIDS,578592902.00,NASDAQ,OrthoPediatrics Corp. - Common Stock,United States,N
KIDZ,1970950.00,NASDAQ,KIDZ AI Inc. - Class B Common Stock,United States,N
KINS,267808461.00,NASDAQ,"Kingstone Companies, Inc - Common Stock",United States,N
KITT,1892897.00,NASDAQ,"Nauticus Robotics, Inc. - Common stock",United States,D
KLC,220441681.00,NYSE,"KinderCare Learning Companies, Inc. Common Stock",United States,
KLRA,1346997794.00,NASDAQ,"Kailera Therapeutics, Inc. - Common stock",United States,N
KLRS,64273449.00,NASDAQ,"Kalaris Therapeutics, Inc.  - Common Stock",United States,N
KLTR,199842102.00,NASDAQ,"Kaltura, Inc. - Common Stock",United States,N
KLXE,145834492.00,NASDAQ,"KLX Energy Services Holdings, Inc.  - Common Stock",United States,N
KMDA,479572635.00,NASDAQ,Kamada Ltd. - Ordinary Shares,Israel,N
KMRK,24265000.00,NASDAQ,K-Tech Solutions Company Limited - Class A Ordinary Shares,Hong Kong,N
KMTS,1633780037.00,NASDAQ,"Kestra Medical Technologies, Ltd. - Common Stock",United States,N
KNDI,82360682.00,NASDAQ,"Kandi Technologies Group, Inc. - Ordinary Shares",China,D
KNOP,356463022.00,NYSE,KNOT Offshore Partners LP Common Units representing Limited Partner Interests,United Kingdom,
KNRX,7271124.00,NYSE AMERICAN,KNOREX LTD. Class A Ordinary Shares,,
KODK,960399000.00,NYSE,Eastman Kodak Company Common New,United States,
KOP,870688591.00,NYSE,Koppers Holdings Inc. Common Stock,United States,
KOPN,912634535.00,NASDAQ,Kopin Corporation - Common Stock,United States,N
KOS,1494674004.00,NYSE,Kosmos Energy Ltd. Common Shares (DE),Bermuda,
KOSS,36540451.00,NASDAQ,Koss Corporation - Common Stock,United States,N
KPLT,383517729.00,NASDAQ,"Katapult Holdings, Inc. - Common Stock",United States,N
KPRX,11326431.00,NASDAQ,"Kiora Pharmaceuticals, Inc.  - Common Stock",United States,N
KPTI,18195067.00,NASDAQ,Karyopharm Therapeutics Inc. - Common Stock,United States,N
KREF,360840160.00,NYSE,KKR Real Estate Finance Trust Inc. Common Stock,United States,
KRKR,5921430.00,NASDAQ,36Kr Holdings Inc. - American Depositary Shares,China,N
KRMD,136668830.00,NASDAQ,"KORU Medical Systems, Inc. - Common Stock",United States,N
KRNT,751484680.00,NASDAQ,Kornit Digital Ltd. - Ordinary Shares,Israel,N
KRNY,605141840.00,NASDAQ,Kearny Financial - Common Stock,United States,N
KRO,895458674.00,NYSE,Kronos Worldwide Inc Common Stock,United States,
KROS,225236856.00,NASDAQ,"Keros Therapeutics, Inc. - common stock",United States,N
KRP,1672378342.00,NYSE,Kimbell Royalty Partners Common Units Representing Limited Partner Interests,United States,
KRRO,141955227.00,NASDAQ,"Korro Bio, Inc. - Common Stock",United States,N
KRSA,1388558048.00,NASDAQ,"Korsana Biosciences, Inc. - Common Stock",United States,N
KRT,1087674015.00,NASDAQ,Karat Packaging Inc. - Common Stock,United States,N
KRUS,504582689.00,NASDAQ,"Kura Sushi USA, Inc. - Class A Common Stock",United States,N
KSCP,17749195.00,NASDAQ,"Knightscope, Inc. - Class A Common Stock",United States,N
KTCC,25008905.00,NASDAQ,Key Tronic Corporation - Common Stock,United States,N
KTTA,15905277.00,NASDAQ,Pasithea Therapeutics Corp. - Common Stock,United States,D
KTWO,202415716.00,NASDAQ,K2 Capital Acquisition Corporation - Class A Ordinary Share,Cayman Islands,N
KULR,122642853.00,NYSE AMERICAN,"KULR Technology Group, Inc. Common Stock",United States,
KURA,947430592.00,NASDAQ,"Kura Oncology, Inc. - Common Stock",United States,N
KUST,2915073.00,NASDAQ,"Kustom Entertainment, Inc. - Common Stock",United States,N
KVHI,127168144.00,NASDAQ,"KVH Industries, Inc. - Common Stock",United States,N
KWY,272819330.00,NYSE,Kingsway Corporation Common Stock,Canada,
KXIN,62484402.00,NASDAQ,Kaixin Holdings - Ordinary Shares,China,N
KYNB,25549972.00,NASDAQ,"Kyntra Bio, Inc. - Common Stock",United States,D
KYTX,384666222.00,NASDAQ,"Kyverna Therapeutics, Inc. - Common Stock",United States,N
KZIA,144138099.00,NASDAQ,Kazia Therapeutics Limited - American Depositary Shares,Australia,N
LAB,292353438.00,NASDAQ,Standard BioTools Inc. - Common Stock,United States,D
LABT,2209971.00,NASDAQ,Lakewood-Amedex Biotherapeutics Inc. - Common Stock,United States,N
LAC,925759505.00,NYSE,Lithium Americas Corp. Common Shares,Canada,
LADR,1093578912.00,NYSE,Ladder Capital Corp Class A Common Stock,United States,
LAES,527974378.00,NASDAQ,SEALSQ Corp - Ordinary Shares,Switzerland,N
LAKE,101994923.00,NASDAQ,"Lakeland Industries, Inc. - Common Stock",United States,N
LAND,412385638.00,NASDAQ,Gladstone Land Corporation - Common Stock,United States,N
LANV,124339955.00,NYSE,Lanvin Group Holdings Limited Ordinary Shares,Cayman Islands,
LAR,900909000.00,NYSE,Lithium Argentina AG Common Shares,Canada,
LARK,191312746.00,NASDAQ,Landmark Bancorp Inc. - Common Stock,United States,N
LASE,50538470.00,NASDAQ,Laser Photonics Corporation - Common Stock,United States,N
LAW,271364618.00,NYSE,"CS Disco, Inc. Common Stock",United States,
LBGJ,1442165.00,NASDAQ,Li Bang International Corporation Inc. - Class A Ordinary Shares,China,N
LBRX,1193266883.00,NASDAQ,LB Pharmaceuticals Inc - Common Stock,United States,N
LCFY,4290649.00,NASDAQ,Locafy Limited - Ordinary Share,Australia,N
LCID,1627509827.00,NASDAQ,"Lucid Group, Inc. - Common Stock",United States,N
LCNB,269989473.00,NASDAQ,LCNB Corporation - Common Stock,United States,N
LCTX,235279814.00,NYSE AMERICAN,"Lineage Cell Therapeutics, Inc. Common Stock",United States,
LCUT,209658184.00,NASDAQ,"Lifetime Brands, Inc. - Common Stock",United States,N
LDI,214830042.00,NYSE,"loanDepot, Inc. Class A Common Stock",United States,
LE,304009345.00,NASDAQ,"Lands' End, Inc. - Common Stock",United States,N
LEDS,19194295.00,NASDAQ,SemiLEDS Corporation - Common Stock,Taiwan,N
LEE,149579615.00,NASDAQ,"Lee Enterprises, Incorporated - Common Stock",United States,N
LEGH,698032165.00,NASDAQ,Legacy Housing Corporation - Common Stock,United States,N
LEGO,305494923.00,NYSE AMERICAN,Legato Merger Corp. IV Ordinary Shares,,
LENZ,112484828.00,NASDAQ,"LENZ Therapeutics, Inc. - Common Stock",United States,N
LEO,348205874.00,NYSE,"BNY Mellon Strategic Municipals, Inc. Common Stock",United States,
LESL,1364550.00,NASDAQ,"Leslie's, Inc. - Common Stock",United States,D
LEXX,6066683.00,NASDAQ,Lexaria Bioscience Corp. - Common Stock,Canada,N
LFCR,247559012.00,NASDAQ,"Lifecore Biomedical, Inc. - Common Stock",United States,N
LFMD,132070293.00,NASDAQ,"LifeMD, Inc. - Common Stock",United States,N
LFS,55983725.00,NASDAQ,"LEIFRAS Co., Ltd. - American Depositary Shares",Japan,N
LFT,26348037.00,NYSE,"Lument Finance Trust, Inc. Common Stock",United States,
LFVN,76417925.00,NASDAQ,Lifevantage Corporation - Common Stock,United States,N
LFWD,16567294.00,NASDAQ,Lifeward Ltd. - Ordinary Shares,Israel,N
LGCL,3287728.00,NASDAQ,Lucas GC Limited - Class A Ordinary Shares,China,N
LGCY,122750820.00,NYSE AMERICAN,Legacy Education Inc. Common Stock,,
LGHL,185037.00,NASDAQ,Lion Group Holding Ltd. - American Depositary Share,China,N
LGIH,1119171814.00,NASDAQ,"LGI Homes, Inc. - Common Stock",United States,N
LGL,91193067.00,NYSE AMERICAN,"LGL Group, Inc. (The) Common Stock",United States,
LGO,54379758.00,NASDAQ,Largo Inc. - Common Shares,Canada,D
LGPS,17708153.00,NYSE AMERICAN,LogProstyle Inc. Common Shares,,
LGVN,8225553.00,NASDAQ,Longeveron Inc. - Class A Common stock,United States,N
LHAI,17191200.00,NASDAQ,Linkhome Holdings Inc. - Common stock,United States,N
LHSW,5128079.00,NASDAQ,Lianhe Sowell International Group Ltd - Class A Ordinary Shares,China,N
LICN,16438469.00,NASDAQ,Lichen International Limited - Class A Ordinary Shares,China,N
LIDR,52272829.00,NASDAQ,"AEye, Inc. - Class A Common Stock",United States,N
LIEN,216795605.00,NASDAQ,"Chicago Atlantic BDC, Inc. - Common Stock",United States,N
LILA,1671027000.00,NASDAQ,Liberty Latin America Ltd. - Class A Common Stock,United States,N
LILAK,1665150000.00,NASDAQ,Liberty Latin America Ltd. - Class C Common Stock,United States,N
LIME,1768869652.00,NASDAQ,"Neutron Holdings, Inc. - Common Stock",United States,N
LIMN,5238511.00,NASDAQ,"Liminatus Pharma, Inc. - Class A Common Stock",United States,N
LINC,695017605.00,NASDAQ,Lincoln Educational Services Corporation - Common Stock,United States,N
LINK,93732784.00,NASDAQ,"Interlink Electronics, Inc. - Common Stock",United States,N
LIQT,17195478.00,NASDAQ,"LiqTech International, Inc. - Common Stock",Denmark,D
LITB,55431695.00,NYSE,"LightInTheBox Holding Co., Ltd. American Depositary Shares, each representing twelve ordinary shares",China,
LITS,41962030.00,NASDAQ,"Lite Strategy, Inc. - Common Stock",United States,N
LIVE,23341821.00,NASDAQ,Live Ventures Incorporated - Common Stock,United States,N
LKFN,1468352609.00,NASDAQ,Lakeland Financial Corporation - Common Stock,United States,N
LKFT,1935396975.00,NASDAQ,Lakefront Biotherapeutics - American Depositary Shares,Belgium,N
LMAT,1805756533.00,NASDAQ,"LeMaitre Vascular, Inc. - Common Stock",United States,N
LMB,585517156.00,NASDAQ,"Limbach Holdings, Inc. - Common Stock",United States,N
LMNR,217402764.00,NASDAQ,Limoneira Co - Common Stock,United States,N
LMRI,991493752.00,NASDAQ,"Lumexa Imaging Holdings, Inc. - Common Stock",United States,N
LNAI,5894057.00,NASDAQ,Lunai Bioworks Inc. - Common Stock,United States,N
LND,360418888.00,NYSE,Brasilagro Brazilian Agric Real Estate Co Sponsored ADR (Brazil),Brazil,
LNKS,1614646.00,NASDAQ,Linkers Industries Limited - Class A Ordinary Shares,Malaysia,N
LNN,1162812000.00,NYSE,Lindsay Corporation Common Stock,United States,
LNSR,82929589.00,NASDAQ,"LENSAR, Inc. - Common Stock",United States,N
LNZA,79058545.00,NASDAQ,"LanzaTech Global, Inc. - Common Stock",United States,N
LOAN,43131296.00,NASDAQ,"Manhattan Bridge Capital, Inc - Common Stock",United States,N
LOB,1697683182.00,NYSE,"Live Oak Bancshares, Inc. Common Stock",United States,
LOBO,6562463.00,NASDAQ,LOBO TECHNOLOGIES LTD. - Class A Ordinary Shares,China,D
LOCL,25601230.00,NYSE,Local Bounti Corporation Common Stock,United States,
LOCO,432756364.00,NASDAQ,"El Pollo Loco Holdings, Inc. - Common Stock",United States,N
LODE,173264147.00,NYSE AMERICAN,Comstock Inc. Common Stock,United States,
LOMA,1068941131.00,NYSE,Loma Negra Compania Industrial Argentina Sociedad Anonima ADS,Argentina,
LONA,45412416.00,NASDAQ,"LeonaBio, Inc. - Common Stock",United States,N
LOOP,21659892.00,NASDAQ,"Loop Industries, Inc. - Common Stock",Canada,D
LOT,547574245.00,NASDAQ,Lotus Technology Inc. - American Depositary Shares,China,N
LOVE,212024465.00,NASDAQ,The Lovesac Company - Common Stock,United States,N
LPA,94778919.00,NYSE AMERICAN,Logistic Properties of the Americas Ordinary Shares,,
LPCN,16900719.00,NASDAQ,Lipocine Inc. - Common Stock,United States,N
LPTH,773200222.00,NASDAQ,"LightPath Technologies, Inc. - Class A Common Stock",United States,N
LQDT,1354465846.00,NASDAQ,"Liquidity Services, Inc. - Common Stock",United States,N
LRE,15006090.00,NASDAQ,"Lead Real Estate Co., Ltd - American Depositary Shares",Japan,N
LRHC,888637.00,NASDAQ,La Rosa Holdings Corp. - Common Stock,United States,D
LRMR,307493494.00,NASDAQ,"Larimar Therapeutics, Inc. - Common Stock",United States,N
LSAK,371618327.00,NASDAQ,"Lesaka Technologies, Inc. - Common Stock",South Africa,N
LSBK,144352623.00,NASDAQ,"Lake Shore Bancorp, Inc. - Common Stock",United States,N
LSE,76612500.00,NASDAQ,"Leishen Energy Holding Co., Ltd. - Class A Ordinary Shares",China,N
LSF,38727379.00,NYSE AMERICAN,"Laird Superfood, Inc. Common Stock",,
LSPD,1309148066.00,NYSE,Lightspeed Commerce Inc. Subordinate Voting Shares,Canada,
LSTA,15881977.00,NASDAQ,"Lisata Therapeutics, Inc. - Common Stock",United States,N
LTBR,239357201.00,NASDAQ,Lightbridge Corporation - Common Stock,United States,N
LTGO,1054159617.00,NASDAQ,"Latigo Biotherapeutics, Inc. - Common Stock",United States,N
LTRN,14738309.00,NASDAQ,Lantern Pharma Inc. - Common Stock,United States,D
LTRX,337062886.00,NASDAQ,"Lantronix, Inc. - Common Stock",United States,N
LU,884022670.00,NYSE,"Lufax Holding Ltd American Depositary Shares, each representing two (2) Ordinary Shares",China,
LUCD,127494942.00,NASDAQ,Lucid Diagnostics Inc. - Common Stock,United States,N
LUCK,721175226.00,NYSE,Lucky Strike Entertainment Corporation Class A Common Stock,United States,
LUCY,7771339.00,NASDAQ,"Innovative Eyewear, Inc. - Common Stock",United States,N
LUD,86675800.00,NYSE AMERICAN,Luda Technology Group Limited Ordinary Shares,Hong Kong,
LUNG,78595332.00,NASDAQ,Pulmonx Corporation - Common Stock,United States,N
LUXE,1360676354.00,NYSE,"LuxExperience B.V. American Depositary Shares, each representing one Ordinary Share",,
LVLU,39168297.00,NASDAQ,"Lulu's Fashion Lounge Holdings, Inc. - Common Stock",United States,N
LVO,36062005.00,NASDAQ,"LiveOne, Inc. - Common Stock",United States,N
LVWR,322497557.00,NYSE,"LiveWire Group, Inc. Common Stock",United States,
LWAY,320414104.00,NASDAQ,"Lifeway Foods, Inc. - Common Stock",United States,N
LWLG,878753354.00,NASDAQ,"Lightwave Logic, Inc. - Common Stock",United States,N
LX,112879968.00,NASDAQ,LexinFintech Holdings Ltd. - American Depositary Shares,China,N
LXEH,3009167.00,NASDAQ,"Lixiang Education Holding Co., Ltd. - American Depositary Shares",China,N
LXEO,289623280.00,NASDAQ,"Lexeo Therapeutics, Inc. - Common Stock",United States,N
LXFR,462132092.00,NYSE,Luxfer Holdings PLC Ordinary Shares,United Kingdom,
LXRX,809819800.00,NASDAQ,"Lexicon Pharmaceuticals, Inc. - Common Stock",United States,N
LXU,709895389.00,NYSE,"LSB Industries, Inc. Common Stock",United States,
LYEL,226917606.00,NASDAQ,"Lyell Immunopharma, Inc. - Common Stock",United States,N
LYNX,1477195152.00,NYSE,Lyntris Inc. Common Stock,,
LYTS,791803390.00,NASDAQ,LSI Industries Inc. - Common Stock,United States,N
LZ,959082947.00,NASDAQ,"LegalZoom.com, Inc. - Common Stock",United States,N
LZB,1199179964.00,NYSE,La-Z-Boy Incorporated Common Stock,United States,
LZM,346171044.00,NYSE,Lifezone Metals Limited Ordinary Shares,Isle of Man,
LZMH,10774200.00,NASDAQ,LZ Technology Holdings Limited - Class B Ordinary Shares,China,N
MAGN,417786000.00,NYSE,Magnera Corporation Common Stock,United States,
MAIA,73472916.00,NYSE AMERICAN,"MAIA Biotechnology, Inc. Common Stock",,
MAKO,811230717.00,NASDAQ,Mako Mining Corp - Common Stock,Canada,N
MAMA,609616774.00,NASDAQ,"Mama's Creations, Inc. - Common Stock",United States,N
MAMO,40350081.00,NASDAQ,Massimo Group - Common Stock,United States,N
MASK,3059213.00,NASDAQ,3 E Network Technology Group Ltd - Class A Ordinary Shares,China,N
MASS,524524716.00,NASDAQ,908 Devices Inc. - Common Stock,United States,N
MATH,52767164.00,NASDAQ,Metalpha Technology Holding Limited - Ordinary Shares,China,N
MATV,656762166.00,NYSE,"Mativ Holdings, Inc. Common Stock",United States,
MATW,602102107.00,NASDAQ,Matthews International Corporation - Class A Common Stock,United States,N
MAX,589359468.00,NYSE,"MediaAlpha, Inc. Class A Common Stock",United States,
MAYS,80832778.00,NASDAQ,"J. W. Mays, Inc. - Common Stock",United States,N
MAZE,1468164510.00,NASDAQ,"Maze Therapeutics, Inc. - Common Stock",United States,N
MB,67076050.00,NASDAQ,MasterBeef Group - Ordinary Shares,Hong Kong,N
MBAI,50315891.00,NASDAQ,MBody AI Ltd. - Ordinary Share,Israel,N
MBBC,45238842.00,NASDAQ,"Marathon Bancorp, Inc. - Common Stock",United States,N
MBC,1428503240.00,NYSE,"MasterBrand, Inc. Common Stock",United States,
MBI,224472354.00,NYSE,MBIA Inc. Common Stock,United States,
MBIO,3569763.00,NASDAQ,"Mustang Bio, Inc. - Common Stock",United States,D
MBOT,77911169.00,NASDAQ,Microbot Medical Inc.  - Common Stock,Israel,N
MBRX,9923798.00,NASDAQ,"Moleculin Biotech, Inc. - Common Stock",United States,D
MBUU,452774121.00,NASDAQ,"Malibu Boats, Inc. - Common Stock",United States,N
MBWM,1028599408.00,NASDAQ,Mercantile Bank Corporation - Common Stock,United States,N
MCB,1106501687.00,NYSE,Metropolitan Bank Holding Corp. Common Stock,United States,
MCBS,1013962698.00,NASDAQ,"MetroCity Bankshares, Inc. - Common Stock",United States,N
MCFT,489221357.00,NASDAQ,"MasterCraft Boat Holdings, Inc. - Common Stock",United States,N
MCHX,57195878.00,NASDAQ,"Marchex, Inc. - Class B Common Stock",United States,N
MCI,360658598.00,NYSE,Barings Corporate Investors Common Stock,United States,
MCRB,29531656.00,NASDAQ,"Seres Therapeutics, Inc. - Common Stock",United States,N
MCRP,23727633.00,NYSE AMERICAN,Micropolis AI Robotics Ordinary Shares,,
MCS,834318223.00,NYSE,Marcus Corporation (The) Common Stock,United States,
MDAI,53426980.00,NASDAQ,"Spectral AI, Inc. - Class A Common Stock",United States,N
MDCX,11545314.00,NASDAQ,Medicus Pharma Ltd. - Common Stock,Canada,D
MDIA,89901248.00,NASDAQ,Mediaco Holding Inc. - Class A Common Stock,United States,N
MDRR,16953336.00,NASDAQ,"Medalist Diversified, Inc. - Common Stock",United States,N
MDWD,174546959.00,NASDAQ,MediWound Ltd. - Ordinary Shares,Israel,N
MDXG,669040548.00,NASDAQ,"MiMedx Group, Inc - Common Stock",United States,N
MDXH,54483325.00,NASDAQ,MDxHealth SA - Ordinary Shares,Belgium,D
MEC,419225442.00,NYSE,"Mayville Engineering Company, Inc. Common Stock",United States,
MED,131149646.00,NYSE,MEDIFAST INC Common Stock,United States,
MEDS,10427405.00,NASDAQ,"DataMeds AI, Inc. - Common Stock",United States,D
MEGL,62052242.00,NASDAQ,Magic Empire Global Limited - Class A Ordinary Shares,Hong Kong,N
MEI,561053134.00,NYSE,"Methode Electronics, Inc. Common Stock",United States,
MENS,165740314.00,NASDAQ,Jyong Biotech Ltd. - Ordinary shares,Taiwan,N
MERC,17216933.00,NASDAQ,Mercer International Inc. - Common Stock,Canada,D
MESO,1831594139.00,NASDAQ,Mesoblast Limited - American Depositary Shares,Australia,N
METC,516152936.00,NASDAQ,"Ramaco Resources, Inc. - Class A Common Stock",United States,N
METCB,275748576.00,NASDAQ,"Ramaco Resources, Inc. - Class B Common Stock",United States,N
MF,25738388.00,NASDAQ,MindForge Inc. - Class A Ordinary Shares,China,N
MFI,475171313.00,NASDAQ,mF International Limited - Class A Ordinary Shares,Hong Kong,N
MFIN,273456566.00,NASDAQ,Medallion Financial Corp. - Common Stock,United States,N
MFP,1885657669.00,NASDAQ,"Midera Food Processing, Inc. - Common Stock",United States,N
MG,657700290.00,NYSE,Mistras Group Inc Common Stock,United States,
MGIH,16762500.00,NASDAQ,Millennium Group International Holdings Limited - Ordinary Shares,Hong Kong,N
MGLD,86705868.00,NYSE AMERICAN,"The Marygold Companies, Inc. Common Stock",,
MGN,3431750.00,NASDAQ,Megan Holdings Limited - Class A Ordinary Shares,Malaysia,N
MGNX,228046669.00,NASDAQ,"MacroGenics, Inc. - Common Stock",United States,N
MGPI,273886032.00,NASDAQ,"MGP Ingredients, Inc. - Common Stock",United States,N
MGRT,1416387500.00,NASDAQ,Mega Fortune Company Limited - Ordinary Shares,Hong Kong,N
MGRX,9427120.00,NASDAQ,"Mangoceuticals, Inc. - Common Stock",United States,D
MGTX,1036303927.00,NASDAQ,MeiraGTx Holdings plc - Ordinary Shares,United States,N
MGX,38532647.00,NASDAQ,"Metagenomi Therapeutics, Inc. - Common Stock",United States,N
MGYR,124685723.00,NASDAQ,"Magyar Bancorp, Inc. - Common Stock",United States,N
MHH,85889954.00,NYSE AMERICAN,"Mastech Digital, Inc Common Stock",United States,
MI,456592.00,NYSE AMERICAN,NFT Limited Class A Ordinary Share,,
MIMI,14060202.00,NASDAQ,Mint Incorporation Limited - Class A Ordinary Shares,Hong Kong,N
MIND,40991638.00,NASDAQ,"MIND Technology, Inc. - Common Stock",United States,N
MINE,177917014.00,NYSE AMERICAN,Mayfair Gold Corp. Common Shares,,
MIRA,30680326.00,NASDAQ,"MIRA Pharmaceuticals, Inc. - Common Stock",United States,D
MIST,100806014.00,NASDAQ,Milestone Pharmaceuticals Inc. - Common Shares,Canada,N
MITK,800922139.00,NASDAQ,"Mitek Systems, Inc. - Common Stock",United States,N
MITQ,5752385.00,NYSE AMERICAN,"Moving iMage Technologies, Inc. Common Stock",United States,
MITT,183188016.00,NYSE,"TPG Mortgage Investment Trust, Inc. Common Stock",United States,
MKDW,51639647.00,NASDAQ,MKDWELL Tech Inc. - Ordinary Shares,Taiwan,N
MKTW,317224893.00,NASDAQ,"MarketWise, Inc. - Class A Common Stock",United States,N
MKZR,3714752.00,NASDAQ,"MacKenzie Realty Capital, Inc. - Common Stock",United States,N
MLAB,741732436.00,NASDAQ,"Mesa Laboratories, Inc. - Common Stock",United States,N
MLCI,38041811.00,NASDAQ,Mount Logan Capital Inc. - Common Stock,United States,N
MLCO,1648619196.00,NASDAQ,Melco Resorts & Entertainment Limited - American Depositary Shares ,Hong Kong,N
MLEC,3449061.00,NASDAQ,Moolec Science SA - Ordinary Shares,Luxembourg,N
MLGO,39426751.00,NASDAQ,"MicroAlgo, Inc. - Ordinary Shares",United States,N
MLKN,1392507851.00,NASDAQ,"MillerKnoll, Inc. - Common Stock",United States,N
MLP,311987325.00,NYSE,"Maui Land & Pineapple Company, Inc. Common Stock",United States,
MLR,617445288.00,NYSE,"Miller Industries, Inc. Common Stock",United States,
MLSS,34263584.00,NYSE AMERICAN,"Milestone Scientific, Inc. Common Stock",United States,
MLTX,971067276.00,NASDAQ,MoonLake Immunotherapeutics - Class A Ordinary Shares,United States,N
MMA,9851877.00,NYSE AMERICAN,Mixed Martial Arts Group Limited Ordinary Shares,,
MMI,1081974556.00,NYSE,"Marcus & Millichap, Inc. Common Stock",United States,
MMLP,85291815.00,NASDAQ,Martin Midstream Partners L.P. - Common Units Representing Limited Partnership Interests,United States,N
MNDO,20387018.00,NASDAQ,MIND C.T.I. Ltd. - Ordinary Shares,Israel,D
MNDR,4850389.00,NASDAQ,Mobile-health Network Solutions - Class A Ordinary Shares,Singapore,N
MNKD,1221869039.00,NASDAQ,MannKind Corporation - Common Stock,United States,N
MNOV,87613818.00,NASDAQ,"MediciNova, Inc. - Common Stock",United States,N
MNPR,523348051.00,NASDAQ,Monopar Therapeutics Inc. - Common Stock,United States,N
MNR,1717895887.00,NYSE,Mach Natural Resources LP Common Units representing Limited Partner Interests,United States,
MNRO,443324371.00,NASDAQ,"Monro, Inc.  - Common Stock",United States,N
MNSB,177564030.00,NASDAQ,"MainStreet Bancshares, Inc. - Common Stock",United States,N
MNTK,408519069.00,NASDAQ,"Montauk Renewables, Inc. - Common Stock",United States,N
MNTN,739803282.00,NYSE,"MNTN, Inc. Class A Common Stock",United States,
MNTS,81484218.00,NASDAQ,Momentus Inc. - Class A Common Stock,United States,N
MNY,29819133.00,NASDAQ,MoneyHero Limited - Class A Ordinary Shares,Singapore,D
MOB,54172819.00,NASDAQ,Mobilicom Limited - Ordinary Shares,Israel,N
MOBI,305612261.00,NASDAQ,"Mobia Medical, Inc. - Common Stock",United States,N
MOBX,15126393.00,NASDAQ,"Mobix Labs, Inc. - Class A Common Stock",United States,N
MODD,19276521.00,NASDAQ,"Modular Medical, Inc. - common stock",United States,N
MOGU,15220925.00,NYSE,MOGU Inc. American Depositary Shares (each  representing 25 Class A Ordinary Shares),,
MOLN,146668647.00,NASDAQ,Molecular Partners AG - American Depositary Shares,Switzerland,N
MOMO,697367733.00,NASDAQ,Hello Group Inc.  - American Depositary Shares,China,N
MOV,751030167.00,NYSE,Movado Group Inc. Common Stock,United States,
MOVE,367584004.00,NASDAQ,"Corvex, Inc. - Common Stock",United States,N
MPAA,199366670.00,NASDAQ,"Motorcar Parts of America, Inc. - Common Stock",United States,N
MPB,922201826.00,NASDAQ,Mid Penn Bancorp - Common Stock,United States,N
MPLT,636076811.00,NASDAQ,"MapLight Therapeutics, Inc. - Common Stock",United States,N
MPT,1952844000.00,NYSE,"Medical Properties Trust, Inc. common stock",United States,
MPTI,335156764.00,NYSE AMERICAN,"M-tron Industries, Inc. Common Stock",United States,
MPU,9237488.00,NYSE AMERICAN,Mega Matrix Inc. Class A Ordinary Shares,United States,
MPV,169421527.00,NYSE,Barings Participation Investors Common Stock,United States,
MQ,1722835703.00,NASDAQ,"Marqeta, Inc. - Class A Common Stock",United States,N
MRAM,458510669.00,NASDAQ,"Everspin Technologies, Inc. - Common Stock",United States,N
MRBK,226294041.00,NASDAQ,Meridian Corporation - Common Stock,United States,N
MRDN,151400274.00,NASDAQ,Meridian Holdings Inc. - Common Stock,United States,N
MREO,60623148.00,NASDAQ,Mereo BioPharma Group plc - American Depositary Shares,United Kingdom,D
MRKR,17506783.00,NASDAQ,"Marker Therapeutics, Inc. - Common Stock",United States,N
MRLN,172825911.00,NASDAQ,"Merlin, Inc. - Common Stock",United States,N
MRM,4520706.00,NASDAQ,MEDIROM Healthcare Technologies Inc. - American Depositary Share,Japan,E
MRNO,21245014.00,NASDAQ,Murano Global Investments PLC - Ordinary Shares,Mexico,D
MRT,166922888.00,NYSE AMERICAN,"Marti Technologies, Inc. Class A Ordinary Shares",,
MRTN,1089366664.00,NASDAQ,"Marten Transport, Ltd. - Common Stock",United States,N
MSAI,10377574.00,NASDAQ,"MultiSensor AI Holdings, Inc. - Common Stock",United States,N
MSB,247968189.00,NYSE,Mesabi Trust Common Stock,United States,
MSBI,687724992.00,NASDAQ,"Midland States Bancorp, Inc. - Common Stock",United States,N
MSC,221251921.00,NYSE,"Studio City International Holdings Limited American depositary shares, each representing four  Class A ordinary shares",,
MSEX,1009281748.00,NASDAQ,Middlesex Water Company - Common Stock,United States,N
MSGM,22301578.00,NASDAQ,Motorsport Games Inc. - Class A Common Stock,United States,N
MSGY,9315752.00,NASDAQ,Masonglory Limited - Class A Ordinary Shares,Hong Kong,N
MSLE,180339732.00,NASDAQ,Satellos Bioscience Inc. - Common Stock,Canada,N
MSN,8290805.00,NYSE AMERICAN,Emerson Radio Corporation Common Stock,United States,
MSS,1330052.00,NASDAQ,Maison Solutions Inc. - Class A Common Stock,United States,E
MTA,859227082.00,NYSE AMERICAN,Metalla Royalty & Streaming Ltd. Common Shares,Canada,
MTAL,836989645.00,NYSE,Metals Acquisition Corp. II Class A Ordinary Shares,,
MTC,498934933.00,NASDAQ,"MMTec, Inc. - Common Shares",China,N
MTEK,7190561.00,NASDAQ,Maris-Tech Ltd. - ordinary shares,Israel,N
MTEN,7726364.00,NASDAQ,Mingteng International Corporation Inc. - Class A Ordinary Shares,China,N
MTEX,12813009.00,NASDAQ,"Mannatech, Incorporated - Common Stock",United States,D
MTLS,502071081.00,NASDAQ,Materialise NV - American Depositary Shares,Belgium,N
MTNB,2585933.00,NYSE AMERICAN,"Matinas Biopharma Holdings, Inc. Common Stock",United States,
MTR,4600086.00,NYSE,Mesa Royalty Trust Common Stock,United States,
MTRX,290840948.00,NASDAQ,Matrix Service Company - Common Stock,United States,N
MTUS,824426259.00,NYSE,Metallus Inc. Common Shares,United States,
MTVA,10145676.00,NASDAQ,MetaVia Inc.  - Common Stock,United States,N
MTW,837358920.00,NYSE,"Manitowoc Company, Inc. (The) Common Stock",United States,
MUX,1088500961.00,NYSE,McEwen Inc. Common Stock,Canada,
MVBF,394990263.00,NASDAQ,MVB Financial Corp. - Common Stock,United States,N
MVIS,44622040.00,NASDAQ,"MicroVision, Inc. - Common Stock",United States,N
MVST,247947837.00,NASDAQ,"Microvast Holdings, Inc. - Common Stock",United States,D
MWC,103651063.00,NASDAQ,"Micware Co., Ltd. - American Depositary Shares",Japan,N
MWG,7353094.00,NYSE AMERICAN,Multi Ways Holdings Limited Class A Ordinary Shares,,
MWYN,22214284.00,NASDAQ,"Marwynn Holdings, Inc. - Common stock",United States,N
MX,139737324.00,NYSE,Magnachip Semiconductor Corporation Common Stock,Luxembourg,
MXC,20582760.00,NYSE AMERICAN,Mexco Energy Corporation Common Stock,United States,
MXCT,110430640.00,NASDAQ,"MaxCyte, Inc. - Common Stock",United States,N
MYE,1189859554.00,NYSE,"Myers Industries, Inc. Common Stock",United States,
MYFW,293832732.00,NASDAQ,"First Western Financial, Inc. - Common Stock",United States,N
MYGN,434249388.00,NASDAQ,"Myriad Genetics, Inc. - Common Stock",United States,N
MYND,16972058.00,NYSE AMERICAN,"Mynd.ai, Inc. American Depositary Shares",,
MYO,64560802.00,NYSE AMERICAN,Myomo Inc. Common Stock,United States,
MYPS,59460083.00,NASDAQ,"PLAYSTUDIOS, Inc.  - Class A Common Stock",United States,D
MYSE,8833931.00,NASDAQ,"Myseum.AI, Inc. - Common Stock",United States,N
MYSZ,8685593.00,NASDAQ,"My Size, Inc. - Common Stock",Israel,D
NA,51070998.00,NASDAQ,Nano Labs Ltd - Class A Ordinary Shares,China,N
NAAS,81057468.00,NASDAQ,NaaS Technology Inc. - American Depositary Shares,China,N
NABL,799072592.00,NYSE,"N-able, Inc. Common Stock",United States,
NAGE,220761546.00,NASDAQ,"Niagen Bioscience, Inc. - Common Stock",United States,N
NAII,9271974.00,NASDAQ,"Natural Alternatives International, Inc. - Common Stock",United States,N
NAK,747621810.00,NYSE AMERICAN,"Northern Dynasty Minerals, Ltd. Common Stock",Canada,
NAKA,172865149.00,NASDAQ,Nakamoto Inc. - Common Stock,United States,N
NAMI,8652130.00,NASDAQ,Jinxin Technology Holding Company - American Depositary Shares,China,N
NAMM,70374032.00,NASDAQ,Namib Minerals - Ordinary Shares,Cayman Islands,N
NAT,1782940582.00,NYSE,Nordic American Tankers Limited Common Stock,Bermuda,
NATH,415871615.00,NASDAQ,"Nathan's Famous, Inc. - Common Stock",United States,N
NATR,219064224.00,NASDAQ,"Nature's Sunshine Products, Inc. - Common Stock",United States,N
NAUT,249420237.00,NASDAQ,"Nautilus Biotechnology, Inc. - Common Stock",United States,N
NAVI,861873379.00,NASDAQ,Navient Corporation - Common Stock,United States,N
NB,506098216.00,NASDAQ,NioCorp Developments Ltd. - Common Stock,United States,N
NBBK,988983319.00,NASDAQ,"NB Bancorp, Inc. - Common Stock",United States,N
NBHC,1695175159.00,NYSE,National Bank Holdings Corporation Common Stock,United States,
NBN,1031371800.00,NASDAQ,Northeast Bank - Common Stock,United States,N
NBP,156342193.00,NASDAQ,NovaBridge Biosciences - American Depositary Shares,China,N
NBTX,1308303502.00,NASDAQ,Nanobiotix S.A. - ADSs,France,N
NC,273567694.00,NYSE,"NACCO Industries, Inc. Common Stock",United States,
NCDL,544245456.00,NYSE,Nuveen Churchill Direct Lending Corp. Common Stock,United States,
NCEL,16461965.00,NASDAQ,NewcelX Ltd. - Ordinary Shares,Switzerland,N
NCEW,54144000.00,NASDAQ,New Century Logistics (BVI) Limited - Ordinary Shares,Hong Kong,N
NCI,3949184.00,NASDAQ,Neo-Concept International Group Holdings Limited - Class A Ordinary Shares,Hong Kong,N
NCMI,198488635.00,NASDAQ,"National CineMedia, Inc. - Common Stock",United States,N
NCNA,4536548.00,NASDAQ,NuCana plc - American Depositary Shares,United Kingdom,N
NCNO,1975151730.00,NASDAQ,"nCino, Inc. - Common Stock",United States,N
NCPL,10987059.00,NASDAQ,Netcapital Inc. - Common Stock,United States,H
NCRA,3873121.00,NASDAQ,"Nocera, Inc. - common stock",Taiwan,N
NCT,2056501.00,NASDAQ,Intercont (Cayman) Limited - Class A Ordinary shares,China,N
NCTY,50401451.00,NASDAQ,The9 Limited - American Depository Shares,China,N
NDLS,79953244.00,NASDAQ,Noodles & Company - Class A Common Stock,United States,N
NDRA,9089018.00,NASDAQ,ENDRA Life Sciences Inc. - Common Stock,United States,N
NECB,366865472.00,NASDAQ,"NorthEast Community Bancorp, Inc. - Common Stock",United States,N
NEGG,240984630.00,NASDAQ,"Newegg Commerce, Inc. - Common Shares",China,N
NEON,15455393.00,NASDAQ,Neonode Inc. - Common Stock,Sweden,D
NEOV,179990403.00,NASDAQ,NeoVolta Inc. - Common Stock,United States,N
NEPH,39856640.00,NASDAQ,"Nephros, Inc. - Common Stock",United States,N
NERV,156611994.00,NASDAQ,"Minerva Neurosciences, Inc - Common Stock",United States,N
NEUP,18777329.00,NASDAQ,Neuphoria Therapeutics Inc. - Common Stock,United States,N
NEWP,1163100111.00,NYSE AMERICAN,New Pacific Metals Corp. Common Shares,Canada,
NEWT,322931293.00,NASDAQ,"NewtekOne, Inc. - Common Stock",United States,N
NEXA,1621053360.00,NYSE,Nexa Resources S.A. Common Shares,Luxembourg,
NEXM,66305585.00,NASDAQ,NexMetals Mining Corp. - Common Stock,Canada,N
NEXN,501730989.00,NASDAQ,Nexxen International Ltd. - Ordinary Shares,Israel,N
NEXR,1644170.00,NASDAQ,Nexera Technologies Ltd - Ordinary Shares,Israel,N
NEXT,1724881606.00,NASDAQ,NextDecade Corporation - Common Stock,United States,N
NFE,107233011.00,NASDAQ,New Fortress Energy Inc. - Class A Common Stock,United States,N
NFGC,622659229.00,NYSE AMERICAN,New Found Gold Corp Common Shares,,
NGEN,189414487.00,NASDAQ,NervGen Pharma Corp. - Common stock,Canada,N
NGNE,513291948.00,NASDAQ,Neurogene Inc. - Common Stock,Canada,N
NGS,427836113.00,NYSE,"Natural Gas Services Group, Inc. Common Stock",United States,
NGVC,705441580.00,NYSE,"Natural Grocers by Vitamin Cottage, Inc. Common Stock",United States,
NHP,1173039455.00,NASDAQ,"National Healthcare Properties, Inc. - Class A Common Stock",United States,N
NHTC,8577848.00,NASDAQ,Natural Health Trends Corp. - Common Stock,United States,N
NICM,108027649.00,NASDAQ,Nicola Mining Inc. - American Depositary Shares,Canada,N
NIKI,13517675.00,NASDAQ,"Niki BioSolutions, Inc. - Common Stock",Hong Kong,N
NINE,105461924.00,NYSE AMERICAN,"Nine Energy Service, Inc. Common Stock",,
NIPG,94163525.00,NASDAQ,NIP Group Inc. - American Depositary Shares,Sweden,N
NIU,147459845.00,NASDAQ,Niu Technologies - American Depositary Shares,China,N
NIVF,359861.00,NASDAQ,NewGenIvf Group Limited - Class A Ordinary Shares,Singapore,N
NIXX,8750706.00,NASDAQ,"Nixxy, Inc. - Common Stock",United States,D
NKLR,387858187.00,NASDAQ,Terra Innovatum Global N.V. - Ordinary shares,Italy,N
NKSH,271770649.00,NASDAQ,"National Bankshares, Inc. - Common Stock",United States,N
NKTR,1487951679.00,NASDAQ,Nektar Therapeutics - Common Stock,United States,N
NKTX,184433837.00,NASDAQ,"Nkarta, Inc. - Common Stock",United States,N
NL,341313163.00,NYSE,"NLI Holdings, Inc. Common Stock",United States,
NLOP,144585372.00,NYSE,Net Lease Office Properties Common Shares of Beneficial Interest,United States,
NMAD,66336400.00,NASDAQ,"Nomad Power Solutions, Inc. - Common Stock",United States,N
NMAX,1229609340.00,NYSE,"Newsmax, Inc. Class B Common Stock",United States,
NMFC,655499587.00,NASDAQ,New Mountain Finance Corporation - Common Stock,United States,N
NMG,388405059.00,NYSE,Nouveau Monde Graphite Inc. Common Shares,Canada,
NMRA,93929166.00,NASDAQ,"Neumora Therapeutics, Inc. - Common Stock",United States,N
NMTC,10198455.00,NASDAQ,NeuroOne Medical Technologies Corporation - Common Stock,United States,N
NNBR,372439697.00,NASDAQ,"NN, Inc. - Common Stock",United States,N
NNDM,343667588.00,NASDAQ,Nano Dimension Ltd. - American Depositary Shares,Israel,N
NNE,838765041.00,NASDAQ,Nano Nuclear Energy Inc. - common stock,United States,N
NNNN,798596160.00,NASDAQ,Anbio Biotechnology - Class A Ordinary Shares,Germany,N
NNOX,49958797.00,NASDAQ,NANO-X IMAGING LTD - Ordinary Shares,Israel,N
NNVC,32672000.00,NYSE AMERICAN,"NanoViricides, Inc. Common Stock",United States,
NOA,337513427.00,NYSE,North American Construction Group Ltd. Common Shares (no par),Canada,
NOAH,522332408.00,NYSE,Noah Holdings Limited American Depositary Shares,China,
NODK,305866798.00,NASDAQ,"NI Holdings, Inc. - Common Stock",United States,N
NOMA,29726464.00,NASDAQ,NOMADAR Corp. - Class A Common Stock,United States,N
NOMD,1513216880.00,NYSE,Nomad Foods Limited Ordinary Shares,United Kingdom,
NPB,530831275.00,NYSE,"Northpointe Bancshares, Inc. Common Stock",United States,
NPCE,435918280.00,NASDAQ,"Neuropace, Inc. - Common Stock",United States,N
NPK,1075619379.00,NYSE,"National Presto Industries, Inc. Common Stock",United States,
NPKI,1001087650.00,NYSE,NPK International Inc. Common Stock,United States,
NPT,54131400.00,NASDAQ,Texxon Holding Limited - Ordinary shares,China,N
NPWR,312553400.00,NYSE,NET Power Inc. Class A Common Stock,United States,
NRC,450133168.00,NASDAQ,NRC Health - Common Stock,United States,N
NRDS,551656992.00,NASDAQ,"NerdWallet, Inc. - Class A Common Stock",United States,N
NRDY,97721046.00,NYSE,Nerdy Inc. Class A Common Stock,United States,
NREF,297987338.00,NYSE,"NexPoint Real Estate Finance, Inc. Common Stock",United States,
NRGV,716447906.00,NYSE,"Energy Vault Holdings, Inc. Common Stock",United States,
NRIM,550780406.00,NASDAQ,Northrim BanCorp Inc - Common Stock,United States,N
NRSN,7464309.00,NASDAQ,NeuroSense Therapeutics Ltd. - Ordinary Shares,Israel,D
NRT,77752391.00,NYSE,North European Oil Royality Trust Common Stock,United States,
NRXP,125774203.00,NASDAQ,"NRX Pharmaceuticals, Inc. - Common Stock",United States,N
NRXS,89285709.00,NYSE AMERICAN,"Neuraxis, Inc. Common Stock",United States,
NSP,1775316150.00,NYSE,"Insperity, Inc. Common Stock",United States,
NSPR,28939476.00,NASDAQ,InspireMD Inc. - Common Stock,Israel,D
NSRX,45906367.00,NYSE AMERICAN,Nasus Pharma Ltd. Ordinary Shares,,
NSSC,1293744366.00,NASDAQ,"NAPCO Security Technologies, Inc. - Common Stock",United States,N
NSTR,285492104.00,NYSE AMERICAN,"NorthStar Earth & Space Enterprises, Inc. Common Shares",,
NSYS,33046610.00,NASDAQ,Nortech Systems Incorporated - Common Stock,United States,N
NTCL,4736273.00,NASDAQ,NETCLASS TECHNOLOGY INC - Class A Ordinary Shares,China,N
NTGR,640337735.00,NASDAQ,"NETGEAR, Inc. - Common Stock",United States,N
NTHI,89000624.00,NASDAQ,"NeOnc Technologies Holdings, Inc. - Common Stock",United States,N
NTIC,73122580.00,NASDAQ,Northern Technologies International Corporation - Common Stock,United States,N
NTIP,37266985.00,NYSE AMERICAN,"Network-1 Technologies, Inc. Common Stock",United States,
NTLA,1717953256.00,NASDAQ,"Intellia Therapeutics, Inc. - Common Stock",United States,N
NTRB,88493372.00,NASDAQ,Nutriband Inc. - Common Stock,United States,N
NTRP,29417897.00,NASDAQ,"NextTrip, Inc. - Common Stock",United States,N
NTST,1778770525.00,NYSE,NetSTREIT Corp. Common Stock,United States,
NTWK,71117780.00,NASDAQ,NETSOL Technologies Inc. - Common Stock,United States,N
NUAI,670258242.00,NASDAQ,"New Era Energy & Digital, Inc. - Common Stock",United States,N
NUCL,175408202.00,NASDAQ,Eagle Nuclear Energy Corp. - Common stock,United States,N
NUR,11566474.00,NASDAQ,Nuran Wireless Inc. - Common Shares,Canada,N
NUS,224399283.00,NYSE,"Nu Skin Enterprises, Inc. Common Stock",United States,
NUTX,1482586155.00,NASDAQ,Nutex Health Inc. - Common Stock,United States,N
NUVB,1804773418.00,NYSE,Nuvation Bio Inc. Class A Common Stock,United States,
NUWE,2530472.00,NASDAQ,"Nuwellis, Inc. - Common Stock",United States,N
NVA,219999560.00,NYSE AMERICAN,Nova Minerals Corp Common Stock,,
NVAX,1725332294.00,NASDAQ,"Novavax, Inc. - Common Stock",United States,N
NVCR,1739700850.00,NASDAQ,NovoCure Limited - Ordinary Shares,Jersey,N
NVCT,714900327.00,NASDAQ,"Nuvectis Pharma, Inc. - Common Stock",United States,N
NVEC,538957036.00,NASDAQ,NVE Corporation - Common Stock,United States,N
NVGS,1470927309.00,NYSE,Navigator Holdings Ltd. Ordinary Shares (Marshall Islands),Marshall Islands,
NVNI,10304277.00,NASDAQ,Nvni Group Limited - Ordinary Shares,Cayman Islands,D
NVNO,5628091.00,NASDAQ,enVVeno Medical Corporation - Common Stock,United States,N
NVRI,569722305.00,NYSE,Enviri Corporation Common Stock,,
NVX,56605040.00,NASDAQ,NOVONIX Limited - American Depository Shares,Australia,N
NWFL,367399894.00,NASDAQ,Norwood Financial Corp. - Common Stock,United States,N
NWGL,41548558.00,NASDAQ,CL Workshop Group Limited - American Depositary Shares,China,N
NWN,1994391830.00,NYSE,Northwest Natural Holding Company Common Stock,United States,
NWPX,1021447040.00,NASDAQ,"NWPX Infrastructure, Inc. - Common Stock",United States,N
NWTG,6898463.00,NASDAQ,"Newton Golf Company, Inc. - Common Stock",United States,D
NX,870697952.00,NYSE,Quanex Building Products Corporation Common Stock,United States,
NXAT,2371471.00,NASDAQ,Nexus Advanced Technologies Inc. - Ordinary Shares,Cayman Islands,N
NXDR,943910101.00,NYSE,"Nextdoor Holdings, Inc. Class A Common Stock",United States,
NXDT,281461943.00,NYSE,NexPoint Diversified Real Estate Trust Common Stock,United States,
NXGL,1696093.00,NASDAQ,"NexGel, Inc - Common Stock",United States,D
NXH,263573605.00,NASDAQ,"Neighborhood Intelligence, Inc.  - Common Stock",United States,N
NXL,4752462.00,NASDAQ,"Nexalin Technology, Inc. - Common Stock",United States,D
NXP,621960212.00,NYSE,Nuveen Select Tax Free Income Portfolio Common Stock,United States,
NXPL,23198048.00,NASDAQ,NextPlat Corp - Common Stock,United States,N
NXRT,477015009.00,NYSE,"NexPoint Residential Trust, Inc. Common Stock",United States,
NXTC,23298757.00,NASDAQ,"NextCure, Inc. - Common Stock",United States,N
NXTS,2165466.00,NASDAQ,Nexentis Technologies Inc. - Common Stock,Israel,D
NXTT,8263317.00,NASDAQ,Next Technology Holding Inc. - Ordinary Shares,China,N
NXXT,12357809.00,NASDAQ,"NextNRG, Inc. - Common Stock",United States,D
NYAX,1830600555.00,NASDAQ,Nayax Ltd. - Ordinary Shares,Israel,N
NYC,20595244.00,NYSE,American Strategic Investment Co. Class A Common Stock,,
NYXH,136099028.00,NASDAQ,Nyxoah SA - Ordinary Shares,Belgium,N
OABI,708051238.00,NASDAQ,"OmniAb, Inc. - Common Stock",United States,N
OBE,693945928.00,NYSE AMERICAN,Obsidian Energy Ltd. Common Shares,Canada,
OBIO,357625042.00,NASDAQ,"Orchestra BioMed Holdings, Inc. - Ordinary Shares",United States,N
OBK,1654159734.00,NYSE,"Origin Bancorp, Inc. Common Stock",United States,
OBT,505882444.00,NASDAQ,"Orange County Bancorp, Inc. - Common Stock",United States,N
OBX,839493385.00,NASDAQ,"Obsidian Therapeutics, Inc. - Common Stock",United States,N
OCC,161278518.00,NASDAQ,Optical Cable Corporation - Common Stock,United States,N
OCFC,1621706775.00,NASDAQ,OceanFirst Financial Corp. - Common Stock,United States,N
OCG,3353280.00,NASDAQ,Oriental Culture Holding LTD - Ordinary Shares,China,N
OCGN,345892609.00,NASDAQ,"Ocugen, Inc. - Common Stock",United States,N
OCS,537663877.00,NASDAQ,Oculis Holding AG - Ordinary shares,Switzerland,N
OCUL,1528526441.00,NASDAQ,"Ocular Therapeutix, Inc. - Common Stock",United States,N
ODC,1299024116.00,NYSE,Oil-Dri Corporation Of America Common Stock,United States,
ODD,1070811347.00,NASDAQ,ODDITY Tech Ltd. - Class A Ordinary Shares,Israel,N
ODTX,996012972.00,NASDAQ,"Odyssey Therapeutics, Inc. - Common Stock",United States,N
ODYS,56886778.00,NASDAQ,Odysight.ai Inc. - Common Stock,Israel,N
OEC,327266427.00,NYSE,Orion S.A. Common Shares,Luxembourg,
OESX,124477866.00,NASDAQ,"Orion Energy Systems, Inc. - Common Stock",United States,N
OFAL,11888194.00,NASDAQ,OFA Group - Class A Ordinary Shares,Hong Kong,D
OFIX,370259407.00,NASDAQ,Orthofix Medical Inc.  - Common Stock,Curacao,N
OFLX,265783498.00,NASDAQ,"Omega Flex, Inc. - Common Stock",United States,N
OFRM,681088392.00,NYSE,"Once Upon a Farm, PBC Common Stock",United States,
OGEN,2199579.00,NYSE AMERICAN,Oragenics Inc. Common Stock,United States,
OGG,859404322.00,NYSE,Osisko Gold Group Inc. Common Shares,Canada,
OGI,134393292.00,NASDAQ,Organigram Global Inc. - Common Shares,Canada,N
OI,860494583.00,NYSE,"O-I Glass, Inc. Common Stock",United States,
OIG,934866347.00,NASDAQ,Orion180 Insurance Group Inc. - Class A Common Stock,United States,N
OIO,661242005.00,NASDAQ,OIO Group - Ordinary Shares,Singapore,N
OIS,496455154.00,NYSE,"Oil States International, Inc. Common Stock",United States,
OKUR,103670551.00,NASDAQ,"OnKure Therapeutics, Inc. - Class A Common Stock",United States,N
OKYO,77144905.00,NASDAQ,OKYO Pharma Limited - Ordinary Shares,Guernsey,N
OLB,4542224.00,NASDAQ,"The OLB Group, Inc. - Common Stock",United States,D
OLMA,719667818.00,NASDAQ,"Olema Pharmaceuticals, Inc. - Common Stock",United States,N
OLN,1812321591.00,NYSE,Olin Corporation Common Stock,United States,
OLOX,1396341.00,NASDAQ,Olenox Industries Inc. - Common Stock,United States,N
OLP,480805279.00,NYSE,"One Liberty Properties, Inc. Common Stock",United States,
OM,74436769.00,NASDAQ,"Outset Medical, Inc. - Common Stock",United States,N
OMCL,1532660102.00,NASDAQ,"Omnicell, Inc. - Common Stock",United States,N
OMDA,1246984240.00,NASDAQ,"Omada Health, Inc. - Common Stock",United States,N
OMER,1347146561.00,NASDAQ,Omeros Corporation - Common Stock,United States,N
OMEX,38965213.00,NASDAQ,"Odyssey Marine Exploration, Inc. - Common Stock",United States,D
OMH,4475026.00,NASDAQ,Ohmyhome Limited - Class A Ordinary Shares,Singapore,N
OMSE,186349811.00,NASDAQ,OMS Energy Technologies Inc. - Ordinary Shares,Singapore,N
ONCO,3213989.00,NASDAQ,"Onconetix, Inc.  - Common Stock",United States,N
ONCY,80459129.00,NASDAQ,Oncolytics Biotech Inc. - Common Stock,Canada,D
ONEG,16000000.00,NASDAQ,OneConstruction Group Limited - Ordinary Shares,Hong Kong,N
ONEN,48663633.00,NASDAQ,ONE Nuclear Energy Inc. - Common Stock,United States,N
ONEW,163656379.00,NASDAQ,OneWater Marine Inc. - Class A Common Stock,United States,N
ONFO,2149103.00,NASDAQ,Onfolio Holdings Inc. - Common Stock,United States,D
ONIT,227744215.00,NYSE,Onity Group Inc. Common Stock,United States,
ONL,137477761.00,NYSE,Orion Properties Inc. Common Stock,United States,
ONMD,32407865.00,NASDAQ,OneMedNet Corp - Class A Common Stock,United Kingdom,D
ONT,446342459.00,NYSE,"Onterris, Inc. Common Stock",United States,
OOMA,574080000.00,NYSE,"Ooma, Inc. Common Stock",United States,
OPAD,15730598.00,NASDAQ,Offerpad Solutions Inc.  - Class A Common Stock,United States,N
OPAL,303960600.00,NASDAQ,OPAL Fuels Inc. - Class A Common Stock,United States,N
OPBK,231156880.00,NASDAQ,OP Bancorp - Common Stock,United States,N
OPFI,508693235.00,NYSE,OppFi Inc. Class A Common Stock,United States,
OPHC,114107129.00,NYSE AMERICAN,"OptimumBank Holdings, Inc. Common Stock",United States,
OPI,346646981.00,NASDAQ,Office Properties Income Trust - Common shares of beneficial interest,United States,N
OPK,1164272031.00,NASDAQ,"Opko Health, Inc. - Common Stock",United States,N
OPNW,72399744.00,NASDAQ,"OpenWorld, Inc. - Common Stock",United States,N
OPRA,1590885080.00,NASDAQ,Opera Limited - American Depositary Shares,Norway,N
OPRT,383993563.00,NASDAQ,Oportun Financial Corporation - common stock,United States,N
OPRX,161424100.00,NASDAQ,OptimizeRx Corporation - Common Stock,United States,N
OPTH,25709143.00,NASDAQ,Optimi Health Corp. - Common Shares,Canada,N
OPTT,9276042.00,NYSE AMERICAN,"Ocean Power Technologies, Inc. Common Stock",United States,
OPTU,417224610.00,NYSE,"Optimum Communications, Inc. Class A common stock",United States,
OPTX,368158085.00,NASDAQ,"Syntec Optics Holdings, Inc. - Class A Common Stock",United States,N
OPXS,72730673.00,NASDAQ,"Optex Systems Holdings, Inc. - Common Stock",United States,N
OPY,1286352641.00,NYSE,"Oppenheimer Holdings, Inc. Class A Common Stock (DE)",United States,
ORBS,498541784.00,NASDAQ,Eightco Holdings Inc. - Common Stock,United States,D
ORC,1019973568.00,NYSE,"Orchid Island Capital, Inc. Common Stock",United States,
ORGO,171137149.00,NASDAQ,Organogenesis Holdings Inc.  - Class A ,United States,N
ORIC,1265080666.00,NASDAQ,"Oric Pharmaceuticals, Inc. - Common Stock",United States,N
ORIO,24970050.00,NASDAQ,Orion Digital Corp. - Common Shares,Canada,N
ORKT,5927367.00,NASDAQ,Orangekloud Technology Inc. - Class A Ordinary Shares,Singapore,N
ORMP,186772119.00,NASDAQ,Oramed Pharmaceuticals Inc. - Common Stock,Israel,N
ORRF,819633315.00,NASDAQ,"Orrstown Financial Services, Inc. - Common Stock",United States,N
OSBC,1269349114.00,NASDAQ,"Old Second Bancorp, Inc. - Common Stock",United States,N
OSG,207236836.00,NYSE,"Octave Specialty Group, Inc. Common Stock",United States,
OSPN,667761375.00,NASDAQ,OneSpan Inc. - Common Stock,United States,N
OSS,215981526.00,NASDAQ,"One Stop Systems, Inc. - Common Stock",United States,N
OSTX,75282680.00,NYSE AMERICAN,OS Therapies Incorporated Common Stock,,
OSUR,273460606.00,NASDAQ,"OraSure Technologies, Inc. - Common Stock",United States,N
OTLK,144364400.00,NASDAQ,"Outlook Therapeutics, Inc. - Common Stock",United States,D
OTLY,336674322.00,NASDAQ,Oatly Group AB - American Depositary Shares,Sweden,N
OVBC,210157755.00,NASDAQ,Ohio Valley Banc Corp. - Common Stock,United States,N
OVID,464808900.00,NASDAQ,Ovid Therapeutics Inc. - Common Stock,United States,N
OVLY,286789216.00,NASDAQ,Oak Valley Bancorp (CA) - Common Stock,United States,N
OWLS,206526744.00,NASDAQ,OBOOK Holdings Inc. - Class A Common Shares,Taiwan,N
OWLT,147861686.00,NYSE,"Owlet, Inc. Class A Common Stock",United States,
OXBR,9115206.00,NASDAQ,Oxbridge Re Holdings Limited - Ordinary Shares,Cayman Islands,N
OXM,373408371.00,NYSE,"Oxford Industries, Inc. Common Stock",United States,
PAAC,177587797.00,NASDAQ,Proem Acquisition Corp I - Ordinary Shares,United States,N
PAAI,55228357.00,NYSE AMERICAN,"Paradium.AI, Inc. Common Stock",United States,
PACB,789510128.00,NASDAQ,"Pacific Biosciences of California, Inc. - Common Stock",United States,N
PACK,350751402.00,NYSE,Ranpak Holdings Corp Class A Common Stock,United States,
PAHC,1512003696.00,NASDAQ,Phibro Animal Health Corporation - Class A Common Stock,United States,N
PAL,99868406.00,NASDAQ,"Proficient Auto Logistics, Inc. - Common Stock",United States,N
PALI,250949604.00,NASDAQ,"Palisade Bio, Inc. - Common Stock",United States,N
PAMT,256333226.00,NASDAQ,PAMT CORP - Common Stock,United States,N
PANL,551943898.00,NASDAQ,Pangaea Logistics Solutions Ltd. - Common Stock,United States,N
PAPL,23567918.00,NYSE AMERICAN,Pineapple Financial Inc. Common Stock,,
PAR,589418589.00,NYSE,PAR Technology Corporation Common Stock,United States,
PARK,94344795.00,NASDAQ,"Park Dental Partners, Inc. - Common Stock",United States,N
PASG,13257377.00,NASDAQ,"Passage Bio, Inc. - Common Stock",United States,N
PASW,15543840.00,NASDAQ,"Ping An Biomedical Co., Ltd. - Class A Ordinary Shares",Hong Kong,D
PAVM,22948285.00,NASDAQ,PAVmed Inc. - Common Stock,United States,N
PAVS,3261143.00,NASDAQ,Paranovus Entertainment Technology Ltd. - Class A Ordinary Shares,China,N
PAX,1656947421.00,NASDAQ,Patria Investments Limited - Class A Common Shares,Cayman Islands,N
PAYS,803456480.00,NASDAQ,"Paysign, Inc. - Common Stock",United States,N
PBAM,497918577.00,NASDAQ,"Private Bancorp of America, Inc. - Common Stock",United States,N
PBFS,441436352.00,NASDAQ,"Pioneer Bancorp, Inc. - Common Stock",United States,N
PBHC,85378415.00,NASDAQ,"Pathfinder Bancorp, Inc. - Common Stock",United States,N
PBK,10731887.00,NASDAQ,PowerBank Corporation - Common Stock,Canada,D
PBM,19681932.00,NASDAQ,Psyence Biomedical Ltd. - Common Shares,Canada,N
PBT,1471439690.00,NYSE,Permian Basin Royalty Trust Common Stock,United States,
PBYI,490906828.00,NASDAQ,Puma Biotechnology Inc - Common Stock,United States,N
PCB,393389302.00,NASDAQ,PCB Bancorp - Common Stock,United States,N
PCLA,64797046.00,NASDAQ,PicoCELA Inc. - American Depositary Shares,Japan,N
PCRX,1004918146.00,NASDAQ,"Pacira BioSciences, Inc. - Common Stock",United States,N
PCSA,4497351.00,NASDAQ,"Processa Pharmaceuticals, Inc. - Common Stock",United States,N
PCT,881972116.00,NASDAQ,"PureCycle Technologies, Inc. - Common stock",United States,N
PCYO,262661333.00,NASDAQ,Pure Cycle Corporation - Common Stock,United States,N
PD,1206489052.00,NYSE,"PagerDuty, Inc. Common Stock",United States,
PDC,28074917.00,NASDAQ,Perpetuals.com Ltd - American Depositary Shares,Japan,N
PDEX,205237609.00,NASDAQ,"Pro-Dex, Inc. - Common Stock",United States,N
PDLB,492223785.00,NASDAQ,"Ponce Financial Group, Inc. - Common Stock",United States,N
PDM,1126195425.00,NYSE,"Piedmont Realty Trust, Inc. Class A Common Stock",United States,
PDS,1068802078.00,NYSE,Precision Drilling Corporation Common Stock,Canada,
PDSB,54246945.00,NASDAQ,PDS Biotechnology Corporation - Common Stock,United States,D
PDYN,262974258.00,NASDAQ,Palladyne AI Corp. - Common stock,United States,N
PEBK,241780162.00,NASDAQ,"Peoples Bancorp of North Carolina, Inc. - Common Stock",United States,N
PEBO,1347117966.00,NASDAQ,Peoples Bancorp Inc. - Common Stock,United States,N
PED,170270687.00,NYSE AMERICAN,Pedevco Corp. Common Stock,United States,
PENN,1980163549.00,NASDAQ,"PENN Entertainment, Inc. - Common Stock",United States,N
PEPG,157911699.00,NASDAQ,PepGen Inc. - Common Stock,United States,N
PERF,194530962.00,NYSE,Perfect Corp. Class A Ordinary Share,Taiwan,
PERI,334307712.00,NASDAQ,Perion Network Ltd - Ordinary Shares,Israel,N
PESI,330157542.00,NASDAQ,"Perma-Fix Environmental Services, Inc. - Common Stock",United States,N
PETS,29483323.00,NASDAQ,"PetMed Express, Inc. - Common Stock",United States,N
PETZ,13420248.00,NASDAQ,"TDH Holdings, Inc. - Common Shares",China,N
PEW,56960935.00,NYSE,GrabAGun Digital Holdings Inc. Common Stock,,
PFAI,29693547.00,NASDAQ,Pinnacle Food Group Limited - Class A Common Shares,Canada,N
PFIS,693618329.00,NASDAQ,Peoples Financial Services Corp.  - Common Stock,United States,N
PFLT,678650409.00,NYSE,PennantPark Floating Rate Capital Ltd. Common Stock,United States,
PFSA,1023543.00,NASDAQ,"Profusa, Inc. - Common Stock",United States,N
PFX,86665876.00,NASDAQ,PhenixFIN Corporation  - Common Stock,United States,N
PGC,790312100.00,NASDAQ,Peapack-Gladstone Financial Corporation - Common Stock,United States,N
PGNY,1935817114.00,NASDAQ,"Progyny, Inc. - Common Stock",United States,N
PGY,1499996657.00,NASDAQ,Pagaya Technologies Ltd. - Class A Ordinary Shares,United States,N
PHAR,688595993.00,NASDAQ,"Pharming Group N.V. - ADS, each representing 10 ordinary shares",Netherlands,N
PHAT,559834463.00,NASDAQ,"Phathom Pharmaceuticals, Inc. - Common Stock",United States,N
PHIO,11444153.00,NASDAQ,Phio Pharmaceuticals Corp. - Common Stock,United States,N
PHOE,408240000.00,NASDAQ,Phoenix Asia Holdings Limited - Ordinary Shares,Hong Kong,N
PHOS,283338506.00,NASDAQ,First Phosphate Corp. - American Depositary Shares,Canada,N
PHR,625054406.00,NYSE,"Phreesia, Inc. Common Stock",United States,
PHUN,40925350.00,NASDAQ,"Phunware, Inc. - Common Stock",Greece,N
PICS,1177950766.00,NASDAQ,PicS N.V. - Class A Common Shares,Brazil,N
PIII,46179846.00,NASDAQ,P3 Health Partners Inc. - Class A Common Stock,United States,N
PINE,317097996.00,NYSE,"Alpine Income Property Trust, Inc. Common Stock",United States,
PKBK,386599519.00,NASDAQ,"Parke Bancorp, Inc. - Common Stock",United States,N
PKE,661671839.00,NYSE,Park Aerospace Corp. Common Stock,United States,
PKOH,686391774.00,NASDAQ,Park-Ohio Holdings Corp. - Common Stock,United States,N
PLAB,1857820789.00,NASDAQ,"Photronics, Inc. - Common Stock",United States,N
PLAG,9820573.00,NYSE AMERICAN,Planet Green Holdings Corp. Common Stock,China,
PLAY,235106847.00,NASDAQ,"Dave & Buster's Entertainment, Inc. - Common Stock",United States,N
PLBC,435216861.00,NASDAQ,Plumas Bancorp - Common Stock,United States,N
PLBY,124599996.00,NASDAQ,"Playboy, Inc. - Common Stock",United States,N
PLCE,44251763.00,NASDAQ,"Children's Place, Inc. (The) - Common Stock",United States,N
PLG,161135241.00,NYSE AMERICAN,Platinum Group Metals Ltd. Ordinary Shares (Canada),Canada,
PLOW,934851133.00,NYSE,"Douglas Dynamics, Inc. Common Stock",United States,
PLRX,64089163.00,NASDAQ,"Pliant Therapeutics, Inc. - Common Stock",United States,N
PLRZ,23338884.00,NASDAQ,Polyrizon Ltd. - Ordinary Shares,Israel,N
PLSM,14241228.00,NASDAQ,Pulsenmore Ltd. - Ordinary Shares,Israel,N
PLTK,831491645.00,NASDAQ,Playtika Holding Corp. - Common Stock,Israel,N
PLUR,12468183.00,NASDAQ,Pluri Inc. - Common Stock,Israel,D
PLUT,40677500.00,NASDAQ,Plutus Financial Group Limited - Ordinary Shares,Hong Kong,N
PLX,218349150.00,NYSE AMERICAN,"Protalix BioTherapeutics, Inc. (DE) Common Stock",Israel,
PLYX,103679665.00,NASDAQ,"Polaryx Therapeutics, Inc. - Common Stock",United States,N
PMA,200459250.00,NASDAQ,PMA Graphene Technology Group Inc. - Class A Ordinary Shares,Hong Kong,D
PMAX,1667670.00,NASDAQ,Powell Max Limited - Class A Ordinary Shares,Hong Kong,N
PMCB,4295333.00,NASDAQ,"PharmaCyte  Biotech, Inc. - Common Stock",United States,D
PMEC,19255095.00,NASDAQ,Primech Holdings Ltd. - Ordinary Shares,Singapore,D
PMI,13517305.00,NYSE AMERICAN,"Picard Medical, Inc. Common Stock",,
PMN,84296314.00,NASDAQ,ProMIS Neurosciences Inc. - Common Shares,Canada,N
PMT,680178424.00,NYSE,PennyMac Mortgage Investment Trust Common Shares of Beneficial Interest,United States,
PMTS,288176673.00,NASDAQ,CPI Card Group Inc. - Common Stock,United States,N
PMVP,135172623.00,NASDAQ,"PMV Pharmaceuticals, Inc. - Common Stock",United States,N
PN,38212925.00,NASDAQ,PN Smart Energy Limited - Class A Ordinary Shares,China,N
PNBK,110453994.00,NASDAQ,Patriot National Bancorp Inc. - Common Stock,United States,N
PNNT,212212306.00,NYSE,PennantPark Investment Corporation Common Stock,United States,
PNRG,323894916.00,NASDAQ,PrimeEnergy Resources Corporation - Common Stock,United States,N
PNTG,1370616864.00,NASDAQ,"The Pennant Group, Inc. - Common Stock",United States,N
POAS,4420080.00,NYSE AMERICAN,Phaos Technology Holdings (Cayman) Limited Class A Ordinary Shares,,
POCI,48938652.00,NASDAQ,"Precision Optics Corporation, Inc. - Common stock",United States,N
PODC,71093836.00,NASDAQ,"PodcastOne, Inc. - Common Stock",United States,N
POET,1348122506.00,NASDAQ,POET Technologies Inc. - Common Shares,Canada,N
POLA,4998810.00,NASDAQ,"Polar Power, Inc. - Common Stock",United States,D
POM,6411518.00,NASDAQ,POMDOCTOR LIMITED - American Depositary Shares,China,N
POWW,265779532.00,NASDAQ,Outdoor Holding Company - Common Stock,United States,N
PPBT,2456569.00,NASDAQ,Purple Biotech Ltd. - American Depositary Shares,Israel,N
PPCB,3213041.00,NASDAQ,"Propanc Biopharma, Inc. - Common Stock",Australia,N
PPHC,315096346.00,NASDAQ,"Public Policy Holding Company, Inc. - Common Stock",United States,N
PPIH,261098403.00,NASDAQ,"Perma-Pipe International Holdings, Inc. - Common Stock",United States,N
PPSI,36738570.00,NASDAQ,"Pioneer Power Solutions, Inc. - Common Stock",United States,N
PRAA,710417873.00,NASDAQ,"PRA Group, Inc. - Common Stock",United States,N
PRCT,982815988.00,NASDAQ,PROCEPT BioRobotics Corporation - Common Stock,United States,N
PRDO,1996833825.00,NASDAQ,Perdoceo Education Corporation - Common Stock,United States,N
PRE,341633812.00,NASDAQ,Prenetics Global Limited - Class A Ordinary Share,Hong Kong,N
PRFX,3219212.00,NASDAQ,PRF Technologies Ltd. - Ordinary Shares,Israel,N
PRG,1234780623.00,NYSE,"PROG Holdings, Inc. Common Stock",United States,
PRGO,1978849434.00,NYSE,Perrigo Company plc Ordinary Shares,United States,
PRGS,1508257685.00,NASDAQ,Progress Software Corporation - Common Stock,United States,N
PRHI,25698191.00,NASDAQ,"Presurance Holdings, Inc. - Common Stock",United States,N
PRKS,1471778890.00,NYSE,United Parks & Resorts Inc. Common Stock,United States,
PRLD,292878790.00,NASDAQ,Prelude Therapeutics Incorporated - Common Stock,United States,N
PRME,540503031.00,NASDAQ,"Prime Medicine, Inc. - Common Stock",United States,N
PROF,213350349.00,NASDAQ,Profound Medical Corp. - common stock,Canada,N
PROK,519994967.00,NASDAQ,ProKidney Corp. - Class A Ordinary Shares,United States,N
PROP,42400772.00,NASDAQ,Prairie Operating Co. - Common Stock,United States,D
PROV,114143771.00,NASDAQ,"Provident Financial Holdings, Inc. - Common Stock",United States,N
PRPL,9141529.00,NASDAQ,"Purple Innovation, Inc. - Common Stock",United States,N
PRPO,41407048.00,NASDAQ,"Precipio, Inc. - Common Stock",United States,N
PRQR,230733613.00,NASDAQ,ProQR Therapeutics N.V. - Ordinary Shares,Netherlands,N
PRSO,7130016.00,NASDAQ,Peraso Inc. - Common Stock,United States,D
PRSU,1428096439.00,NYSE,"Pursuit Attractions and Hospitality, Inc. Common Stock",United States,
PRTA,429177103.00,NASDAQ,Prothena Corporation plc - Ordinary Shares,United States,N
PRTH,641386094.00,NASDAQ,"Priority Technology Holdings, Inc. - Common Stock",United States,N
PRTS,69604678.00,NASDAQ,"CarParts.com, Inc. - Common Stock",United States,N
PRZO,15811243.00,NASDAQ,ParaZero Technologies Ltd. - Ordinary Shares,Israel,D
PSFE,281441394.00,NYSE,Paysafe Limited Common Shares,United Kingdom,
PSHG,21009164.00,NASDAQ,Performance Shipping Inc. - Common Shares,Greece,N
PSIG,70444165.00,NASDAQ,PS International Group Ltd. - Ordinary Shares,Hong Kong,N
PSIX,1034485433.00,NASDAQ,"Power Solutions International, Inc. - Common Stock",United States,N
PSNL,1738701916.00,NASDAQ,"Personalis, Inc. - Common Stock",United States,N
PSNY,1023465204.00,NASDAQ,Polestar Automotive Holding UK Limited - Class A ADS,Sweden,N
PSQH,17517690.00,NYSE,"PSQ Holdings, Inc. Class A Common Stock",,
PSQL,1284376831.00,NASDAQ,Pasqal Holding SA - Ordinary Shares,France,N
PSTL,686346928.00,NYSE,"Postal Realty Trust, Inc. Class A Common Stock",United States,
PSUS,971211000.00,NYSE,"Pershing Square USA, Ltd. Common Shares",,
PTHS,78866461.00,NYSE AMERICAN,Pelthos Therapeutics Inc. Common Stock,,
PTLE,47359660.00,NASDAQ,PTL LTD - Class A Ordinary Shares,Singapore,N
PTLO,266560716.00,NASDAQ,Portillo's Inc. - Class A Common Stock,United States,N
PTN,16616161.00,NASDAQ,"Palatin Technologies, Inc. - Common Stock",United States,N
PUBM,839032124.00,NASDAQ,"PubMatic, Inc. - Class A Common Stock",United States,N
PULM,5734087.00,NASDAQ,"Pulmatrix, Inc. - Common Stock",United States,N
PUMP,1138577711.00,NYSE,ProPetro Holding Corp. Common Stock,United States,
PUSA,512689719.00,NASDAQ,Powerus Corporation - Common Stock,United States,N
PVLA,1908681675.00,NASDAQ,"Palvella Therapeutics, Inc. - Common Stock",United States,N
PW,2441348.00,NYSE AMERICAN,Power REIT (MD) Common Stock,United States,
PWCM,2172545.00,NASDAQ,"PowerCompute, Inc. - Common Stock",United States,N
PWP,1539465177.00,NASDAQ,Perella Weinberg Partners - Class A Common Stock,United States,N
PXED,905149611.00,NYSE,"Phoenix Education Partners, Inc. Common Stock",United States,
PXLW,42527233.00,NASDAQ,"Pixelworks, Inc. - Common Stock",United States,N
PXS,79426824.00,NASDAQ,Pyxis Tankers Inc. - Common Stock,Greece,N
PYPD,105418066.00,NASDAQ,PolyPid Ltd. - Ordinary Shares,Israel,N
PYXS,254837637.00,NASDAQ,"Pyxis Oncology, Inc. - Common Stock",United States,N
PZG,103458457.00,NYSE AMERICAN,Paramount Gold Nevada Corp. Common Stock,United States,
PZZA,639668378.00,NASDAQ,"Papa John's International, Inc. - Common Stock",United States,N
QCLS,6125999.00,NASDAQ,"Q/C Technologies, Inc. - Common Stock",United States,N
QCRH,1653118233.00,NASDAQ,"QCR Holdings, Inc. - Common Stock",United States,N
QDEL,738557349.00,NASDAQ,QuidelOrtho Corporation - Common Stock,United States,N
QFIN,786517171.00,NASDAQ,"Qfin Holdings, Inc.  - American Depositary Shares",China,N
QH,10123286.00,NASDAQ,Quhuo Limited - Class A Ordinary Shares,China,N
QMCO,1359645035.00,NASDAQ,Quantum Corporation - Common Stock,United States,N
QMLS,218484103.00,NASDAQ,"QumulusAI, Inc. - Common Stock",United States,N
QNBC,275876144.00,NASDAQ,QNB Corp. - Common Stock,United States,N
QNC,348877275.00,NYSE AMERICAN,Quantum eMotion Corp. Common Shares,,
QNCX,29698240.00,NASDAQ,"Quince Therapeutics, Inc. - Common Stock",United States,D
QNME,19279433.00,NASDAQ,"Quanome Technologies, Inc. - Common Stock",United States,D
QNRX,21474600.00,NASDAQ,"Quoin Pharmaceuticals, Ltd. - American Depositary Shares",Israel,N
QNST,856634178.00,NASDAQ,"QuinStreet, Inc. - Common Stock",United States,N
QNTM,27821072.00,NASDAQ,Quantum Biopharma Ltd. - Class B Subordinate Voting Shares,Canada,N
QRHC,28897213.00,NASDAQ,Quest Resource Holding Corporation - Common Stock,United States,N
QSI,339270064.00,NASDAQ,Quantum-Si Incorporated - Class A Common Stock,United States,D
QTEX,61560327.00,NASDAQ,QTREX Quantum Ltd. - Ordinary Shares,Israel,N
QTI,39079519.00,NASDAQ,"QT Imaging Holdings, Inc. - Common Stock",United States,N
QTRX,172146757.00,NASDAQ,Quanterix Corporation - Common Stock,United States,N
QTTB,245002705.00,NASDAQ,Q32 Bio Inc. - Common Stock,United States,N
QUAD,484765465.00,NYSE,"Quad Graphics, Inc Class A Common Stock",United States,
QUBT,1851517323.00,NASDAQ,Quantum Computing Inc. - Common Stock,United States,N
QUCY,111810695.00,NASDAQ,Quantum Cyber N.V. - Ordinary Shares,Germany,N
QUIK,217431586.00,NASDAQ,QuickLogic Corporation - Common Stock,United States,N
QURE,1627336026.00,NASDAQ,uniQure N.V. - Ordinary Shares,Netherlands,N
QVCG,722998511.00,NASDAQ,"QVC Group, Inc. - Common Stock",United States,N
QXL,92957330.00,NASDAQ,Quantum X Labs Inc. - Common Stock,Israel,N
RADX,20531067.00,NASDAQ,Radiopharm Theranostics Limited - American Depositary Shares,Australia,N
RAIL,226259832.00,NASDAQ,"Freightcar America, Inc. - Common Stock",United States,N
RAIN,9037868.00,NASDAQ,"Rain Enhancement Technologies Holdco, Inc. - Class A Common Stock",United States,D
RANI,113021725.00,NASDAQ,"Rani Therapeutics Holdings, Inc. - Class A Common Stock",United States,D
RAPP,1543461461.00,NASDAQ,"Rapport Therapeutics, Inc. - Common Stock",United States,N
RARE,1500522647.00,NASDAQ,Ultragenyx Pharmaceutical Inc. - Common Stock,United States,N
RAVE,32828717.00,NASDAQ,"Rave Restaurant Group, Inc. - Common Stock",United States,N
RAYA,2077779.00,NASDAQ,Erayak Power Solution Group Inc. - Class A Ordinary Shares,China,N
RBB,443029097.00,NASDAQ,RBB Bancorp - Common Stock,United States,N
RBBN,316517333.00,NASDAQ,Ribbon Communications Inc.  - Common Stock,United States,N
RBCAA,1839621778.00,NASDAQ,"Republic Bancorp, Inc. - Class A Common Stock",United States,N
RBKB,205612953.00,NASDAQ,"Rhinebeck Bancorp, Inc. - Common Stock",United States,N
RBNE,2997668.00,NASDAQ,Robin Energy Ltd. - Common Stock,Cyprus,N
RC,186665821.00,NYSE,Ready Capital Corporation Common Stock,United States,
RCAT,977371917.00,NASDAQ,"Red Cat Holdings, Inc. - Common Stock",United States,N
RCBC,769197966.00,NASDAQ,River City Bank - Common stock,United States,N
RCEL,393389494.00,NASDAQ,"Avita Medical, Inc. - Common Stock",United States,N
RCKT,281022968.00,NASDAQ,"Rocket Pharmaceuticals, Inc. - Common Stock",United States,N
RCKY,350171920.00,NASDAQ,"Rocky Brands, Inc. - Common Stock",United States,N
RCMT,298722986.00,NASDAQ,"RCM Technologies, Inc. - Common Stock",United States,N
RCON,27744923.00,NASDAQ,"Recon Technology, Ltd. - Class A Ordinary Shares",China,N
RCT,14624326.00,NASDAQ,RedCloud Holdings plc - Ordinary Shares,United Kingdom,D
RDCM,171744803.00,NASDAQ,Radcom Ltd. - Ordinary Shares,Israel,N
RDGT,3171855.00,NASDAQ,"Ridgetech, Inc. - Ordinary Shares",China,N
RDHL,3040460.00,NASDAQ,Redhill Biopharma Ltd. - American Depositary Shares,Israel,D
RDI,44979100.00,NASDAQ,Reading International Inc - Class A Non-voting Common Stock,United States,N
RDIB,368073242.00,NASDAQ,Reading International Inc - Class B Voting Common Stock,United States,N
RDNW,209879653.00,NASDAQ,"RideNow Group, Inc. - Class B Common Stock",United States,N
RDVT,1272043708.00,NASDAQ,"Red Violet, Inc. - Common Stock ",United States,N
RDWR,1298823979.00,NASDAQ,Radware Ltd. - Ordinary Shares,Israel,N
RDZN,103901377.00,NASDAQ,"Roadzen, Inc. - Ordinary Shares",United States,N
REA,205739181.00,NYSE AMERICAN,"Rare Earths Americas, Inc. Common Stock",,
REAL,1082872924.00,NASDAQ,"The RealReal, Inc. - Common Stock",United States,N
REAX,359707200.00,NASDAQ,Real REMAX Group Inc. - Common Stock,Canada,N
REBN,18791866.00,NASDAQ,"Reborn Coffee, Inc. - Common Stock",United States,D
RECT,19817920.00,NASDAQ,Rectitude Holdings Ltd - Ordinary Shares,Singapore,N
REED,8252532.00,NYSE AMERICAN,"Reed's, Inc. Common Stock",,
REF,759169262.00,NYSE,Reformation Inc. Common Stock,,
REFI,257748729.00,NASDAQ,"Chicago Atlantic Real Estate Finance, Inc. - Common Stock",United States,N
REFR,25404669.00,NASDAQ,Research Frontiers Incorporated - Common Stock,United States,D
REI,341306885.00,NYSE AMERICAN,"Ring Energy, Inc. Common Stock",United States,
REKR,51118194.00,NASDAQ,"Rekor Systems, Inc. - Common Stock",United States,D
RELL,282271500.00,NASDAQ,"Richardson Electronics, Ltd. - Common Stock",United States,N
RENT,52349888.00,NASDAQ,"Rent the Runway, Inc. - Class A Common Stock",United States,N
RENX,5279187.00,NASDAQ,RenX Enterprises Corp. - Common Stock,United States,N
REPL,1231450616.00,NASDAQ,"Replimune Group, Inc. - Common Stock",United States,N
REPX,934668189.00,NYSE AMERICAN,"Riley Exploration Permian, Inc. Common Stock",United States,
RERE,798124585.00,NYSE,ATRenew Inc. American Depositary Shares (every three of which representing two Class A ordinary shares),Cayman Islands,
RES,1298910090.00,NYSE,"RPC, Inc. Common Stock",United States,
RETO,11574493.00,NASDAQ,"ReTo Eco-Solutions, Inc. - Class A Shares",China,N
REVB,3041736.00,NASDAQ,"Revelation Biosciences, Inc. - Common Stock",United States,N
RFIL,91121192.00,NASDAQ,"RF Industries, Ltd. - Common Stock",United States,N
RFL,80079994.00,NYSE,"Rafael Holdings, Inc. Class B Common Stock",United States,
RGCO,227146321.00,NASDAQ,RGC Resources Inc. - Common Stock,United States,N
RGNT,12994254.00,NYSE AMERICAN,Regentis Biomaterials Ltd. Ordinary Shares,Israel,
RGNX,490478017.00,NASDAQ,REGENXBIO Inc. - Common Stock,United States,N
RGP,134988065.00,NASDAQ,"Resources Connection, Inc. - Common Stock",United States,N
RGR,708955219.00,NYSE,"Sturm, Ruger & Company, Inc. Common Stock",United States,
RGS,72629561.00,NASDAQ,Regis Corporation - Common Stock,United States,N
RGT,89241268.00,NYSE,"Royce Global Trust, Inc. Common Stock",,
RHLD,906369256.00,NYSE,Resolute Holdings Management Common Stock ,United States,
RICK,203496590.00,NASDAQ,"RCI Hospitality Holdings, Inc. - Common Stock",United States,N
RIGL,880755588.00,NASDAQ,"Rigel Pharmaceuticals, Inc. - Common Stock",United States,N
RILY,195370809.00,NASDAQ,"BRC Group Holdings, Inc. - Common Stock",United States,N
RIME,3450684.00,NASDAQ,"Algorhythm Holdings, Inc. - Common Stock",United States,D
RJET,825895980.00,NASDAQ,Republic Airways Holdings Inc. - Common Stock,United States,N
RKDA,694335.00,NASDAQ,"Arcadia Biosciences, Inc. - Common Stock",United States,D
RKTO,17371042.00,NASDAQ,Rocket One Inc. - Common Stock,United States,D
RLGT,438930367.00,NYSE AMERICAN,"Radiant Logistics, Inc. Common Stock",United States,
RLJ,1709657284.00,NYSE,RLJ Lodging Trust Common Shares of Beneficial Interest $0.01 par value,United States,
RLMD,384011446.00,NASDAQ,"Relmada Therapeutics, Inc. - Common Stock",United States,N
RLYB,90703323.00,NASDAQ,Rallybio Corporation - Common Stock,United States,N
RM,293380249.00,NYSE,Regional Management Corp. Common Stock,United States,
RMBI,258759670.00,NASDAQ,"Richmond Mutual Bancorporation, Inc. - Common Stock",United States,N
RMCF,8347427.00,NASDAQ,"Rocky Mountain Chocolate Factory, Inc. - Common Stock",United States,N
RMCO,38235224.00,NASDAQ,Royalty Management Holding Corporation - Class A Common Stock,United States,N
RMIX,897996891.00,NASDAQ,"Suncrete, Inc. - Class A Common Stock",United States,N
RML,61590397.00,NASDAQ,Resolution Minerals Ltd - American Depositary Shares,Australia,N
RMNI,395829440.00,NASDAQ,"Rimini Street, Inc. - Common Stock",United States,N
RMR,568782407.00,NASDAQ,The RMR Group Inc. - Class A Common Stock,United States,N
RMSG,4690531.00,NASDAQ,Real Messenger Corporation - Ordinary Shares,United States,D
RMT,629259855.00,NYSE,"Royce Micro-Cap Trust, Inc. Common Stock",United States,
RMTI,34863522.00,NASDAQ,"Rockwell Medical, Inc. - Common Stock",United States,N
RNA,134108241.00,NASDAQ,"Atrium Therapeutics, Inc. - Common Stock",United States,N
RNAC,222679391.00,NASDAQ,"Cartesian Therapeutics, Inc. - Common Stock",United States,N
RNAZ,26581260.00,NASDAQ,"TransCode Therapeutics, Inc. - Common Stock",United States,N
RNGR,366475680.00,NYSE,"Ranger Energy Services, Inc. Class A Common Stock",United States,
RNTX,69074013.00,NASDAQ,"Rein Therapeutics, Inc. - Common Stock",United States,D
RNXT,71304623.00,NASDAQ,"RenovoRx, Inc. - Common Stock",United States,N
ROC,78037719.00,NASDAQ,Rank One Computing Corporation - Common stock,United States,N
ROCK,1191808143.00,NASDAQ,"Gibraltar Industries, Inc. - Common Stock",United States,N
ROLR,53933341.00,NYSE AMERICAN,"High Roller Technologies, Inc. Common Stock",,
ROMA,512255311.00,NASDAQ,Roma Green Finance Limited - Class A Ordinary Shares,Hong Kong,N
ROOT,716717838.00,NASDAQ,"Root, Inc. - Common Stock",United States,N
RPAY,343267672.00,NASDAQ,Repay Holdings Corporation - Class A Common Stock,United States,N
RPC,840016913.00,NYSE,"Ridgepost Capital, Inc. Class A Common Stock",United States,
RPD,821613802.00,NASDAQ,"Rapid7, Inc. - Common Stock",United States,N
RPGL,37533747.00,NASDAQ,Republic Power Group Limited - Class A Ordinary Shares,Singapore,N
RPID,46146792.00,NASDAQ,"Rapid Micro Biosystems, Inc. - Class A Common Stock",United States,N
RPT,86275460.00,NYSE,Rithm Property Trust Inc. Common stock,United States,
RR,378171264.00,NASDAQ,Richtech Robotics Inc. - Class B Common Stock,United States,N
RRBI,680862401.00,NASDAQ,"Red River Bancshares, Inc. - Common Stock",United States,N
RRGB,150284828.00,NASDAQ,"Red Robin Gourmet Burgers, Inc. - Common Stock",United States,N
RSKD,1068694395.00,NYSE,Riskified Ltd. Class A Ordinary Shares,,
RSSS,72589738.00,NASDAQ,"Research Solutions, Inc - Common Stock",United States,N
RSVR,627660673.00,NASDAQ,"Reservoir Media, Inc.. - Common Stock",United States,N
RTB,138517321.00,NASDAQ,"RTB Digital, Inc. - Common Stock",United States,N
RUBI,2566812.00,NASDAQ,Rubico Inc. - Common Stock,Greece,N
RUN,1856930231.00,NASDAQ,Sunrun Inc. - Common Stock,United States,N
RVLV,1475022465.00,NYSE,"Revolve Group, Inc. Class A Common Stock",United States,
RVP,20866200.00,NYSE AMERICAN,"Retractable Technologies, Inc. Common Stock",United States,
RVSB,120762072.00,NASDAQ,Riverview Bancorp Inc - Common Stock,United States,N
RVSN,7464393.00,NASDAQ,Rail Vision Ltd. - Ordinary Shares,Israel,N
RVT,1864412468.00,NYSE,"Royce Small-Cap Trust, Inc. Common Stock",United States,
RWAY,274509871.00,NASDAQ,Runway Growth Finance Corp. - Common Stock,United States,N
RWT,443411885.00,NYSE,"Redwood Trust, Inc. Common Stock",United States,
RXST,194656438.00,NASDAQ,"RxSight, Inc. - Common Stock",United States,N
RXT,1050076142.00,NASDAQ,"Rackspace Technology, Inc. - Common Stock",United States,N
RYAM,481626761.00,NYSE,Rayonier Advanced Materials Inc. Common Stock,United States,
RYDE,129042035.00,NYSE AMERICAN,Ryde Group Ltd. Class A Ordinary Shares,,
RYET,32057075.00,NASDAQ,Ruanyun Edai Technology Inc. - Ordinary shares,China,N
RYM,43120000.00,NASDAQ,"RYTHM, Inc. - Common Stock",United States,N
RYOJ,32917500.00,NASDAQ,"rYojbaba Co., Ltd. - Common Shares",Japan,N
RYZ,1327048557.00,NYSE,Ryerson Holding Corporation Common Stock,United States,
RZAI,1107303441.00,NASDAQ,Roze AI Inc. - Common Shares,South Korea,N
RZLT,387856555.00,NASDAQ,"Rezolute, Inc. - Common Stock (NV)",United States,N
RZLV,824807038.00,NASDAQ,Rezolve AI PLC - Ordinary Shares,United Kingdom,N
SABR,795058932.00,NASDAQ,Sabre Corporation - Common Stock,United States,N
SABS,271139377.00,NASDAQ,"SAB Biotherapeutics, Inc. - Common Stock",United States,N
SACH,43969602.00,NYSE AMERICAN,Sachem Capital Corp. Common Shares,United States,
SAFE,854044337.00,NYSE,Safehold Inc. New Common Stock ,United States,
SAFT,1525595689.00,NASDAQ,"Safety Insurance Group, Inc. - Common Stock",United States,N
SAFX,136798798.00,NASDAQ,"XCF Global, Inc. - Class A Common Stock",United States,D
SAGT,11406680.00,NASDAQ,SAGTEC GLOBAL LIMITED - Class A Ordinary shares,Malaysia,D
SAH,1986358010.00,NYSE,"Sonic Automotive, Inc. Common Stock",United States,
SAIH,44733996.00,NASDAQ,SAIHEAT Limited - Class A Ordinary Shares,Singapore,N
SAIQ,59912346.00,NASDAQ,WISeSat.Space Holdings Corp. - Ordinary Shares,British Virgin Islands,N
SAM,1723856568.00,NYSE,"Boston Beer Company, Inc. (The) Common Stock",United States,
SAMG,124875464.00,NASDAQ,Silvercrest Asset Management Group Inc. - Common Stock,United States,N
SANA,865152241.00,NASDAQ,"Sana Biotechnology, Inc. - Common Stock",United States,N
SANG,162560632.00,NASDAQ,Sangoma Technologies Corporation - Common Shares,Canada,N
SATL,880929690.00,NASDAQ,Satellogic Inc. - Class A Common Stock,Uruguay,N
SB,1006496529.00,NYSE,"Safe Bulkers, Inc Common Stock ($0.001 par value)",Monaco,
SBC,523490940.00,NASDAQ,SBC Medical Group Holdings Incorporated - Common Stock,United States,D
SBFG,183837965.00,NASDAQ,"SB Financial Group, Inc. - Common Stock",United States,N
SBFM,2872816.00,NASDAQ,Sunshine Biopharma Inc. - Common stock,Canada,N
SBGI,898913486.00,NASDAQ,"Sinclair, Inc. - Class A Common Stock",United States,N
SBH,1520426022.00,NYSE,"Sally Beauty Holdings, Inc. (Name to be changed from Sally Holdings, Inc.) Common Stock",United States,
SBMT,242133700.00,NYSE AMERICAN,Silver Bow Mining Corp. Common Shares,,
SBR,1026531681.00,NYSE,Sabine Royalty Trust Common Stock,United States,
SBSI,915999225.00,NYSE,"Southside Bancshares, Inc. Common Stock",United States,
SCAG,15778080.00,NASDAQ,Scage Future - American Depositary Shares,China,D
SCHL,666421873.00,NASDAQ,Scholastic Corporation - Common Stock,United States,N
SCKT,5864706.00,NASDAQ,"Socket Mobile, Inc. - Common Stock",United States,D
SCL,1432150020.00,NYSE,Stepan Company Common Stock,United States,
SCLX,34481580.00,NASDAQ,Scilex Holding Company - Common Stock,United States,N
SCM,211036333.00,NYSE,Stellus Capital Investment Corporation Common Stock,United States,
SCNI,1799793.00,NASDAQ,Scinai Immunotherapeutics Ltd. - American Depositary Shares,Israel,N
SCNX,6520986.00,NASDAQ,"Scienture Holdings, Inc. - Common Stock",United States,D
SCOR,64381542.00,NASDAQ,"comScore, Inc. - Common Stock",United States,N
SCSC,1243415785.00,NASDAQ,"ScanSource, Inc. - Common Stock",United States,N
SCTX,317862907.00,NASDAQ,Scribe Therapeutics Inc. - Common Stock,United States,N
SCWO,54571936.00,NASDAQ,374Water Inc. - common stock,United States,N
SCYX,50941998.00,NASDAQ,"SCYNEXIS, Inc. - Common Stock",United States,N
SCZM,818314499.00,NASDAQ,Santacruz Silver Mining Ltd. - Common Shares,Canada,N
SD,504965532.00,NYSE,"SandRidge Energy, Inc. Common Stock",United States,
SDA,45322956.00,NASDAQ,SunCar Technology Group Inc. - Ordinary Shares,Hong Kong,D
SDEV,387100165.00,NYSE AMERICAN,Stablecoin Development Corporation Common Stock,United States,
SDHC,512350080.00,NYSE,Smith Douglas Homes Corp. Class A Common Stock,United States,
SDOT,33899056.00,NASDAQ,Sadot Group Inc. - Common Stock,United States,N
SDST,3444989.00,NASDAQ,Stardust Power Inc. - Common Stock,United States,D
SEAT,41226793.00,NASDAQ,Vivid Seats Inc. - Class A common stock,United States,N
SEED,8986209.00,NASDAQ,Origin Agritech Limited - Ordinary Shares,China,N
SEER,124587034.00,NASDAQ,"Seer, Inc. - Class A Common Stock",United States,N
SEG,286677416.00,NYSE,Seaport Entertainment Group Inc. Common Stock,United States,
SEGG,7643497.00,NASDAQ,Sports Entertainment Gaming Global Corporation  - Common Stock,United States,E
SELF,55393887.00,NASDAQ,"Global Self Storage, Inc. - Common Stock",United States,N
SENEA,1202707922.00,NASDAQ,Seneca Foods Corp. - Class A Common Stock,United States,N
SENEB,1179424158.00,NASDAQ,Seneca Foods Corp. - Class B Common Stock,United States,N
SENS,522395644.00,NASDAQ,"Senseonics Holdings, Inc. - Common Stock",United States,N
SEPN,1760187671.00,NASDAQ,"Septerna, Inc. - Common Stock",United States,N
SER,49784927.00,NYSE AMERICAN,"Serina Therapeutics, Inc. Common Stock",United States,
SERA,82449384.00,NASDAQ,"Sera Prognostics, Inc. - Class A Common Stock",United States,N
SERV,400155145.00,NASDAQ,Serve Robotics Inc. - Common Stock,United States,N
SES,328477963.00,NYSE,SES AI Corporation Class A Common Stock,United States,
SEV,67743284.00,NASDAQ,Aptera Motors Corp. - Class B Common Stock,United States,N
SEVN,152932091.00,NASDAQ,Seven Hills Realty Trust  - Common Stock,United States,N
SFBC,118669267.00,NASDAQ,"Sound Financial Bancorp, Inc. - Common Stock",United States,N
SFHG,8526000.00,NASDAQ,Samfine Creation Holdings Group Limited - Class A Ordinary Share,Hong Kong,N
SFIX,348705623.00,NASDAQ,"Stitch Fix, Inc. - Class A Common Stock",United States,N
SFST,576356292.00,NASDAQ,"Southern First Bancshares, Inc. - Common Stock",United States,N
SFWL,45923614.00,NASDAQ,Shengfeng Development Limited - Class A Ordinary Shares,China,N
SG,1083275967.00,NYSE,"Sweetgreen, Inc. Class A Common Stock",United States,
SGA,53852158.00,NASDAQ,"Saga Communications, Inc. - Class A Common Stock",United States,N
SGC,206968709.00,NASDAQ,"Superior Group of Companies, Inc. - Common Stock",United States,N
SGHT,469900555.00,NASDAQ,"Sight Sciences, Inc. - Common Stock",United States,N
SGLD,66636609.00,NASDAQ,Scorpio Gold Corporation - Common Stock,Canada,N
SGLY,3948548.00,NASDAQ,Singularity Future Technology Ltd. - Common Stock,United States,N
SGML,1023245965.00,NASDAQ,Sigma Lithium Corporation - common shares,Canada,N
SGMT,644671108.00,NASDAQ,Sagimet Biosciences Inc. - Series A Common Stock,United States,N
SGP,833523637.00,NASDAQ,"SpyGlass Pharma, Inc. - Common Stock",United States,N
SGRX,2397752.00,NASDAQ,SANGRIX INC. - Class A Ordinary Shares,United States,N
SGRY,1743831223.00,NASDAQ,"Surgery Partners, Inc. - Common Stock",United States,N
SGU,422608462.00,NYSE,Star Group L.P. Common Stock,United States,
SHAZ,1819176089.00,NASDAQ,"SharonAI Holdings, Inc. - Class A Common Stock",United States,N
SHBI,767562348.00,NASDAQ,"Shore Bancshares, Inc. - Common Stock",United States,N
SHEN,579540425.00,NASDAQ,Shenandoah Telecommunications Co - Common Stock,United States,N
SHFS,1212740.00,NASDAQ,"SHF Holdings, Inc. - Class A Common Stock",United States,D
SHIM,130207842.00,NASDAQ,Shimmick Corporation - Common Stock,United States,N
SHIP,386127288.00,NASDAQ,Seanergy Maritime Holdings Corp. - Common Stock,Greece,N
SHLS,1396889585.00,NASDAQ,"Shoals Technologies Group, Inc. - Class A Common Stock",United States,N
SHMD,304535450.00,NASDAQ,SCHMID Group N.V. - Class A Ordinary Shares,Germany,N
SHOE,341972393.00,NASDAQ,"Shoe Station Group, Inc. - Common Stock",United States,N
SHPH,19868782.00,NASDAQ,"Shuttle Pharmaceuticals Holdings, Inc. - common stock",United States,N
SI,395768373.00,NYSE,"Shoulder Innovations, Inc. Common Stock",United States,
SIBN,810319836.00,NASDAQ,"SI-BONE, Inc. - Common Stock",United States,N
SID,1538268979.00,NYSE,Companhia Siderurgica Nacional S.A. Common Stock,Brazil,
SIDU,183217840.00,NASDAQ,"Sidus Space, Inc. - Class A Common Stock",United States,N
SIEB,90422059.00,NASDAQ,Siebert Financial Corp. - Common Stock,United States,N
SIF,147722503.00,NYSE AMERICAN,"SIFCO Industries, Inc. Common Stock",United States,
SIFY,964104726.00,NASDAQ,Sify Technologies Limited - American Depository Shares,India,N
SIGA,242852040.00,NASDAQ,SIGA Technologies Inc. - Common Stock,United States,N
SILC,345029088.00,NASDAQ,Silicom Ltd - Ordinary Shares,Israel,N
SILO,2556239.00,NASDAQ,"Silo Pharma, Inc. - Common Stock",United States,N
SINT,14728620.00,NASDAQ,"SiNtx Technologies, Inc. - Common Stock",United States,N
SION,221992879.00,NASDAQ,"Sionna Therapeutics, Inc. - Common Stock",United States,N
SITC,179465659.00,NYSE,SITE Centers Corp. Common Stock,United States,
SJ,35070000.00,NASDAQ,Scienjoy Holding Corporation - Class A Ordinary Shares,China,N
SJT,175249073.00,NYSE,San Juan Basin Royalty Trust Common Stock,United States,
SKIL,51963535.00,NYSE,Skillsoft Corp. Class A Common Stock,United States,
SKIN,81988681.00,NASDAQ,SkinHealth Systems Inc. - Class A Common Stock,United States,D
SKK,14038622.00,NASDAQ,SKK Holdings Limited - Class A Ordinary Shares,Singapore,N
SKYA,79575411.00,NASDAQ,"SkyAI, Inc. - Common Stock",United States,N
SKYE,7438497.00,NASDAQ,"Skye Bioscience, Inc. - Common Stock",United States,D
SKYH,758338129.00,NYSE,Sky Harbour Group Corporation Class A Common Stock,United States,
SKYQ,21730139.00,NASDAQ,Sky Quarry Inc. - Common Stock,United States,N
SKYX,159808573.00,NASDAQ,SKYX Platforms Corp. - Common Stock,United States,N
SLBT,880392818.00,NASDAQ,SL Science Holding Limited - Ordinary Shares,Taiwan,N
SLDB,734492880.00,NASDAQ,Solid Biosciences Inc. - Common Stock,United States,N
SLDP,531662224.00,NASDAQ,"Solid Power, Inc. - Class A Common Stock",United States,N
SLE,15945039.00,NASDAQ,"Super League Enterprise, Inc. - Common Stock",United States,N
SLGB,12955500.00,NASDAQ,Smart Logistics Global Limited - Class A Ordinary Shares,Hong Kong,D
SLGL,235727928.00,NASDAQ,Sol-Gel Technologies Ltd. - Ordinary Shares,Israel,N
SLI,429404442.00,NYSE AMERICAN,Standard Lithium Ltd. Common Shares,Canada,
SLMT,47670243.00,NASDAQ,Brera Holdings PLC - Class B Ordinary Shares,Ireland,N
SLN,661316432.00,NASDAQ,Silence Therapeutics Plc - American Depository Share,United Kingdom,N
SLND,36471622.00,NYSE AMERICAN,"Southland Holdings, Inc. Common Stock",United States,
SLNG,90563986.00,NASDAQ,"Stabilis Solutions, Inc. - Common Stock",United States,N
SLNH,263971190.00,NASDAQ,"Soluna Holdings, Inc. - Common Stock",United States,N
SLP,374159503.00,NASDAQ,"Simulations Plus, Inc. - Common Stock",United States,N
SLQT,73658674.00,NYSE,"SelectQuote, Inc. Common Stock",United States,
SLSN,57930577.00,NASDAQ,"Solesence, Inc. - Common stock",United States,N
SLSR,1184280476.00,NYSE AMERICAN,Solaris Resources Inc. Common Shares,,
SLVM,1291412693.00,NYSE,Sylvamo Corporation Common Stock,United States,
SLXN,2868451.00,NASDAQ,Silexion Therapeutics Corp - Ordinary Shares,Israel,D
SMA,1800043037.00,NYSE,"SmartStop Self Storage REIT, Inc. Common Stock",United States,
SMBC,799453923.00,NASDAQ,"Southern Missouri Bancorp, Inc. - Common Stock",United States,N
SMBK,871851138.00,NYSE,"SmartFinancial, Inc. Common Stock",United States,
SMC,626301341.00,NYSE,Summit Midstream Corporation Common Stock,United States,
SMHI,224388471.00,NYSE,SEACOR Marine Holdings Inc. Common Stock ,United States,
SMID,117709207.00,NASDAQ,Smith-Midland Corporation - Common Stock,United States,N
SMJF,51254250.00,NYSE AMERICAN,SMJ International Holdings Inc. Class A Ordinary Shares,,
SMP,838207793.00,NYSE,"Standard Motor Products, Inc. Common Stock",United States,
SMPL,869567157.00,NASDAQ,The Simply Good Foods Company - Common Stock,United States,N
SMRT,229934159.00,NYSE,"SmartRent, Inc. Class A Common Stock",United States,
SMSI,14813182.00,NASDAQ,"Smith Micro Software, Inc. - Common Stock",United States,N
SMTI,320203020.00,NASDAQ,Sanara MedTech Inc. - Common Stock,United States,N
SMTK,1709068.00,NASDAQ,"SmartKem, Inc. - Common Stock",United States,N
SMWB,692252958.00,NYSE,Similarweb Ltd. Ordinary Shares,,
SMX,4158483.00,NASDAQ,SMX (Security Matters) Public Limited Company - Ordinary Shares,Ireland,N
SMXT,10243184.00,NASDAQ,Solarmax Technology Inc. - Common Stock,United States,H
SNAL,19434110.00,NASDAQ,"Snail, Inc. - Class A Common Stock",United States,D
SND,226410986.00,NASDAQ,"Smart Sand, Inc. - Common Stock",United States,N
SNDA,1811409223.00,NYSE,"Sonida Senior Living, Inc. Common Stock",United States,
SNDL,305189845.00,NASDAQ,SNDL Inc. - Common Shares,Canada,N
SNDX,1571628714.00,NASDAQ,"Syndax Pharmaceuticals, Inc. - Common Stock",United States,N
SNES,4224939.00,NASDAQ,"SenesTech, Inc. - Common Stock",United States,N
SNFCA,248312011.00,NASDAQ,Security National Financial Corporation - Class A Common Stock,United States,N
SNGX,7953106.00,NASDAQ,"Soligenix, Inc. - Common Stock",United States,D
SNOA,5937647.00,NASDAQ,"Sonoma Pharmaceuticals, Inc. - Common Stock",United States,N
SNSC,45339000.00,NYSE AMERICAN,SunScout Holding Limited Class A Ordinary Shares,,
SNT,35930746.00,NASDAQ,Senstar Technologies Corporation - Common Shares,Canada,N
SNTG,4965425.00,NASDAQ,Sentage Holdings Inc. - Class A Ordinary Shares,China,N
SNTI,10037954.00,NASDAQ,"Senti Biosciences Holdings, Inc. - Common Stock",United States,D
SNWV,41463129.00,NASDAQ,"SANUWAVE Health, Inc. - Common Stock",United States,D
SOAR,15070943.00,NYSE AMERICAN,"Volato Group, Inc. Class A Common Stock",,
SOC,673462198.00,NYSE,Sable Offshore Corp. Common Stock,United States,
SOGP,45122518.00,NASDAQ,Sound Group Inc. - American Depositary Shares,China,N
SOHU,324559324.00,NASDAQ,Sohu.com Limited  - American Depositary Shares,China,N
SONM,6072133.00,NASDAQ,"DNA X, Inc. - Common Stock",United States,D
SOPH,686981548.00,NASDAQ,SOPHiA GENETICS SA - Ordinary Shares,Switzerland,N
SORA,55446720.00,NASDAQ,AsiaStrategy - Ordinary Shares,Hong Kong,N
SOS,5798149.00,NYSE,SOS Limited Class A Ordinary Shares,China,
SOTK,97443683.00,NASDAQ,Sono-Tek Corporation - Common Stock,United States,N
SOWG,45827756.00,NASDAQ,Sow Good Inc. - Common Stock,United States,N
SPAI,90003850.00,NASDAQ,Safe Pro Group Inc. - Common Stock,United States,N
SPB,1801015079.00,NYSE,"Spectrum Brands Holdings, Inc. Common Stock",United States,
SPCB,59099053.00,NASDAQ,"SuperCom, Ltd. - Ordinary Shares",Israel,N
SPCE,459335586.00,NYSE,"Virgin Galactic Holdings, Inc. Common Stock",United States,
SPFI,810458297.00,NASDAQ,"South Plains Financial, Inc. - Common Stock",United States,N
SPH,1112095491.00,NYSE,"Suburban Propane Partners, L.P. Common Stock",United States,
SPHL,28815653.00,NASDAQ,Springview Holdings Ltd - Ordinary shares,Singapore,N
SPIR,451314542.00,NYSE,"Spire Global, Inc. Class A Common Stock",United States,
SPOK,227798512.00,NASDAQ,"Spok Holdings, Inc. - Common Stock",United States,N
SPPL,20110608.00,NASDAQ,SIMPPLE LTD. - Ordinary Shares,Singapore,N
SPRB,131371134.00,NASDAQ,"Spruce Biosciences, Inc. - Common Stock",United States,N
SPRC,2742193.00,NASDAQ,SciSparc Ltd. - Ordinary Shares,Israel,N
SPRO,69299444.00,NASDAQ,"Spero Therapeutics, Inc. - Common Stock",United States,N
SPRU,30418454.00,NYSE,Spruce Power Holding Corporation Class A Common Stock,United States,
SPRY,404750686.00,NASDAQ,"ARS Pharmaceuticals, Inc. - Common Stock",United States,N
SPT,611375419.00,NASDAQ,"Sprout Social, Inc - Class A Common Stock",United States,N
SPTX,986032731.00,NASDAQ,"Seaport Therapeutics, Inc. - Common Stock",United States,N
SPWH,44229855.00,NASDAQ,"Sportsman's Warehouse Holdings, Inc. - Common Stock",United States,N
SPWR,96090104.00,NASDAQ,SunPower Inc. - Common Stock,United States,D
SQFT,1692630.00,NASDAQ,"Presidio Property Trust, Inc. - Class A Common Stock",United States,N
SQNS,41937462.00,NYSE,Sequans Communications S.A. American Depositary Shares (each representing one hundred (100) Ordinary Shares),France,
SRBK,146730826.00,NASDAQ,"SR Bancorp, Inc. - Common stock",United States,N
SRFM,129128966.00,NYSE,Surf Air Mobility Inc. Common Stock,United States,
SRG,101947539.00,NYSE,Seritage Growth Properties Class A Common Stock,United States,
SRI,191673713.00,NYSE,"Stoneridge, Inc. Common Stock",United States,
SRPT,1848472868.00,NASDAQ,"Sarepta Therapeutics, Inc. - Common Stock",United States,N
SRTA,418447992.00,NASDAQ,"Strata Critical Medical, Inc. - Class A Common Stock",United States,N
SRTS,49056936.00,NASDAQ,"Sensus Healthcare, Inc. - Common Stock",United States,N
SRXH,32627280.00,NYSE AMERICAN,SRX Global Inc. Common Stock,,
SRZN,344614321.00,NASDAQ,"Surrozen, Inc. - Common Stock",United States,N
SSBI,81312089.00,NASDAQ,Summit State Bank - Common Stock,United States,N
SSII,535029111.00,NASDAQ,SS Innovations International Inc. - Common Stock,India,N
SSM,3754438.00,NASDAQ,Sono Group N.V. - Ordinary Shares,Germany,N
SSP,253913035.00,NASDAQ,E.W. Scripps Company (The) - Class A Common Stock,United States,N
SST,25592304.00,NYSE,"System1, Inc. Class A Common Stock",United States,
SSTI,110293465.00,NASDAQ,"SoundThinking, Inc. - Common Stock",United States,N
SSTK,140770676.00,NYSE,"Shutterstock, Inc. Common Stock",United States,
SSYS,749701089.00,NASDAQ,"Stratasys, Ltd. - Common Stock",United States,N
STAA,1126735320.00,NASDAQ,STAAR Surgical Company - Common Stock,United States,N
STAK,21131384.00,NASDAQ,STAK Inc. - Class A Ordinary Shares,China,N
STBA,1750579023.00,NASDAQ,"S&T Bancorp, Inc. - Common Stock",United States,N
STC,1573419358.00,NYSE,Stewart Information Services Corporation Common Stock,United States,
STDN,1960015453.00,NYSE,"Standard Nuclear, Inc. Class A Common Stock",,
STEM,41009929.00,NYSE,"Stem, Inc. Class A Common Stock",United States,
STEX,71311775.00,NASDAQ,Streamex Corp. - Common Stock,United States,N
STFS,55457282.00,NASDAQ,Star Fashion Culture Holdings Limited - Class A Ordinary Shares,China,N
STG,38170039.00,NYSE,"Sunlands Technology Group American Depositary Shares, representing Class A ordinary shares",,
STHO,102449704.00,NASDAQ,Star Holdings - Shares of Beneficial Interest,United States,N
STI,46339350.00,NASDAQ,"Solidion Technology, Inc. - Common Stock",United States,N
STIM,164586000.00,NASDAQ,"Neuronetics, Inc. - Common Stock",United States,N
STKE,67522563.00,NASDAQ,Sol Strategies Inc. - Common Shares,Canada,N
STKH,723859.00,NASDAQ,Steakholder Foods Ltd. - American Depositary Shares,Israel,N
STKS,49434877.00,NASDAQ,"The ONE Group Hospitality, Inc. - Common Stock",United States,N
STLN,647167330.00,NASDAQ,"Starling Oncology, Inc. - Common Stock",United States,N
STOK,1653162320.00,NASDAQ,"Stoke Therapeutics, Inc. - Common Stock",United States,N
STRA,1770386603.00,NASDAQ,"Strategic Education, Inc. - Common Stock",United States,N
STRO,254520975.00,NASDAQ,"Sutro Biopharma, Inc. - Common Stock",United States,N
STRR,36008573.00,NASDAQ,"Star Equity Holdings, Inc. - Common Stock",United States,N
STRT,262213855.00,NASDAQ,STRATTEC SECURITY CORPORATION - Common Stock,United States,N
STRW,191124036.00,NYSE AMERICAN,"Strawberry Fields REIT, Inc. Common Stock",United States,
STRZ,398136976.00,NASDAQ,Starz Entertainment Corp. - Common Shares,United States,N
STTK,675444693.00,NASDAQ,"Shattuck Labs, Inc. - Common Stock",United States,N
STXS,118238570.00,NYSE AMERICAN,"Stereotaxis, Inc. Common Stock",United States,
SUGP,964334.00,NASDAQ,SU Group Holdings Limited - Class A Ordinary Shares,Hong Kong,N
SUIG,125956710.00,NASDAQ,Sui Group Holdings Limited - Common Stock,United States,N
SUJA,374662616.00,NASDAQ,"Suja Life, Inc. - Class A Common Stock",United States,N
SUNE,15240673.00,NASDAQ,"SUNation Energy, Inc. - Common Stock",United States,N
SUNS,83798276.00,NASDAQ,"Sunrise Realty Trust, Inc. - Common Stock",United States,N
SUPV,626623023.00,NYSE,Grupo Supervielle S.A. American Depositary Shares each Representing five Class B shares,,
SUPX,287389958.00,NASDAQ,SuperX AI Technology Limited - Ordinary Shares,Hong Kong,N
SURG,7756375.00,NASDAQ,"SurgePays, Inc. - Common Stock",United States,D
SVC,826270533.00,NASDAQ,Service Properties Trust - Common Shares of Beneficial Interest,United States,N
SVCO,310054686.00,NASDAQ,"Silvaco Group, Inc. - Common Stock",United States,N
SVIA,360848683.00,NASDAQ,"Silvia, Inc. - Common Stock",United States,N
SVRA,988262672.00,NASDAQ,"Savara, Inc. - Common Stock",United States,N
SVRE,3474771.00,NASDAQ,SaverOne 2014 Ltd. - American Depositary Shares,Israel,N
SVRN,67829507.00,NASDAQ,"SVRN, Inc. - Common Stock",Greece,E
SVV,1426869249.00,NYSE,"Savers Value Village, Inc. Common Stock",United States,
SWAG,27400196.00,NASDAQ,"Stran & Company, Inc. - Common Stock",United States,N
SWBI,656452915.00,NASDAQ,"Smith & Wesson Brands, Inc. - Common Stock",United States,N
SWIM,754111411.00,NASDAQ,"Latham Group, Inc. - Common Stock",United States,N
SWMR,245832791.00,NASDAQ,"Swarmer, Inc - common stock",United States,N
SWRD,552782786.00,NASDAQ,Stewards Inc - Common Stock,United States,N
SWVL,116099118.00,NASDAQ,Swvl Holdings Corp - Ordinary Shares,United Arab Emirates,N
SXC,840261015.00,NYSE,"SunCoke Energy, Inc. Common Stock",United States,
SXTC,3184757.00,NASDAQ,"China SXT Pharmaceuticals, Inc. - Class A Ordinary Shares",China,N
SXTP,4888613.00,NASDAQ,"60 Degrees Pharmaceuticals, Inc. - Common Stock",United States,N
SY,275830970.00,NASDAQ,So-Young International Inc. - American Depository Shares,China,N
SYNX,6700784.00,NYSE AMERICAN,Silynxcom Ltd. Ordinary Shares,,
SYPR,41447579.00,NASDAQ,"Sypris Solutions, Inc. - Common Stock",United States,N
TACO,381185747.00,NASDAQ,Berto Acquisition Corp. - Ordinary Shares,United States,N
TACT,49660706.00,NASDAQ,TransAct Technologies Incorporated - Common Stock,United States,N
TANH,9874499.00,NASDAQ,Tantech Holdings Ltd. - Class A Common Shares,China,N
TAOP,3884162.00,NASDAQ,Taoping Inc. - Ordinary Shares,Hong Kong,N
TAOX,33001097.00,NASDAQ,Tao Synergies Inc. - Common Stock,United States,N
TARA,159557818.00,NASDAQ,"Protara Therapeutics, Inc.  - Common Stock",United States,N
TASK,738997389.00,NASDAQ,"TaskUs, Inc. - Class A Common Stock",United States,N
TATT,456811675.00,NASDAQ,TAT Technologies Ltd. - Ordinary Shares,Israel,N
TAYD,177298314.00,NASDAQ,"Taylor Devices, Inc. - Common Stock",United States,N
TBBK,1990804147.00,NASDAQ,"The Bancorp, Inc. - Common Stock",United States,N
TBCH,250556857.00,NASDAQ,Turtle Beach Corporation - Common Stock,United States,N
TBI,279479078.00,NYSE,"TrueBlue, Inc. Common Stock",United States,
TBLA,814333885.00,NASDAQ,Taboola.com Ltd. - Ordinary Shares,Israel,N
TBN,1176404202.00,NYSE,Tamboran Resources Corporation Common stock,,
TC,44637667.00,NASDAQ,Token Cat Limited - American Depositary Shares,China,N
TCBK,1681125072.00,NASDAQ,TriCo Bancshares - Common Stock,United States,N
TCBS,49209814.00,NASDAQ,"Texas Community Bancshares, Inc. - Common Stock",United States,N
TCBX,722159499.00,NYSE,"Third Coast Bancshares, Inc. Common Stock",United States,
TCI,389564046.00,NYSE,"Transcontinental Realty Investors, Inc. Common Stock",United States,
TCMD,500615521.00,NASDAQ,"Tactile Systems Technology, Inc. - Common Stock",United States,N
TCRT,2088266.00,NASDAQ,"Alaunos Therapeutics, Inc. - Common Stock",United States,D
TCRX,20352605.00,NASDAQ,"TScan Therapeutics, Inc. - Common Stock",United States,D
TCX,105000032.00,NASDAQ,Tucows Inc. - Common Stock,Canada,N
TDAY,1035066484.00,NYSE,"USA TODAY Co., Inc. Common Stock",United States,
TDIC,7459148.00,NASDAQ,Dreamland Limited - Class A Ordinary Shares,Hong Kong,N
TDOC,1002895796.00,NYSE,"Teladoc Health, Inc. Common Stock",United States,
TDTH,57887477.00,NASDAQ,Trident Digital Tech Holdings Ltd - Class B Ordinary Shares,Singapore,N
TDUP,284994021.00,NASDAQ,ThredUp Inc. - Class A Common Stock,United States,N
TE,1154347978.00,NYSE,T1 Energy Inc. Common Stock,Luxembourg,
TEAD,54818426.00,NASDAQ,Teads Holding Co. - Common Stock,United States,D
TECX,440642710.00,NASDAQ,"Tectonic Therapeutic, Inc. - Common Stock",United States,N
TELA,51463487.00,NASDAQ,"TELA Bio, Inc. - Common stock",United States,D
TELO,81154448.00,NASDAQ,"Telomir Pharmaceuticals, Inc. - Common Stock",United States,N
TEN,1507886530.00,NYSE,Tsakos Energy Navigation Ltd Common Shares,Greece,
TENX,74099356.00,NASDAQ,"Tenax Therapeutics, Inc. - Common Stock",United States,N
TFIN,1485762311.00,NYSE,"Triumph Financial, Inc. Common Stock",United States,
TG,245657473.00,NYSE,Tredegar Corporation Common Stock,United States,
TGE,54107625.00,NYSE,The Generation Essentials Group Class A Ordinary Shares,,
TGEN,79997728.00,NYSE AMERICAN,Tecogen Inc. Common Stock,United States,
TGHL,19883121.00,NASDAQ,The GrowHub Limited - Class A Ordinary Shares,Singapore,D
TGL,2521733.00,NASDAQ,Treasure Global Inc. - Common Stock,United States,N
TGLS,1541226760.00,NYSE,Tecnoglass Holdings Inc. Common Stock,Colombia,
TH,1876905289.00,NASDAQ,Target Hospitality Corp. - Common Stock,United States,N
THCH,38562555.00,NASDAQ,TH International Limited - Ordinary shares,China,N
THFF,891773281.00,NASDAQ,First Financial Corporation  - Common Stock,United States,N
THH,7506938.00,NASDAQ,TryHard Holdings Limited - Ordinary Shares,Japan,N
THM,643628184.00,NYSE AMERICAN,"International Tower Hill Mines, Ltd. Ordinary Shares (Canada)",Canada,
THRM,1704012001.00,NASDAQ,Gentherm Inc - Common Stock,United States,N
THRY,67547449.00,NASDAQ,"Thryv Holdings, Inc. - Common Stock",United States,N
TIC,1802500141.00,NYSE,"TIC Solutions, Inc. Common Stock",United States,
TIGR,743394750.00,NASDAQ,UP Fintech Holding Limited - American Depositary Shares representing fifteen Class A Ordinary Shares,China,N
TII,241511995.00,NYSE AMERICAN,Titan Mining Corporation Common Shares,,
TIL,48965867.00,NASDAQ,"Instil Bio, Inc. - Common Stock",United States,N
TIPT,646108656.00,NASDAQ,Tiptree Inc. - Common Stock,United States,N
TISI,132454740.00,NYSE,"Team, Inc. Common Stock",United States,
TITN,598206242.00,NASDAQ,Titan Machinery Inc. - Common Stock,United States,N
TJGC,336128765.00,NASDAQ,TJGC Group Limited - Class A Ordinary Shares,Hong Kong,N
TK,1287793415.00,NYSE,Teekay Corporation Ltd. Common Stock,Bermuda,
TKLF,6349172.00,NASDAQ,"Tokyo Lifestyle Co., Ltd. - American Depositary Shares",Japan,N
TKNO,482657332.00,NASDAQ,"Alpha Teknova, Inc. - Common Stock",United States,N
TLF,20070584.00,NASDAQ,"Tandy Leather Factory, Inc. - common stock",United States,N
TLIH,16686969.00,NASDAQ,Ten-League International Holdings Limited - Ordinary Shares,Singapore,N
TLPH,58653549.00,NASDAQ,"Talphera, Inc. - Common Stock",United States,N
TLRY,533493529.00,NASDAQ,"Tilray Brands, Inc. - Common Stock",United States,N
TLS,313147146.00,NASDAQ,Telos Corporation - Common Stock,United States,N
TLSA,142530227.00,NASDAQ,Tiziana Life Sciences Ltd - Common Shares,United Kingdom,N
TLSI,266002272.00,NASDAQ,"TriSalus Life Sciences, Inc. - Common Stock",United States,N
TLYS,140089674.00,NYSE,"Tilly's, Inc. Common Stock",United States,
TMC,1671903477.00,NASDAQ,TMC the metals company Inc. - Common Stock,Canada,N
TMCI,285501683.00,NASDAQ,"Treace Medical Concepts, Inc. - Common Stock",United States,N
TMCR,230555955.00,NASDAQ,The Metals Royalty Company Inc. - Common Stock,Canada,N
TMDE,15397371.00,NYSE AMERICAN,TMD Energy Limited Ordinary Shares,,
TMP,1422325475.00,NYSE AMERICAN,Tompkins Financial Corporation Common Stock,United States,
TMQ,533784025.00,NYSE AMERICAN,Trilogy Metals Inc. Common Stock,Canada,
TMS,561293132.00,NASDAQ,Teamshares Inc. - Common Stock,United States,N
TNC,1144349217.00,NYSE,Tennant Company Common Stock,United States,
TNDM,1148048666.00,NASDAQ,"Tandem Diabetes Care, Inc. - Common Stock",United States,N
TNMG,3620327.00,NASDAQ,TNL Mediagene - Ordinary Shares,Taiwan,D
TNON,5937601.00,NASDAQ,"Tenon Medical, Inc. - Common Stock",United States,N
TNXP,152815624.00,NASDAQ,Tonix Pharmaceuticals Holding Corp. - Common Stock,United States,N
TNYA,126488150.00,NASDAQ,"Tenaya Therapeutics, Inc. - Common Stock",United States,D
TOMZ,13513741.00,NASDAQ,"TOMI Environmental Solutions, Inc. - Common Stock",United States,D
TONX,196607001.00,NASDAQ,TON Strategy Company - Common Stock,United States,N
TOON,34896503.00,NYSE AMERICAN,"Kartoon Studios, Inc. Common Stock",United States,
TOP,1932093735.00,NASDAQ,TOP Financial Group Limited - Class A Ordinary Shares,Hong Kong,N
TOPP,3087500.00,NYSE AMERICAN,Toppoint Holdings Inc. Common Stock,,
TOPS,6704454.00,NYSE AMERICAN,"TOP Ships, Inc. Common Stock",Greece,
TORO,185929195.00,NASDAQ,Toro Corp. - Common Shares,Cyprus,N
TOUR,53970058.00,NASDAQ,Tuniu Corporation - American Depositary Shares,China,N
TOVX,10330440.00,NYSE AMERICAN,"Theriva Biologics, Inc. Common Stock",United States,
TOYO,186681803.00,NASDAQ,"TOYO Co., Ltd - Ordinary Shares",Japan,N
TP,110273070.00,NYSE AMERICAN,Ticketplus Ltd. Ordinary Shares,,
TPB,1115522020.00,NYSE,"Turning Point Brands, Inc. Common Stock",United States,
TPCS,53503618.00,NASDAQ,TechPrecision Corporation - Common stock,United States,N
TPET,8571490.00,NYSE AMERICAN,Trio Petroleum Corp. Common Stock,,
TPST,13417059.00,NASDAQ,"Tempest Therapeutics, Inc. - Common Stock",United States,D
TPVG,199477643.00,NYSE,TriplePoint Venture Growth BDC Corp. Common Stock,United States,
TRAK,147247740.00,NYSE,"ReposiTrak, Inc. Common Stock",United States,
TRAW,8736865.00,NASDAQ,"Traws Pharma, Inc. - Common Stock",United States,D
TRAX,1189122455.00,NASDAQ,"First Tracks Biotherapeutics, Inc. - Ordinary Shares",United States,N
TRBG,102842200.00,NASDAQ,TurboGen Ltd. - Ordinary Shares,Israel,N
TRC,442611253.00,NYSE,Tejon Ranch Co Common Stock,United States,
TRDA,209479279.00,NASDAQ,"Entrada Therapeutics, Inc. - Common Stock",United States,N
TREE,345934783.00,NASDAQ,"LendingTree, Inc. - Common Stock",United States,N
TREO,40563861.00,NASDAQ,Tactical Resources Corp. - Common Shares,Canada,N
TRIB,4626721.00,NASDAQ,Trinity Biotech plc - American Depositary Shares,Ireland,D
TRIN,1665659967.00,NYSE,Trinity Capital Inc. Common Stock,United States,
TRIP,997366400.00,NASDAQ,"TripAdvisor, Inc. - Common Stock",United States,N
TRNR,3579541.00,NASDAQ,Interactive Strength Inc. - Common Stock,United States,N
TRNS,848607895.00,NASDAQ,"Transcat, Inc. - Common Stock",United States,N
TRON,668878710.00,NASDAQ,Tron Inc. - Common Stock,United States,N
TROO,210115486.00,NASDAQ,"TROOPS, Inc.  - Ordinary Shares",China,N
TROX,627621114.00,NYSE,Tronox Holdings plc Ordinary Shares (UK),United States,
TRS,1403385912.00,NASDAQ,TriMas Corporation - Common Stock,United States,N
TRSG,18642973.00,NASDAQ,Tungray Technologies Inc - Class A Ordinary Shares,Singapore,N
TRST,948274841.00,NASDAQ,TrustCo Bank Corp NY - Common Stock,United States,N
TRT,63969740.00,NASDAQ,Trio-Tech International - Common Stock,Singapore,N
TRTX,471361715.00,NYSE,"TPG RE Finance Trust, Inc. Common Stock",United States,
TRUG,3273600.00,NASDAQ,"TruGolf Holdings, Inc. - Class A Common Stock",United States,D
TRUP,1034516167.00,NASDAQ,"Trupanion, Inc. - Common Stock",United States,N
TRVG,330500074.00,NASDAQ,trivago N.V. - American Depositary Shares,Germany,N
TRVI,1981838948.00,NASDAQ,"Trevi Therapeutics, Inc. - Common Stock",United States,N
TRX,392968811.00,NYSE AMERICAN,TRX Gold Corporation Common Stock,Canada,
TSAT,1735584384.00,NASDAQ,Telesat Corporation - Class A Common Shares and Class B Variable Voting Shares,Canada,N
TSBK,353715137.00,NASDAQ,"Timberland Bancorp, Inc. - Common Stock",United States,N
TSHA,1508609313.00,NASDAQ,"Taysha Gene Therapies, Inc. - Common Stock",United States,N
TSLX,1717129933.00,NYSE,"Sixth Street Specialty Lending, Inc. Common Stock",,
TSQ,82953957.00,NYSE,"Townsquare Media, Inc. Class A Common Stock",United States,
TSSI,288963277.00,NASDAQ,"TSS, Inc. - Common Stock",United States,N
TTEC,68028397.00,NASDAQ,"TTEC Holdings, Inc. - Common Stock",United States,N
TTGT,258227596.00,NASDAQ,"TechTarget, Inc. - Common Stock",United States,N
TTI,888436674.00,NYSE,"Tetra Technologies, Inc. Common Stock",United States,
TTRX,397074573.00,NASDAQ,Turn Therapeutics Inc. - Common Stock,United States,N
TULP,13043606.00,NASDAQ,"Bloomia Holdings, Inc. - Common Stock",United States,N
TURB,12978511.00,NASDAQ,"Turbo Energy, S.A. - American Depositary Shares",Spain,N
TUSK,134757238.00,NASDAQ,"Mammoth Energy Services, Inc. - Common Stock",United States,N
TUYA,1036453516.00,NYSE,"Tuya Inc. American Depositary Shares, each representing one Class A Ordinary Share",China,
TV,1413304644.00,NYSE,Grupo Televisa S.A.B. Common Stock,Mexico,
TVGN,45450549.00,NASDAQ,Tevogen Inc. - Common Stock,United States,N
TVRD,15339784.00,NASDAQ,"Tvardi Therapeutics, Inc. - Common Stock",United States,N
TWAV,6087234.00,NASDAQ,"TaoWeave, Inc. - Common Stock",United States,N
TWFG,1330214650.00,NASDAQ,"TWFG, Inc. - Common Stock",United States,N
TWG,6914670.00,NASDAQ,Top Wealth Group Holding Limited - Class A Ordinary Shares,France,N
TWI,451151040.00,NYSE,"Titan International, Inc. (DE) Common Stock",United States,
TWIN,414431801.00,NASDAQ,"Twin Disc, Incorporated - Common Stock",United States,N
TXMD,23727442.00,NASDAQ,"TherapeuticsMD, Inc. - Common Stock",United States,N
TXO,768487201.00,NYSE,"TXO Partners, L.P. Common Units Representing Limited Partner Interests",United States,
TY,1864237071.00,NYSE,Tri Continental Corporation Common Stock,United States,
TYG,454572383.00,NYSE,Tortoise Energy Infrastructure Corporation Common Stock,United States,
TYGO,66570485.00,NASDAQ,"Tigo Energy, Inc. - Common Stock",United States,N
TYRA,1404683834.00,NASDAQ,"Tyra Biosciences, Inc. - Common Stock",United States,N
TZOO,53154176.00,NASDAQ,Travelzoo - Common Stock,United States,N
UA,1971614033.00,NYSE,"Under Armour, Inc. Class C Common Stock",United States,
UAMY,597180842.00,NYSE,United States Antimony Corporation Common Stock,United States,
UAN,1319302090.00,NYSE,"CVR Partners, LP Common Units representing Limited Partner Interests",United States,
UAVS,60200761.00,NYSE AMERICAN,"AgEagle Aerial Systems, Inc. Common Stock",United States,
UBCP,84828311.00,NASDAQ,"United Bancorp, Inc. - Common Stock",United States,N
UCAR,7365993.00,NASDAQ,U Power Limited - Class A Ordinary Shares,China,N
UCL,10524889.00,NASDAQ,uCloudlink Group Inc. - American Depositary Shares,Hong Kong,D
UEIC,73058302.00,NASDAQ,Universal Electronics Inc. - Common Stock,United States,N
UFCS,1404031078.00,NASDAQ,"United Fire Group, Inc - Common Stock",United States,N
UFG,14281354.00,NASDAQ,Uni-Fuels Holdings Limited - Class A Ordinary Shares,Singapore,D
UFI,121570994.00,NYSE,"Unifi, Inc. New Common Stock",United States,
UG,32757494.00,NASDAQ,"United-Guardian, Inc. - Common Stock",United States,N
UHT,508969808.00,NYSE,Universal Health Realty Income Trust Common Stock,United States,
UIS,166248377.00,NYSE,Unisys Corporation New Common Stock,United States,
UK,1322004.00,NASDAQ,Ucommune International Ltd  - Class A Ordinary Shares,United States,N
ULBI,108477881.00,NASDAQ,Ultralife Corporation - Common Stock,United States,N
ULCC,1425035622.00,NASDAQ,"Frontier Group Holdings, Inc. - Common Stock",United States,N
ULH,486749680.00,NASDAQ,"Universal Logistics Holdings, Inc. - Common Stock",United States,N
UMAC,1117527017.00,NYSE AMERICAN,"Unusual Machines, Inc. Common Stock",United States,
UMH,1315792096.00,NYSE,"UMH Properties, Inc. Common Stock",United States,
UNB,113903340.00,NASDAQ,"Union Bankshares, Inc. - Common Stock",United States,N
UNCY,117549185.00,NASDAQ,"Unicycive Therapeutics, Inc. - Common Stock",United States,N
UNIT,1951510085.00,NASDAQ,Uniti Group Inc. - Common Stock,United States,N
UNTY,555756267.00,NASDAQ,"Unity Bancorp, Inc. - Common Stock",United States,N
UONE,18367557.00,NASDAQ,"Urban One, Inc.  - Class A Common Stock",United States,N
UONEK,16475421.00,NASDAQ,"Urban One, Inc.  - Class D Common Stock",United States,N
UP,126965444.00,NYSE,Wheels Up Experience Inc. Class A Common Stock,Singapore,
UPB,276046047.00,NASDAQ,"Upstream Bio, Inc. - Common Stock",United States,N
UPBD,927543534.00,NASDAQ,"Upbound Group, Inc. - Common Stock",United States,N
UPC,22609755.00,NASDAQ,Universe Pharmaceuticals Inc - Class A Ordinary Shares,China,N
UPLD,11030322.00,NASDAQ,"Upland Software, Inc. - Common Stock",United States,D
UPWK,1005472088.00,NASDAQ,Upwork Inc. - Common Stock,United States,N
UPXI,103168795.00,NASDAQ,"Upexi, Inc. - Common Stock",United States,D
URG,417756906.00,NYSE AMERICAN,Ur Energy Inc Common Shares (Canada),Canada,
UROY,1497526173.00,NASDAQ,Uranium Royalty Corp. - Common Stock,Canada,N
USAS,1494656654.00,NYSE AMERICAN,"Americas Gold and Silver Corporation Common Shares, no par value",Canada,
USAU,239169754.00,NASDAQ,U.S. Gold Corp. - Common Stock,United States,N
USBC,207036238.00,NYSE AMERICAN,"USBC, Inc. Common Stock",United States,
USCB,416599299.00,NASDAQ,"USCB Financial Holdings, Inc.  - Class A Common Stock",United States,N
USDE,384697875.00,NASDAQ,StablecoinX Inc. - Class A Common Stock,United States,N
USEA,25419140.00,NASDAQ,United Maritime Corporation - Common Stock,Greece,N
USGO,91512999.00,NASDAQ,U.S. GoldMining Inc. - Common stock,United States,D
USIO,83491563.00,NASDAQ,"Usio, Inc. - Common Stock",United States,N
USNA,273822234.00,NYSE,"USANA Health Sciences, Inc. Common Stock",United States,
USPH,1249328277.00,NYSE,"U.S. Physical Therapy, Inc. Common Stock",United States,
UTI,1067745577.00,NYSE,Universal Technical Institute Inc Common Stock,United States,
UTL,933717709.00,NYSE,UNITIL Corporation Common Stock,United States,
UTMD,236016428.00,NASDAQ,"Utah Medical Products, Inc. - Common Stock",United States,N
UTSI,21266806.00,NASDAQ,UTStarcom Holdings Corp - Ordinary Shares,China,N
UUU,14778899.00,NYSE AMERICAN,"Universal Safety Products, Inc. Common Stock",United States,
UVE,1223144102.00,NYSE,UNIVERSAL INSURANCE HOLDINGS INC Common Stock,United States,
UVSP,1153151910.00,NASDAQ,Univest Financial Corporation - Common Stock,United States,N
UVV,1050748645.00,NYSE,Universal Corporation Common Stock,United States,
UXIN,280474833.00,NASDAQ,Uxin Limited - American Depositary Shares,China,N
UZX,4203625.00,NASDAQ,Linkage Global Inc - Class A Ordinary Shares,Japan,D
VABK,255313771.00,NASDAQ,Virginia National Bankshares Corporation - Common Stock,United States,N
VAI,32608775.00,NASDAQ,Valor Energy Incorporated - Common Stock,China,D
VALN,544643453.00,NASDAQ,Valneva SE - American Depositary Shares,France,N
VALU,379974969.00,NASDAQ,"Value Line, Inc. - Common Stock",United States,N
VANI,110950128.00,NASDAQ,"Vivani Medical, Inc.  - Common Stock",United States,N
VATE,102313995.00,NYSE,INNOVATE Corp. Common Stock,United States,
VBIO,3329769.00,NASDAQ,"Valion Bio, Inc. - Common stock",United States,N
VBNK,726187370.00,NASDAQ,VersaBank - Common Shares,Canada,N
VCIG,2895458.00,NASDAQ,VCI Global Limited - Ordinary Share,Malaysia,N
VEEA,10358658.00,NASDAQ,Veea Inc. - Common Stock,United States,D
VEEE,6351569.00,NASDAQ,Twin Vee PowerCats Co. - Common Stock,United States,N
VEL,576034458.00,NYSE,"Velocity Financial, Inc. Common Stock",United States,
VELO,360070122.00,NASDAQ,"Velo3D, Inc. - Common stock",United States,N
VENU,82417075.00,NYSE AMERICAN,Venu Holding Corporation Common Stock,United States,
VERI,91111630.00,NASDAQ,"Veritone, Inc. - Common Stock",United States,N
VERU,42796303.00,NASDAQ,Veru Inc. - Common Stock,United States,N
VERX,1948237940.00,NASDAQ,"Vertex, Inc. - Class A Common Stock",United States,N
VFF,347293083.00,NASDAQ,"Village Farms International, Inc. - Common Shares",Canada,N
VGAS,48559087.00,NASDAQ,"Verde Clean Fuels, Inc. - Class A Common Stock",United States,N
VGM,482664515.00,NYSE,Invesco Trust for Investment Grade Municipals Common Stock (DE),United States,
VGZ,389743494.00,NYSE AMERICAN,Vista Gold Corp Common Stock,United States,
VHC,43974174.00,NASDAQ,VirnetX Holding Corp - Common Stock,United States,N
VHI,421702564.00,NYSE,"Valhi, Inc. Common Stock",United States,
VHUB,46317203.00,NASDAQ,"VenHub Global, Inc. - Common Stock",United States,D
VIDA,23186862.00,NYSE AMERICAN,VIDA Global Inc. Class A Common Stock,,
VINP,618238826.00,NASDAQ,Vinci Compass Investments Ltd. - Class A Common Shares,Brazil,N
VIOT,105021899.00,NASDAQ,"Viomi Technology Co., Ltd - American Depositary Shares",China,N
VIP,58187343.00,NASDAQ,Vulcan Infrastructure and Power Inc. - Class A Common Stock,United States,D
VIR,1890142251.00,NASDAQ,"Vir Biotechnology, Inc. - Common Stock",United States,N
VIRC,102622436.00,NASDAQ,Virco Manufacturing Corporation - Common Stock,United States,N
VISN,1432190019.00,NASDAQ,"Vistance Networks, Inc.  - Common Stock",United States,N
VITL,388959589.00,NASDAQ,"Vital Farms, Inc. - Common Stock",United States,N
VIVK,2780796.00,NASDAQ,"Vivakor, Inc. - Common Stock",United States,N
VIVO,107498345.00,NASDAQ,VivoPower PLC - Class A Ordinary Shares,United Kingdom,N
VIVS,3257588.00,NASDAQ,"VivoSim Labs, Inc. - Common Stock",United States,D
VLGEA,681236586.00,NASDAQ,"Village Super Market, Inc. - Class A Common Stock",United States,N
VLN,201109057.00,NYSE,Valens Semiconductor Ltd. Ordinary Shares,,
VLRS,754111527.00,NYSE,"Controladora Vuela Compania de Aviacion, S.A.B. de C.V. American Depositary Shares, each representing ten (10) Ordinary Participation Certificates",,
VMAR,4179494.00,NASDAQ,Vision Marine Technologies Inc. - Common Shares,Canada,N
VMD,347745522.00,NASDAQ,"Viemed Healthcare, Inc. - Common Shares",United States,N
VMET,926139105.00,NASDAQ,Versamet Royalties Corporation - Common Stock,Canada,N
VNCE,135919865.00,NASDAQ,Vince Holding Corp. - Common Stock,United States,N
VNDA,279942241.00,NASDAQ,Vanda Pharmaceuticals Inc. - Common Stock,United States,N
VNET,1461170000.00,NASDAQ,"VNET Group, Inc. - American Depositary Shares",China,N
VNRX,7064257.00,NYSE AMERICAN,VolitionRX Limited Common Stock,Singapore,
VNTG,19561648.00,NYSE AMERICAN,Vantage Corp Class A Ordinary Shares,Singapore,
VOGX,270808236.00,NASDAQ,Vogenx Inc - Common Stock,United States,N
VOR,1105743275.00,NASDAQ,Vor Biopharma Inc. - Common Stock,United States,N
VOXR,349561279.00,NASDAQ,Vox Royalty Corp. - common stock,Canada,N
VOYG,1916662755.00,NYSE,"Voyager Technologies, Inc. Class A Common Stock",United States,
VPG,1053246400.00,NYSE,"Vishay Precision Group, Inc. Common Stock",United States,
VRA,146599073.00,NASDAQ,"Vera Bradley, Inc. - Common Stock",United States,N
VRAX,2958974.00,NASDAQ,Virax Biolabs Group Limited - Ordinary Shares,United Kingdom,N
VRCA,75243083.00,NASDAQ,Verrica Pharmaceuticals Inc. - Common Stock,United States,N
VREX,777166000.00,NASDAQ,Varex Imaging Corporation - Common Stock,United States,N
VRM,47266208.00,NASDAQ,"Vroom, Inc. - Common Stock",United States,N
VRRM,427071679.00,NASDAQ,Verra Mobility Corporation - Class A Common Stock,United States,N
VRTS,886182149.00,NYSE,"Virtus Investment Partners, Inc. Common Stock",United States,
VRXA,159790829.00,NASDAQ,Veraxa Biotech AG - Ordinary Shares,Switzerland,N
VS,6740721.00,NASDAQ,Versus Systems Inc. - Common Stock,Canada,N
VSA,6172389.00,NASDAQ,VisionSys AI Inc. - American Depositary Shares,China,N
VSME,2558229.00,NASDAQ,VS Media Holdings Limited - Class A Ordinary Shares,Singapore,N
VSTM,697338496.00,NASDAQ,"Verastem, Inc. - Common Stock",United States,N
VSTS,1854206273.00,NYSE,Vestis Corporation Common Stock,United States,
VTEX,631426198.00,NYSE,VTEX Class A Common Shares,United Kingdom,
VTGN,12469912.00,NASDAQ,"Vistagen Therapeutics, Inc. - Common Stock",United States,D
VTIX,40765619.00,NASDAQ,Virtuix Holdings Inc. - Class A Common Stock,United States,N
VTN,187649978.00,NYSE,Invesco Trust for Investment Grade New York Municipals Common Stock,United States,
VTOL,1193386920.00,NYSE,"Bristow Group, Inc. Common Stock",United States,
VTS,710299828.00,NYSE,"Vitesse Energy, Inc. Common Stock",United States,
VTSI,31581751.00,NASDAQ,"VirTra, Inc. - Common Stock",United States,N
VTVT,120871579.00,NASDAQ,vTv Therapeutics Inc. - Class A Common Stock,United States,N
VUZI,251554405.00,NASDAQ,Vuzix Corporation  - Common Stock,United States,N
VVOS,3053916.00,NASDAQ,"Vivos Therapeutics, Inc. - Common Stock",United States,D
VWAV,10634494.00,NASDAQ,"VisionWave Holdings, Inc. - Common Stock",United States,N
VYGR,150963973.00,NASDAQ,"Voyager Therapeutics, Inc. - Common Stock",United States,N
VYX,925068317.00,NYSE,NCR Voyix Corporation Common Stock,United States,
VZLA,1281755308.00,NYSE AMERICAN,Vizsla Silver Corp. Common Shares,Canada,
WABC,1377424719.00,NASDAQ,Westamerica Bancorporation - Common Stock,United States,N
WAFU,6395311.00,NASDAQ,Wah Fu Education Group Limited - Ordinary Shares,China,N
WASH,733598386.00,NASDAQ,"Washington Trust Bancorp, Inc. - Common Stock",United States,N
WATR,60114963.00,NASDAQ,Air Water Ventures Limited - Ordinary Shares,United Arab Emirates,N
WATT,73731127.00,NASDAQ,Energous Corporation - Common Stock,United States,N
WAVE,36439638.00,NASDAQ,Eco Wave Power Global AB (publ) - American Depositary Shares,Israel,N
WB,1555107381.00,NASDAQ,Weibo Corporation - American Depositary Shares,China,N
WBTN,1424966235.00,NASDAQ,WEBTOON Entertainment Inc. - Common stock,United States,N
WBUY,4295541.00,NASDAQ,WEBUY GLOBAL LTD. - Class A Ordinary Shares,Singapore,D
WBX,65700522.00,NYSE,Wallbox N.V. Class A Ordinary Shares,Spain,
WCCB,638390875.00,NASDAQ,West Coast Community Bancorp - Common Stock,United States,N
WCT,13855975.00,NASDAQ,Wellchange Holdings Company Limited - Class A Ordinary shares,Hong Kong,N
WD,1166045558.00,NYSE,"Walker & Dunlop, Inc Common Stock",United States,
WEAV,589593507.00,NYSE,"Weave Communications, Inc. Common Stock",United States,
WEN,1166899972.00,NASDAQ,Wendy's Company (The) - Common Stock,United States,N
WEST,794686930.00,NASDAQ,Westrock Coffee Company - Common Stock,United States,N
WETH,13381534.00,NASDAQ,Wetouch Technology Inc. - Common Stock,China,N
WETO,1164025.00,NASDAQ,Wetour Robotics Limited - Ordinary Shares,China,N
WEYS,486049525.00,NASDAQ,"Weyco Group, Inc. - Common Stock",United States,N
WFCF,63391110.00,NASDAQ,"Where Food Comes From, Inc. - Common Stock",United States,N
WFF,100817441.00,NASDAQ,WF Holding Limited - Ordinary Shares,Malaysia,N
WGO,743471886.00,NYSE,"Winnebago Industries, Inc. Common Stock",United States,
WHG,187141211.00,NYSE,Westwood Holdings Group Inc Common Stock,United States,
WHK,775380641.00,NYSE,WhiteHawk Minerals Corp Class A Common Stock,,
WHLR,2728564.00,NASDAQ,"Wheeler Real Estate Investment Trust, Inc. - Common Stock",United States,N
WHR,1976193147.00,NYSE,Whirlpool Corporation Common Stock,United States,
WHWK,210933337.00,NASDAQ,"Whitehawk Therapeutics, Inc. - Common Stock",United States,N
WIMI,14136268.00,NASDAQ,WiMi Hologram Cloud Inc. - Class B Ordinary Shares,China,N
WINA,1069352790.00,NASDAQ,Winmark Corporation - Common Stock,United States,N
WKC,1833785577.00,NYSE,World Kinect Corporation Common Stock,United States,
WKHS,32457897.00,NASDAQ,"Workhorse Group, Inc. - Common Stock",United States,N
WKSP,6992868.00,NASDAQ,"Worksport, Ltd. - Common Stock",Canada,D
WLDN,1120167972.00,NASDAQ,"Willdan Group, Inc. - Common Stock",United States,N
WLDS,4493735.00,NASDAQ,Wearable Devices Ltd. - Ordinary Share,Israel,N
WLFC,965651549.00,NASDAQ,Willis Lease Finance Corporation - Common Stock,United States,N
WLKP,749679846.00,NYSE,Westlake Chemical Partners LP Common Units representing limited partner interests,United States,
WLTH,1566449693.00,NASDAQ,Wealthfront Corporation - Common Stock,United States,N
WMK,1832089962.00,NYSE,"Weis Markets, Inc. Common Stock",United States,
WNC,571949909.00,NYSE,Wabash National Corporation Common Stock,United States,
WNEB,279238997.00,NASDAQ,"Western New England Bancorp, Inc. - Common Stock",United States,N
WNW,62798173.00,NASDAQ,Meiwu Technology Company Limited - Ordinary Shares,China,N
WOK,7639558.00,NASDAQ,WORK Medical Technology Group LTD - Class A Ordinary Shares,China,N
WOLF,1867390474.00,NYSE,"Wolfspeed, Inc. Common Stock New",United States,
WOOF,627258392.00,NASDAQ,"Petco Health and Wellness Company, Inc. - Class A Common Stock",United States,N
WPRT,35711980.00,NASDAQ,Westport Fuel Systems Inc - Common Shares,Canada,N
WRAP,94927561.00,NASDAQ,"Wrap Technologies, Inc. - Common Stock",United States,N
WRD,1684663787.00,NASDAQ,WeRide Inc. - American Depositary Shares,China,N
WRLD,813445119.00,NASDAQ,World Acceptance Corporation - Common Stock,United States,N
WRN,493062429.00,NYSE AMERICAN,Western Copper and Gold Corporation Common Stock,Canada,
WS,1883496504.00,NYSE,"Worthington Steel, Inc. Common Shares",United States,
WSBF,358461938.00,NASDAQ,"Waterstone Financial, Inc. - Common Stock",United States,N
WSBK,120003304.00,NASDAQ,"Winchester Bancorp, Inc. - Common Stock",United States,N
WSHP,120359151.00,NASDAQ,WeShop Holdings Limited - Class A Ordinary Shares,Jersey,N
WSTN,81758250.00,NASDAQ,Westin Acquisition Corp - Class A Ordinary Share,Singapore,N
WTBA,512675789.00,NASDAQ,West Bancorporation - Common Stock,United States,N
WTF,120593680.00,NASDAQ,Waton Financial Limited - Ordinary Shares,Hong Kong,N
WTI,537356909.00,NYSE,"W&T Offshore, Inc. Common Stock",United States,
WU,1871273886.00,NYSE,Western Union Company (The) Common Stock,United States,
WVE,744842102.00,NASDAQ,"Wave Life Sciences, Inc. - Common Stock",Singapore,N
WVVI,9809672.00,NASDAQ,"Willamette Valley Vineyards, Inc. - Common Stock",United States,N
WW,147381722.00,NASDAQ,"WW International, Inc.  - Common Stock",United States,N
WWR,65426644.00,NYSE AMERICAN,"Westwater Resources, Inc. Common Stock",United States,
WWW,1575673709.00,NYSE,"Wolverine World Wide, Inc. Common Stock",United States,
WXM,11722127.00,NASDAQ,WF International Limited - Ordinary Shares,China,N
WYFI,696546756.00,NASDAQ,"WhiteFiber, Inc. - Ordinary Shares",United States,N
WYHG,131300281.00,NASDAQ,Wing Yip Food Holdings Group Limited - American Depositary Shares,China,N
WYY,75586808.00,NYSE AMERICAN,WidePoint Corporation Common Stock,United States,
XAIR,2700519.00,NASDAQ,"Beyond Air, Inc. - Common Stock",United States,N
XBIO,5248725.00,NASDAQ,"Xenetic Biosciences, Inc. - Common Stock",United States,N
XBIT,66768131.00,NASDAQ,XBiotech Inc. - Common Stock,United States,N
XBP,44805588.00,NASDAQ,"XBP Global Holdings, Inc. - Common Stock",United States,N
XCH,14076060.00,NASDAQ,XCHG Limited - ADS,Germany,N
XCUR,7527894.00,NASDAQ,"Exicure, Inc. - Common Stock",United States,D
XELB,4310100.00,NASDAQ,"Xcel Brands, Inc - Common Stock",United States,N
XERS,1655468378.00,NASDAQ,"Xeris Biopharma Holdings, Inc. - Common Stock",United States,N
XFOR,280585283.00,NASDAQ,"X4 Pharmaceuticals, Inc. - Common Stock",United States,N
XGN,197921020.00,NASDAQ,Exagen Inc. - Common Stock,United States,N
XHG,95879142.00,NASDAQ,XChange TEC.INC - American Depositary Shares,China,N
XHLD,5848608.00,NASDAQ,"TEN Holdings, Inc. - Common Stock",United States,N
XHR,1678874197.00,NYSE,"Xenia Hotels & Resorts, Inc. Common Stock",United States,
XIFR,979494340.00,NYSE,"XPLR Infrastructure, LP Common Units representing limited partner interests",United States,
XLAB,90068705.00,NASDAQ,Exascale Labs Holdings Inc. - Class A Common Stock,United States,N
XLO,59287142.00,NASDAQ,"Xilio Therapeutics, Inc. - Common Stock",United States,N
XMAX,557281627.00,NASDAQ,"XMAX, Inc. - Common Stock",United States,D
XNCR,1846938381.00,NASDAQ,"Xencor, Inc. - Common Stock",United States,N
XNDU,1308163303.00,NASDAQ,Xanadu Quantum Technologies Limited - Class B Subordinate Voting Shares,Canada,N
XNET,299809323.00,NASDAQ,Xunlei Limited - American Depositary Shares,China,N
XOS,46918912.00,NASDAQ,"Xos, Inc. - Common Stock",United States,N
XPEL,1239856538.00,NASDAQ,"XPEL, Inc. - Common Stock",United States,N
XPER,264830993.00,NYSE,Xperi Inc. Common Stock ,United States,
XPL,54254197.00,NYSE AMERICAN,Solitario Resources Corp. Common Stock,United States,
XPOF,231822800.00,NYSE,"Xponential Fitness, Inc. Class A Common Stock",United States,
XPON,4252492.00,NASDAQ,"Expion Energy, Inc. - Common Stock",United States,N
XPRO,1848343113.00,NYSE,Expro Ltd Ordinary Shares,Cayman Islands,
XRAY,1728398105.00,NASDAQ,DENTSPLY SIRONA Inc. - Common Stock,United States,N
XRN,450218598.00,NYSE,Chiron Real Estate Inc. Common Stock,United States,
XRTX,3113956.00,NASDAQ,XORTX Therapeutics Inc. - Common Shares,Canada,N
XRX,396569823.00,NASDAQ,Xerox Holdings Corporation - Common Stock,United States,N
XTIA,29627898.00,NASDAQ,"XTI Aerospace, Inc. Common Stock  - Common Stock",United States,E
XTLB,5308120.00,NASDAQ,XTL Biopharmaceuticals Ltd. - American Depositary Shares,Israel,N
XTND,939981418.00,NYSE,"Xtend AI Robotics, Inc. Common Stock",,
XTNT,47852223.00,NYSE AMERICAN,"Xtant Medical Holdings, Inc. Common Stock",United States,
XWEL,7196946.00,NASDAQ,"XWELL, Inc. - Common Stock",United States,N
XXII,652591.00,NASDAQ,"22nd Century Group, Inc - Common Stock",United States,N
XYF,270627230.00,NYSE,"X Financial American Depositary Shares, each representing six Class A Ordinary Shares",Cayman Islands,
XZO,1297237219.00,NYSE,"Exzeo Group, Inc. Common Stock",,
YAAS,18228979.00,NASDAQ,Youxin Technology Ltd - Class A Ordinary shares,China,N
YALA,807730211.00,NYSE,"Yalla Group Limited American Depositary Shares, each representing one Class A Ordinary Share",United Arab Emirates,
YARW,207208119.00,NASDAQ,"Yarrow Bioscience, Inc. - Common Stock",United States,N
YB,596277801.00,NASDAQ,Yuanbao Inc. - American Depositary Shares,China,N
YCBD,5109501.00,NYSE AMERICAN,"cbdMD, Inc. Common Stock",United States,
YDDL,80127666.00,NASDAQ,One and One Green Technologies. INC - Class A Ordinary Shares,Philippines,N
YDES,574442216.00,NASDAQ,YD Bio Limited - Ordinary Shares,United States,N
YDKG,5154304.00,NASDAQ,Yueda Digital Holding - Class A Ordinary Share,China,N
YELP,990853719.00,NYSE,Yelp Inc. Common Stock,United States,
YEXT,644351363.00,NYSE,"Yext, Inc. Common Stock",United States,
YFOR,18742575.00,NASDAQ,YYForce Inc. - Class A Ordinary Shares,Singapore,N
YHC,1668937.00,NASDAQ,LQR House Inc. - Common Stock,United States,N
YHGJ,7266745.00,NASDAQ,Yunhong Green CTI Ltd. - Common Stock,United States,N
YI,28326224.00,NASDAQ,"111, Inc. - American Depositary Shares",China,N
YIBO,62195932.00,NASDAQ,Planet Image International Limited - Class A Ordinary Shares,China,N
YJ,7979375.00,NASDAQ,Yunji Inc. - American Depository Shares,China,N
YMAT,5794599.00,NASDAQ,"J-Star Holding Co., Ltd. - Class A Ordinary Shares",Taiwan,N
YMT,28434638.00,NASDAQ,Yimutian Inc. - American Depositary Shares; each representing 25 Class A ordinary shares,China,D
YORW,499191152.00,NASDAQ,The York Water Company - Common Stock,United States,N
YOUL,55325558.00,NASDAQ,Youlife Group Inc. - American Depositary Shares,China,D
YQ,38212022.00,NASDAQ,17 Education & Technology Group Inc. - American Depositary Shares,China,N
YRD,83735206.00,NYSE,"Yiren Digital Ltd. American Depositary Shares, each representing two ordinary shares",China,
YSG,247804661.00,NYSE,"Yatsen Holding Limited American Depositary Shares, each representing twenty (20) Class A Ordinary Shares",China,
YSS,1233471293.00,NYSE,York Space Systems Inc. Common Stock,United States,
YSWY,1297388135.00,NASDAQ,"Yesway, Inc. - Class A Common Stock",United States,N
YSXT,39279240.00,NASDAQ,"YSX Tech. Co., Ltd  - Class A Ordinary Shares",China,N
YTRA,56422674.00,NASDAQ,"Yatra Online, Inc. - Ordinary Shares",India,N
YXT,14145969.00,NASDAQ,YXT.COM GROUP HOLDING LIMITED - American Depository Shares,China,N
YYAI,4719375.00,NASDAQ,AiRWA Inc. - Common Stock,United States,N
ZBAO,44650590.00,NASDAQ,Zhibao Technology Inc. - Class A Ordinary Shares,China,D
ZBIO,1844175377.00,NASDAQ,"Zenas BioPharma, Inc. - Common Stock",United States,N
ZCMD,8207965.00,NASDAQ,Zhongchao Inc. - Class A Ordinary Shares,China,N
ZD,1892653882.00,NASDAQ,"Ziff Davis, Inc. - Common Stock",United States,N
ZDAI,13240366.00,NASDAQ,"DirectBooking Technology Co., Ltd. - Class A Ordinary Shares",Hong Kong,N
ZDGE,54904575.00,NYSE AMERICAN,"Zedge, Inc. Class B Common Stock ",,
ZENA,114265660.00,NASDAQ,"ZenaTech, Inc. - Common Stock",Canada,N
ZEO,18232199.00,NASDAQ,Zeo Energy Corporation - Class A Common Stock,United States,D
ZEPP,56020227.00,NYSE,"Zepp Health Corporation American depositary shares, each representing sixteen Class A ordinary shares",China,
ZH,300980350.00,NYSE,"Zhihu Inc. American Depositary Shares, each representing three (3) Class A Ordinary Shares",China,
ZIP,291902879.00,NYSE,"ZipRecruiter, Inc. Class A Common Stock",United States,
ZJK,118996161.00,NASDAQ,"ZJK Industrial Co., Ltd. - Class A Ordinary Shares",China,N
ZJYL,306897394.00,NASDAQ,JIN MEDICAL INTERNATIONAL LTD. - Class A Ordinary Shares,China,N
ZKH,435438929.00,NYSE,"ZKH Group Limited American Depositary Shares, each representing thirty-five (35) Class A Ordinary Shares",Cayman Islands,
ZKIN,103219467.00,NASDAQ,"ZK International Group Co., Ltd - Ordinary Share",China,N
ZNB,5659580.00,NASDAQ,Zeta Network Group - Class A Ordinary Shares,United States,N
ZNTL,238564791.00,NASDAQ,"Zentalis Pharmaceuticals, Inc. - common stock",United States,N
ZONE,66962062.00,NYSE AMERICAN,Zone Frontier Inc. Class B Common Stock,,
ZOOZ,60873021.00,NASDAQ,ZOOZ Strategy Ltd. - Ordinary Shares,Israel,N
ZSQR,210411576.00,NASDAQ,Z Squared Inc. - Common Stock,United States,N
ZSTK,106047761.00,NASDAQ,ZeroStack Corp. - Common Stock,Canada,N
ZTG,23417555.00,NASDAQ,Zenta Group Company Limited - Class A Ordinary Shares,Macau,N
ZUMZ,203743847.00,NASDAQ,Zumiez Inc. - Common Stock,United States,N
ZURA,393857753.00,NASDAQ,Zura Bio Limited - Class A Ordinary shares,Cayman Islands,N
ZVIA,93587935.00,NYSE,Zevia PBC Class A Common Stock,United States,
ZVRA,593243972.00,NASDAQ,"Zevra Therapeutics, Inc.  - Common Stock",United States,N
ZYBT,58765306.00,NASDAQ,Zhengye Biotechnology Holding Limited - Class A Ordinary Shares,China,N
ZYME,1784624911.00,NASDAQ,Zymeworks Inc. - Common Stock,United States,N
