symbol,name,reason
A,Agilent Technologies Inc. Common Stock,outside_positive_below_2b_market_cap
AA,Alcoa Corporation Common Stock ,outside_positive_below_2b_market_cap
AACI,Armada Acquisition Corp. III Class A Ordinary Share,outside_positive_below_2b_market_cap
AACIW,Armada Acquisition Corp. III Warrant,outside_positive_below_2b_market_cap
AACO,Abony Acquisition Corp. I Class A Ordinary Share,outside_positive_below_2b_market_cap
AACP,Apogee Acquisition Corp Class A Ordinary Shares,outside_positive_below_2b_market_cap
AACPR,Apogee Acquisition Corp Rights,outside_positive_below_2b_market_cap
AACPU,Apogee Acquisition Corp Units,outside_positive_below_2b_market_cap
AACPW,Apogee Acquisition Corp Warrant,outside_positive_below_2b_market_cap
AADX,Applied Aerospace & Defense Inc. Common Stock,outside_positive_below_2b_market_cap
AAL,American Airlines Group Inc. Common Stock,outside_positive_below_2b_market_cap
AAMI,Acadian Asset Management Inc. Common Stock,outside_positive_below_2b_market_cap
AAOI,Applied Optoelectronics Inc. Common Stock,outside_positive_below_2b_market_cap
AAON,AAON Inc. Common Stock,outside_positive_below_2b_market_cap
AAP,Advance Auto Parts Inc.,outside_positive_below_2b_market_cap
AAPL,Apple Inc. Common Stock,outside_positive_below_2b_market_cap
AAUC,Allied Gold Corporation Common Shares,outside_positive_below_2b_market_cap
AB,AllianceBernstein Holding L.P.  Units,outside_positive_below_2b_market_cap
ABBV,AbbVie Inc. Common Stock,outside_positive_below_2b_market_cap
ABCB,Ameris Bancorp Common Stock,outside_positive_below_2b_market_cap
ABCL,AbCellera Biologics Inc. Common Shares,outside_positive_below_2b_market_cap
ABEV,Ambev S.A. American Depositary Shares (Each representing 1 Common Share),outside_positive_below_2b_market_cap
ABG,Asbury Automotive Group Inc Common Stock,outside_positive_below_2b_market_cap
ABLVW,Able View Global Inc. Warrant,non_common_instrument
ABM,ABM Industries Incorporated Common Stock,outside_positive_below_2b_market_cap
ABNB,Airbnb Inc. Class A Common Stock,outside_positive_below_2b_market_cap
ABR^D,Arbor Realty Trust 6.375% Series D Cumulative Redeemable Preferred Stock Liquidation Preference $25.00 per Share,missing_or_invalid_market_cap
ABR^E,Arbor Realty Trust 6.25% Series E Cumulative Redeemable Preferred Stock,missing_or_invalid_market_cap
ABR^F,Arbor Realty Trust 6.25% Series F Fixed-to-Floating Rate Cumulative Redeemable Preferred Stock Liquidation Preference $25.00 per share,missing_or_invalid_market_cap
ABT,Abbott Laboratories Common Stock,outside_positive_below_2b_market_cap
ABVX,Abivax SA American Depositary Shares,outside_positive_below_2b_market_cap
ABXL,Abacus Global Management Inc. 9.875% Fixed Rate Senior Notes due 2028,non_common_instrument
ACA,Arcosa Inc. Common Stock ,outside_positive_below_2b_market_cap
ACAA,Averin Capital Acquisition Corp. Class A Ordinary Shares,outside_positive_below_2b_market_cap
ACAD,ACADIA Pharmaceuticals Inc. Common Stock,outside_positive_below_2b_market_cap
ACCV,Accelevation Holdings Corp. Class A Ordinary Shares,outside_positive_below_2b_market_cap
ACEL,Accel Entertainment Inc. ,unclassified_security_type
ACGC,ACP Holdings Acquisition Corp. Class A Ordinary Shares,outside_positive_below_2b_market_cap
ACGCU,ACP Holdings Acquisition Corp. Units,outside_positive_below_2b_market_cap
ACGL,Arch Capital Group Ltd. Common Stock,outside_positive_below_2b_market_cap
ACGLN,Arch Capital Group Ltd. Depositary Shares each Representing a 1/1000th Interest in a 4.550% Non-Cumulative Preferred Share Series G,outside_positive_below_2b_market_cap
ACGLO,Arch Capital Group Ltd. Depositary Shares Each Representing 1/1000th Interest in a Share of 5.45% Non-Cumulative Preferred Shares Series F,outside_positive_below_2b_market_cap
ACHC,Acadia Healthcare Company Inc. Common Stock,outside_positive_below_2b_market_cap
ACHR,Archer Aviation Inc. Class A Common Stock,outside_positive_below_2b_market_cap
ACI,Albertsons Companies Inc. Class A Common Stock,outside_positive_below_2b_market_cap
ACIW,ACI Worldwide Inc. Common Stock,outside_positive_below_2b_market_cap
ACLS,Axcelis Technologies Inc. Common Stock,outside_positive_below_2b_market_cap
ACM,AECOM Common Stock,outside_positive_below_2b_market_cap
ACMR,ACM Research Inc. Class A Common Stock,outside_positive_below_2b_market_cap
ACN,Accenture plc Class A Ordinary Shares (Ireland),outside_positive_below_2b_market_cap
ACONW,Aclarion Inc. Warrant,non_common_instrument
ACP,abrdn Income Credit Strategies Fund Common Shares,outside_positive_below_2b_market_cap
ACP^A,abrdn Income Credit Strategies Fund 5.250% Series A Perpetual Preferred Stock,missing_or_invalid_market_cap
ACR^C,ACRES Commercial Realty Corp. 8.625% Fixed-to-Floating Series C Cumulative Redeemable Preferred Stock ,missing_or_invalid_market_cap
ACR^D,ACRES Commercial Realty Corp. 7.875% Series D Cumulative Redeemable Preferred Stock,missing_or_invalid_market_cap
ACT,Enact Holdings Inc. Common Stock,outside_positive_below_2b_market_cap
ACV,Virtus Diversified Income & Convertible Fund Common Shares of Beneficial Interest,fund_or_income_trust
AD,Array Digital Infrastructure Inc. Common Shares,outside_positive_below_2b_market_cap
ADAC,American Drive Acquisition Company Class A Ordinary Shares,outside_positive_below_2b_market_cap
ADACW,American Drive Acquisition Company Warrant,outside_positive_below_2b_market_cap
ADAMG,Adamas Trust Inc. 9.125% Senior Notes Due 2030,outside_positive_below_2b_market_cap
ADAMH,Adamas Trust Inc. 9.875% Senior Notes Due 2030,outside_positive_below_2b_market_cap
ADAMI,Adamas Trust Inc. 9.125% Senior Notes Due 2029,outside_positive_below_2b_market_cap
ADAMK,Adamas Trust Inc. 9.600% Senior Notes Due 2031 ,outside_positive_below_2b_market_cap
ADAML,Adamas Trust Inc. 6.875% Series F Fixed-to-Floating Rate Cumulative Redeemable Preferred Stock $0.01 par value per share,outside_positive_below_2b_market_cap
ADAMM,Adamas Trust Inc. 7.875% Series E Fixed-to-Floating Rate Cumulative Redeemable Preferred Stock,outside_positive_below_2b_market_cap
ADAMN,Adamas Trust Inc. 8.00% Series D Fixed-to-Floating Rate Cumulative Redeemable Preferred Stock,outside_positive_below_2b_market_cap
ADAMO,Adamas Trust Inc. 9.250% Senior Notes Due 2031,outside_positive_below_2b_market_cap
ADAMZ,Adamas Trust Inc. 7.000% Series G Cumulative Redeemable Preferred Stock $0.01 par value per share,non_common_instrument
ADBE,Adobe Inc. Common Stock,outside_positive_below_2b_market_cap
ADC,Agree Realty Corporation Common Stock,outside_positive_below_2b_market_cap
ADC^A,Agree Realty Corporation Depositary Shares each representing 1/1000th of a 4.250% Series A Cumulative Redeemable Preferred Stock,missing_or_invalid_market_cap
ADEA,Adeia Inc. Common Stock,outside_positive_below_2b_market_cap
ADI,Analog Devices Inc. Common Stock,outside_positive_below_2b_market_cap
ADM,Archer-Daniels-Midland Company Common Stock,outside_positive_below_2b_market_cap
ADMA,ADMA Biologics Inc Common Stock,outside_positive_below_2b_market_cap
ADP,Automatic Data Processing Inc. Common Stock,outside_positive_below_2b_market_cap
ADPT,Adaptive Biotechnologies Corporation Common Stock,outside_positive_below_2b_market_cap
ADSEW,ADS-TEC ENERGY PLC Warrant,non_common_instrument
ADSK,Autodesk Inc. Common Stock,outside_positive_below_2b_market_cap
ADT,ADT Inc. Common Stock,outside_positive_below_2b_market_cap
ADUS,Addus HomeCare Corporation Common Stock,outside_positive_below_2b_market_cap
ADX,Adams Diversified Equity Fund Inc.,outside_positive_below_2b_market_cap
AEAQ,Activate Energy Acquisition Corp. Class A Ordinary Share,outside_positive_below_2b_market_cap
AEE,Ameren Corporation Common Stock,outside_positive_below_2b_market_cap
AEF,abrdn Emerging Markets ex-China Fund Inc. Common Stock,fund_or_income_trust
AEFC,Aegon Funding Company LLC 5.10% Subordinated Notes due 2049,outside_positive_below_2b_market_cap
AEG,Aegon Ltd. New York Registry Shares,outside_positive_below_2b_market_cap
AEHR,Aehr Test Systems Common Stock,outside_positive_below_2b_market_cap
AEIS,Advanced Energy Industries Inc. Common Stock,outside_positive_below_2b_market_cap
AEM,Agnico Eagle Mines Limited Common Stock,outside_positive_below_2b_market_cap
AENTW,Alliance Entertainment Holding Corporation Warrant,non_common_instrument
AEO,American Eagle Outfitters Inc. Common Stock,outside_positive_below_2b_market_cap
AEP,American Electric Power Company Inc. Common Stock,outside_positive_below_2b_market_cap
AER,AerCap Holdings N.V. Ordinary Shares,outside_positive_below_2b_market_cap
AERO,Grupo Aeromexico S.A.B. de C.V. American Depositary Shares (each representing ten (10) Common Shares),outside_positive_below_2b_market_cap
AES,The AES Corporation Common Stock,outside_positive_below_2b_market_cap
AESP,Aeon Acquisition I Corp. Class A Ordinary Shares,outside_positive_below_2b_market_cap
AESPR,Aeon Acquisition I Corp. Rights,outside_positive_below_2b_market_cap
AESPU,Aeon Acquisition I Corp. Units,outside_positive_below_2b_market_cap
AEXA,American Exceptionalism Acquisition Corp. A Class A Ordinary Shares,outside_positive_below_2b_market_cap
AFB,AllianceBernstein National Municipal Income Fund Inc,outside_positive_below_2b_market_cap
AFG,American Financial Group Inc. Common Stock,outside_positive_below_2b_market_cap
AFGB,American Financial Group Inc. 5.875% Subordinated Debentures due 2059,non_common_instrument
AFGC,American Financial Group Inc. 5.125% Subordinated Debentures due 2059,non_common_instrument
AFGD,American Financial Group Inc. 5.625% Subordinated Debentures due 2060,non_common_instrument
AFGE,American Financial Group Inc. 4.500% Subordinated Debentures due 2060,non_common_instrument
AFJK,Aimei Health Technology Co. Ltd Ordinary Share,outside_positive_below_2b_market_cap
AFJKR,Aimei Health Technology Co. Ltd Right,outside_positive_below_2b_market_cap
AFJKU,Aimei Health Technology Co. Ltd Unit,outside_positive_below_2b_market_cap
AFL,AFLAC Incorporated Common Stock,outside_positive_below_2b_market_cap
AFRIW,Forafric Global PLC Warrants,non_common_instrument
AFRM,Affirm Holdings Inc. Class A Common Stock,outside_positive_below_2b_market_cap
AG,First Majestic Silver Corp. Ordinary Shares (Canada),outside_positive_below_2b_market_cap
AGCO,AGCO Corporation Common Stock,outside_positive_below_2b_market_cap
AGD,abrdn Global Dynamic Dividend Fund Common Shares of Beneficial Interest,outside_positive_below_2b_market_cap
AGI,Alamos Gold Inc. Class A Common Shares,outside_positive_below_2b_market_cap
AGM,Federal Agricultural Mortgage Corporation Common Stock,outside_positive_below_2b_market_cap
AGM^D,Federal Agricultural Mortgage Corporation 5.700% Non-Cumulative Preferred Stock Series D,missing_or_invalid_market_cap
AGM^E,Federal Agricultural Mortgage Corporation 5.750% Non-Cumulative Preferred Stock Series E,missing_or_invalid_market_cap
AGM^F,Federal Agricultural Mortgage Corporation 5.250% Non-Cumulative Preferred Stock Series F,missing_or_invalid_market_cap
AGM^G,Federal Agricultural Mortgage Corporation 4.875% Non-Cumulative Preferred Stock Series G,missing_or_invalid_market_cap
AGM^H,Federal Agricultural Mortgage Corporation 6.500% Non-Cumulative Preferred Stock Series H,missing_or_invalid_market_cap
AGM^I,Federal Agricultural Mortgage Corporation 6.875% Non-Cumulative Preferred Stock Series I,missing_or_invalid_market_cap
AGNC,AGNC Investment Corp. Common Stock,outside_positive_below_2b_market_cap
AGNCL,AGNC Investment Corp. Depositary Shares Each Representing a 1/1000th Interest in a Share of 7.75% Series G Fixed-Rate Reset Cumulative Redeemable Preferred Stock,outside_positive_below_2b_market_cap
AGNCM,AGNC Investment Corp. Depositary Shares rep 6.875% Series D Fixed-to-Floating Cumulative Redeemable Preferred Stock,outside_positive_below_2b_market_cap
AGNCN,AGNC Investment Corp. Depositary Shares Each Representing a 1/1000th Interest in a Share of 7.00% Series C Fixed-To-Floating Rate Cumulative Redeemable Preferred Stock,outside_positive_below_2b_market_cap
AGNCO,AGNC Investment Corp. Depositary Shares each representing a 1/1000th interest in a share of 6.50% Series E Fixed-to-Floating Cumulative Redeemable Preferred Stock,outside_positive_below_2b_market_cap
AGNCP,AGNC Investment Corp. Depositary Shares Each Representing a 1/1000th Interest in a Share of 6.125% Series F Fixed-to-Floating Rate Cumulative Redeemable Preferred Stock,outside_positive_below_2b_market_cap
AGNCZ,AGNC Investment Corp. Depositary Shares Each Representing a 1/1000th Interest in a Share of 8.75% Series H Fixed-Rate Cumulative Redeemable Preferred Stock,outside_positive_below_2b_market_cap
AGO,Assured Guaranty Ltd. Common Stock,outside_positive_below_2b_market_cap
AGX,Argan Inc. Common Stock,outside_positive_below_2b_market_cap
AGYS,Agilysys Inc. Common Stock (DE),outside_positive_below_2b_market_cap
AHL^D,Aspen Insurance Holdings Limited 5.625% Perpetual Non-Cumulative Preference Shares,missing_or_invalid_market_cap
AHL^E,Aspen Insurance Holdings Limited Depositary Shares each representing a 1/1000th interest in a share of 5.625% Perpetual Non-Cumulative Preference Shares,missing_or_invalid_market_cap
AHL^F,Aspen Insurance Holdings Limited Depositary Shares each representing a 1/1000th Interest in a 7.00% Perpetual Non-Cumulative Preference Share,missing_or_invalid_market_cap
AHR,American Healthcare REIT Inc. Common Stock,outside_positive_below_2b_market_cap
AHRT^A,AH Realty Trust Inc. 6.75% Series A Cumulative Redeemable Perpetual Preferred Stock,missing_or_invalid_market_cap
AHT^D,Ashford Hospitality Trust Inc 8.45% Series D Cumulative Preferred Stock,missing_or_invalid_market_cap
AHT^F,Ashford Hospitality Trust Inc 7.375% Series F Cumulative Preferred Stock,missing_or_invalid_market_cap
AHT^G,Ashford Hospitality Trust Inc 7.375% Series G Cumulative Preferred Stock,missing_or_invalid_market_cap
AHT^H,Ashford Hospitality Trust Inc 7.50% Series H Cumulative Preferred Stock,missing_or_invalid_market_cap
AHT^I,Ashford Hospitality Trust Inc 7.50% Series I Cumulative Preferred Stock,missing_or_invalid_market_cap
AIG,American International Group Inc. New Common Stock,outside_positive_below_2b_market_cap
AIIA,AI Infrastructure Acquisition Corp. Class A Ordinary Shares,outside_positive_below_2b_market_cap
AIIOW,Robo.ai Inc. Warrant,non_common_instrument
AIMDW,Ainos Inc. Warrants,non_common_instrument
AIO,Virtus Artificial Intelligence & Technology Opportunities Fund Common Shares of Beneficial Interest,fund_or_income_trust
AIR,AAR Corp. Common Stock,outside_positive_below_2b_market_cap
AIRTP,Air T Inc. Air T Funding Alpha Income Trust Preferred Securities,non_common_instrument
AISPW,Airship AI Holdings Inc. Warrants,non_common_instrument
AIT,Applied Industrial Technologies Inc. Common Stock,outside_positive_below_2b_market_cap
AIZ,Assurant Inc. Common Stock,outside_positive_below_2b_market_cap
AIZN,Assurant Inc. 5.25% Subordinated Notes due 2061,non_common_instrument
AJG,Arthur J. Gallagher & Co. Common Stock,outside_positive_below_2b_market_cap
AKAM,Akamai Technologies Inc. Common Stock,outside_positive_below_2b_market_cap
AKO/A,Embotelladora Andina S.A.,missing_or_invalid_market_cap
AKO/B,Embotelladora Andina S.A.,missing_or_invalid_market_cap
AKR,Acadia Realty Trust Common Stock,outside_positive_below_2b_market_cap
ALAB,Astera Labs Inc. Common Stock,outside_positive_below_2b_market_cap
ALB,Albemarle Corporation Common Stock,outside_positive_below_2b_market_cap
ALB^A,Albemarle Corporation Depositary Shares each representing a 1/20th of 7.25% Series A Mandatory Convertible Preferred Stock,missing_or_invalid_market_cap
ALC,Alcon Inc. Ordinary Shares,outside_positive_below_2b_market_cap
ALDF,Aldel Financial II Inc. Class A Ordinary Shares,outside_positive_below_2b_market_cap
ALF,Centurion Acquisition Corp. Class A Ordinary Shares,outside_positive_below_2b_market_cap
ALFUW,Centurion Acquisition Corp. Warrant,outside_positive_below_2b_market_cap
ALGM,Allegro MicroSystems Inc. Common Stock,outside_positive_below_2b_market_cap
ALGN,Align Technology Inc. Common Stock,outside_positive_below_2b_market_cap
ALGT,Allegiant Travel Company Common Stock,outside_positive_below_2b_market_cap
ALH,Alliance Laundry Holdings Inc. Common Stock,outside_positive_below_2b_market_cap
ALIS,Calisa Acquisition Corp Ordinary shares,outside_positive_below_2b_market_cap
ALISU,Calisa Acquisition Corp Units,outside_positive_below_2b_market_cap
ALK,Alaska Air Group Inc. Common Stock,outside_positive_below_2b_market_cap
ALKS,Alkermes plc Ordinary Shares,outside_positive_below_2b_market_cap
ALL,Allstate Corporation (The) Common Stock,outside_positive_below_2b_market_cap
ALL^B,Allstate Corporation (The) 5.100% Fixed-to-Floating Rate Subordinated Debentures due 2053,missing_or_invalid_market_cap
ALL^H,Allstate Corporation (The) Depositary Shares each representing a 1/1000th interest in a share of Fixed Rate Noncumulative Perpetual Preferred Stock Series H,missing_or_invalid_market_cap
ALL^I,Allstate Corporation (The) Depositary Shares each representing a 1/1000th interest in a share of Fixed Rate Noncumulative Perpetual Preferred Stock Series I,missing_or_invalid_market_cap
ALL^J,Allstate Corporation (The) Depositary Shares each representing a 1/1000th interest in a share of Fixed Rate Noncumulative Perpetual Preferred Stock Series J,missing_or_invalid_market_cap
ALLE,Allegion plc Ordinary Shares,outside_positive_below_2b_market_cap
ALLY,Ally Financial Inc. Common Stock,outside_positive_below_2b_market_cap
ALM,Almonty Industries Inc. Common Shares,outside_positive_below_2b_market_cap
ALMR,Alamar Biosciences Inc. Common Stock,outside_positive_below_2b_market_cap
ALNT,Allient Inc. Common Stock,outside_positive_below_2b_market_cap
ALNY,Alnylam Pharmaceuticals Inc. Common Stock,outside_positive_below_2b_market_cap
ALOV,Aldabra 4 Liquidity Opportunity Vehicle Inc. Class A Ordinary Shares,outside_positive_below_2b_market_cap
ALPX,Alpex Acquisition Corporation Class A Ordinary Shares,outside_positive_below_2b_market_cap
ALRM,Alarm.com Holdings Inc. Common Stock,outside_positive_below_2b_market_cap
ALSN,Allison Transmission Holdings Inc. Common Stock,outside_positive_below_2b_market_cap
ALTG^A,Alta Equipment Group Inc. Depositary Shares (each representing 1/1000th in a share of 10% Series A Cumulative Perpetual Preferred Stock),missing_or_invalid_market_cap
ALUB,Alussa Energy Acquisition Corp. II Class A Ordinary Shares,outside_positive_below_2b_market_cap
ALV,Autoliv Inc. Common Stock,outside_positive_below_2b_market_cap
ALVO,Alvotech Ordinary Shares,outside_positive_below_2b_market_cap
ALVOW,Alvotech Warrant,non_common_instrument
AM,Antero Midstream Corporation Common Stock,outside_positive_below_2b_market_cap
AMAC,AMR Resources Acquisition Corp Class A Ordinary Shares,outside_positive_below_2b_market_cap
AMACU,AMR Resources Acquisition Corp Units,outside_positive_below_2b_market_cap
AMACW,AMR Resources Acquisition Corp Warrants,outside_positive_below_2b_market_cap
AMAN,Amanat Acquisition Corp Class A Ordinary Shares,outside_positive_below_2b_market_cap
AMAT,Applied Materials Inc. Common Stock,outside_positive_below_2b_market_cap
AMBA,Ambarella Inc. Ordinary Shares,outside_positive_below_2b_market_cap
AMBP,Ardagh Metal Packaging S.A. Ordinary Shares,outside_positive_below_2b_market_cap
AMC,AMC Entertainment Holdings Inc. Class A Common Stock,outside_positive_below_2b_market_cap
AMCR,Amcor plc Ordinary Shares,outside_positive_below_2b_market_cap
AMD,Advanced Micro Devices Inc. Common Stock,outside_positive_below_2b_market_cap
AME,AMETEK Inc.,outside_positive_below_2b_market_cap
AMG,Affiliated Managers Group Inc. Common Stock,outside_positive_below_2b_market_cap
AMGN,Amgen Inc. Common Stock,outside_positive_below_2b_market_cap
AMH,American Homes 4 Rent Common Shares of Beneficial Interest,outside_positive_below_2b_market_cap
AMH^G,American Homes 4 Rent Series G cumulative redeemable perpetual preferred shares of beneficial interest,missing_or_invalid_market_cap
AMH^H,American Homes 4 Rent Series H cumulative redeemable perpetual Preferred Shares of Beneficial Interest,missing_or_invalid_market_cap
AMKR,Amkor Technology Inc. Common Stock,outside_positive_below_2b_market_cap
AMLX,Amylyx Pharmaceuticals Inc. Common Stock,outside_positive_below_2b_market_cap
AMN,AMN Healthcare Services Inc,unclassified_security_type
AMODW,Alpha Modus Holdings Inc. Warrant,non_common_instrument
AMP,Ameriprise Financial Inc. Common Stock,outside_positive_below_2b_market_cap
AMPGZ,Amplitech Group Inc. Series B Right,non_common_instrument
AMR,Alpha Metallurgical Resources Inc. Common Stock,outside_positive_below_2b_market_cap
AMRX,Amneal Pharmaceuticals Inc. Class A Common Stock,outside_positive_below_2b_market_cap
AMRZ,Amrize Ltd Ordinary Shares,outside_positive_below_2b_market_cap
AMT,American Tower Corporation (REIT) Common Stock,outside_positive_below_2b_market_cap
AMTM,Amentum Holdings Inc. Common Stock,outside_positive_below_2b_market_cap
AMX,America Movil S.A.B. de C.V. American Depositary Shares (each representing the right to receive twenty (20) Series B Shares,outside_positive_below_2b_market_cap
AMZN,Amazon.com Inc. Common Stock,outside_positive_below_2b_market_cap
AN,AutoNation Inc. Common Stock,outside_positive_below_2b_market_cap
ANDE,Andersons Inc. (The) Common Stock,outside_positive_below_2b_market_cap
ANDG,Andersen Group Inc. Class A Common Stock,outside_positive_below_2b_market_cap
ANET,Arista Networks Inc. Common Stock,outside_positive_below_2b_market_cap
ANF,Abercrombie & Fitch Company Common Stock,outside_positive_below_2b_market_cap
ANG^D,American National Group Inc. Depositary Shares each representing a 1/1000th interest in a share of 7.375% Fixed-Rate Non-Cumulative Preferred Stock Series D,missing_or_invalid_market_cap
ANGHW,Anghami Inc. Warrants,non_common_instrument
ANNAW,AleAnna Inc. Warrant,non_common_instrument
AOD,abrdn Total Dynamic Dividend Fund Common Shares of Beneficial Interest,outside_positive_below_2b_market_cap
AOMD,Angel Oak Mortgage REIT Inc. 9.750% Senior Notes due 2030,outside_positive_below_2b_market_cap
AOMN,Angel Oak Mortgage REIT Inc. 9.500% Senior Notes due 2029,outside_positive_below_2b_market_cap
AON,Aon plc Class A Ordinary Shares (Ireland),outside_positive_below_2b_market_cap
AOS,A.O. Smith Corporation Common Stock,outside_positive_below_2b_market_cap
APA,APA Corporation Common Stock,outside_positive_below_2b_market_cap
APAC,StoneBridge Acquisition II Corporation Class A Ordinary Shares,outside_positive_below_2b_market_cap
APACU,StoneBridge Acquisition II Corporation Units,outside_positive_below_2b_market_cap
APAM,Artisan Partners Asset Management Inc. Class A Common Stock,outside_positive_below_2b_market_cap
APD,Air Products and Chemicals Inc. Common Stock,outside_positive_below_2b_market_cap
APG,APi Group Corporation Common Stock,outside_positive_below_2b_market_cap
APH,Amphenol Corporation Common Stock,outside_positive_below_2b_market_cap
APLD,Applied Digital Corporation Common Stock,outside_positive_below_2b_market_cap
APLE,Apple Hospitality REIT Inc. Common Shares,outside_positive_below_2b_market_cap
APLMW,Apollomics Inc. Warrant,non_common_instrument
APMC,AmperCap Acquisition Company Ordinary Shares,outside_positive_below_2b_market_cap
APMCR,AmperCap Acquisition Company Right,outside_positive_below_2b_market_cap
APMCU,AmperCap Acquisition Company Unit,outside_positive_below_2b_market_cap
APO,Apollo Global Management Inc. (New) Common Stock,outside_positive_below_2b_market_cap
APOS,Apollo Global Management Inc. 7.625% Fixed-Rate Resettable Junior Subordinated Notes due 2053,outside_positive_below_2b_market_cap
APP,Applovin Corporation Class A Common Stock,outside_positive_below_2b_market_cap
APPF,AppFolio Inc. Class A Common Stock,outside_positive_below_2b_market_cap
APPN,Appian Corporation Class A Common Stock,outside_positive_below_2b_market_cap
APTV,Aptiv PLC Ordinary Shares,outside_positive_below_2b_market_cap
APUR,Aperture AC Class A Ordinary Shares,outside_positive_below_2b_market_cap
APXT,Apex Treasury Corporation Class A Ordinary Share,outside_positive_below_2b_market_cap
APXTU,Apex Treasury Corporation Units,outside_positive_below_2b_market_cap
APXTW,Apex Treasury Corporation Warrants,outside_positive_below_2b_market_cap
AQN,Algonquin Power & Utilities Corp. Common Shares,outside_positive_below_2b_market_cap
AQNB,Algonquin Power & Utilities Corp. 6.20% Fixed-to-Floating Subordinated Notes Series 2019-A due July 1 2079,outside_positive_below_2b_market_cap
AR,Antero Resources Corporation Common Stock,outside_positive_below_2b_market_cap
ARBEW,Arbe Robotics Ltd. Warrant,non_common_instrument
ARCB,ArcBest Corporation Common Stock,outside_positive_below_2b_market_cap
ARCC,Ares Capital Corporation Common Stock,outside_positive_below_2b_market_cap
ARCI,Archimedes Tech SPAC Partners III Co. Ordinary Share,outside_positive_below_2b_market_cap
ARCL,ARC Group Acquisition I Corp Class A Ordinary Shares,outside_positive_below_2b_market_cap
ARCLU,ARC Group Acquisition I Corp Unit,outside_positive_below_2b_market_cap
ARCLW,ARC Group Acquisition I Corp Warrants,outside_positive_below_2b_market_cap
ARDC,Ares Dynamic Credit Allocation Fund Inc. Common Shares,fund_or_income_trust
ARE,Alexandria Real Estate Equities Inc. Common Stock,outside_positive_below_2b_market_cap
ARES,Ares Management Corporation Class A Common Stock,outside_positive_below_2b_market_cap
ARES^B,Ares Management Corporation 6.75% Series B Mandatory Convertible Preferred Stock,missing_or_invalid_market_cap
ARGX,argenx SE American Depositary Shares,outside_positive_below_2b_market_cap
ARI,Apollo Commercial Real Estate Finance Inc,unclassified_security_type
ARIS,Aris Mining Corporation Common Shares,outside_positive_below_2b_market_cap
ARLP,Alliance Resource Partners L.P. Common Units representing Limited Partners Interests,outside_positive_below_2b_market_cap
ARM,Arm Holdings plc American Depositary Shares,outside_positive_below_2b_market_cap
ARMK,Aramark Common Stock,outside_positive_below_2b_market_cap
AROC,Archrock Inc. Common Stock,outside_positive_below_2b_market_cap
ARQT,Arcutis Biotherapeutics Inc. Common Stock,outside_positive_below_2b_market_cap
ARR,ARMOUR Residential REIT Inc.,outside_positive_below_2b_market_cap
ARR^C,ARMOUR Residential REIT Inc. 7% Series C Cumulative Redeemable Preferred Stock (liquidation preference $25.00 per share),missing_or_invalid_market_cap
ARTC,Art Technology Acquisition Corp. Class A Ordinary Shares,outside_positive_below_2b_market_cap
ARW,Arrow Electronics Inc. Common Stock,outside_positive_below_2b_market_cap
ARWR,Arrowhead Pharmaceuticals Inc. Common Stock,outside_positive_below_2b_market_cap
ARX,Accelerant Holdings Class A Common Shares,outside_positive_below_2b_market_cap
ARXS,Arxis Inc. Class A Common Stock,outside_positive_below_2b_market_cap
AS,Amer Sports Inc. Ordinary Shares,outside_positive_below_2b_market_cap
ASA,ASA  Gold and Precious Metals Limited,unclassified_security_type
ASB,Associated Banc-Corp Common Stock,outside_positive_below_2b_market_cap
ASB^E,Associated Banc-Corp Depositary Shares each representing a 1/40th interest in a share of 5.875% Non-Cumulative Perpetual Preferred Stock Series E,missing_or_invalid_market_cap
ASB^F,Associated Banc-Corp Depositary Shares each representing a 1/40th interest in a share of Associated Banc-Corp 5.625% Non-Cumulative Perpetual Preferred Stock Series F,missing_or_invalid_market_cap
ASBA,Associated Banc-Corp 6.625% Fixed-Rate Reset Subordinated Notes due 2033,outside_positive_below_2b_market_cap
ASBPW,Aspire-Lakewood Holdings Inc. Warrant,non_common_instrument
ASG,Liberty All-Star Growth Fund Inc.,outside_positive_below_2b_market_cap
ASGI,abrdn Global Infrastructure Income Fund Common Shares of Beneficial Interest,outside_positive_below_2b_market_cap
ASH,Ashland Inc. Common Stock,outside_positive_below_2b_market_cap
ASML,ASML Holding N.V. New York Registry Shares,outside_positive_below_2b_market_cap
ASND,Ascendis Pharma A/S Ordinary Share,outside_positive_below_2b_market_cap
ASO,Academy Sports and Outdoors Inc. Common Stock,outside_positive_below_2b_market_cap
ASPC,A SPAC III Acquisition Corp. Class A Ordinary Shares,outside_positive_below_2b_market_cap
ASPCR,A SPAC III Acquisition Corp. Right,outside_positive_below_2b_market_cap
ASPSW,Altisource Portfolio Solutions S.A. Net Settle Stakeholder Warrants,non_common_instrument
ASPSZ,Altisource Portfolio Solutions S.A. Cash Exercise Stakeholder Warrants,non_common_instrument
ASR,Grupo Aeroportuario del Sureste S.A. de C.V. Common Stock,outside_positive_below_2b_market_cap
ASST,Strive Inc. Class A Common Stock,outside_positive_below_2b_market_cap
ASTLW,Algoma Steel Group Inc. Warrant,non_common_instrument
ASTS,AST SpaceMobile Inc. Class A Common Stock,outside_positive_below_2b_market_cap
ASX,ASE Technology Holding Co. Ltd. American Depositary Shares (each representing Two Common Shares) ,outside_positive_below_2b_market_cap
ATAT,Atour Lifestyle Holdings Limited American Depositary Shares,outside_positive_below_2b_market_cap
ATEN,A10 Networks Inc. Common Stock,outside_positive_below_2b_market_cap
ATH^A,Athene Holding Ltd. Depositary Shares Each Representing a 1/1000th Interest in a 6.35% Fixed-to-Floating Rate Perpetual Non-Cumulative Preference Share Series A,missing_or_invalid_market_cap
ATH^B,Athene Holding Ltd. Depositary Shares Each Representing a 1/1000th Interest in a 5.625% Fixed Rate Perpetual Non- Cumulative Preference Share Series B par value $1.00 per share,missing_or_invalid_market_cap
ATH^D,Athene Holding Ltd. Depositary Shares Each Representing a 1/1000th Interest in a 4.875% Fixed-Rate Perpetual Non-Cumulative Preference Share Series D,missing_or_invalid_market_cap
ATH^E,Athene Holding Ltd. Depositary Shares Each Representing a 1/1000th Interest in a 7.750% Fixed-Rate Reset Perpetual Non-Cumulative Preference Share Series E,missing_or_invalid_market_cap
ATHM,Autohome Inc. American Depositary Shares each representing four class A ordinary shares.,outside_positive_below_2b_market_cap
ATHS,Athene Holding Ltd. 7.250% Fixed-Rate Reset Junior Subordinated Debentures due 2064,outside_positive_below_2b_market_cap
ATI,ATI Inc. Common Stock,outside_positive_below_2b_market_cap
ATII,Archimedes Tech SPAC Partners II Co. Ordinary Shares,outside_positive_below_2b_market_cap
ATIIW,Archimedes Tech SPAC Partners II Co. Warrant,outside_positive_below_2b_market_cap
ATKR,Atkore Inc. Common Stock,outside_positive_below_2b_market_cap
ATLCL,Atlanticus Holdings Corporation 6.125% Senior Notes due 2026,non_common_instrument
ATLCP,Atlanticus Holdings Corporation 7.625% Series B Cumulative Perpetual Preferred Stock no par value per share,non_common_instrument
ATLCZ,Atlanticus Holdings Corporation 9.25% Senior Notes due 2029,non_common_instrument
ATLQ,JAB Acquisition Corp I Class A Ordinary Shares,outside_positive_below_2b_market_cap
ATLQU,JAB Acquisition Corp I Unit,outside_positive_below_2b_market_cap
ATLQW,JAB Acquisition Corp I Warrants,outside_positive_below_2b_market_cap
ATMU,Atmus Filtration Technologies Inc. Common Stock,outside_positive_below_2b_market_cap
ATO,Atmos Energy Corporation Common Stock,outside_positive_below_2b_market_cap
ATR,AptarGroup Inc. Common Stock,outside_positive_below_2b_market_cap
ATRC,AtriCure Inc. Common Stock,outside_positive_below_2b_market_cap
ATRO,Astronics Corporation Common Stock,outside_positive_below_2b_market_cap
AU,AngloGold Ashanti PLC Ordinary Shares,outside_positive_below_2b_market_cap
AUB,Atlantic Union Bankshares Corporation Common Stock,outside_positive_below_2b_market_cap
AUB^A,Atlantic Union Bankshares Corporation Depositary Shares each representing a 1/400th ownership interest in a share of 6.875% Perpetual Non-Cumulative Preferred Stock Series A,missing_or_invalid_market_cap
AUGO,Aura Minerals Inc. Common Shares,outside_positive_below_2b_market_cap
AUPH,Aurinia Pharmaceuticals Inc Ordinary Shares,outside_positive_below_2b_market_cap
AUR,Aurora Innovation Inc. Class A Common Stock,outside_positive_below_2b_market_cap
AUROW,Aurora Innovation Inc. Warrant,non_common_instrument
AVA,Avista Corporation Common Stock,outside_positive_below_2b_market_cap
AVAH,Aveanna Healthcare Holdings Inc. Common Stock,outside_positive_below_2b_market_cap
AVAL,Grupo Aval Acciones y Valores S.A. ADR (Each representing 20 preferred shares),outside_positive_below_2b_market_cap
AVAV,AeroVironment Inc. Common Stock,outside_positive_below_2b_market_cap
AVGO,Broadcom Inc. Common Stock,outside_positive_below_2b_market_cap
AVK,Advent Convertible and Income Fund,outside_positive_below_2b_market_cap
AVNT,Avient Corporation Common Stock,outside_positive_below_2b_market_cap
AVPT,AvePoint Inc. Class A Common Stock,outside_positive_below_2b_market_cap
AVT,Avnet Inc. Common Stock,outside_positive_below_2b_market_cap
AVTR,Avantor Inc. Common Stock,outside_positive_below_2b_market_cap
AVY,Avery Dennison Corporation Common Stock,outside_positive_below_2b_market_cap
AWF,Alliancebernstein Global High Income Fund,outside_positive_below_2b_market_cap
AWI,Armstrong World Industries Inc Common Stock,outside_positive_below_2b_market_cap
AWK,American Water Works Company Inc. Common Stock,outside_positive_below_2b_market_cap
AWP,abrdn Global Premier Properties Fund Common Shares of Beneficial Interest,outside_positive_below_2b_market_cap
AWR,American States Water Company Common Stock,outside_positive_below_2b_market_cap
AX,Axos Financial Inc. Common Stock,outside_positive_below_2b_market_cap
AXGN,Axogen Inc. Common Stock,outside_positive_below_2b_market_cap
AXIN,Axiom Intelligence Acquisition Corp 1 Class A Ordinary Shares,outside_positive_below_2b_market_cap
AXINR,Axiom Intelligence Acquisition Corp 1 Right,outside_positive_below_2b_market_cap
AXINU,Axiom Intelligence Acquisition Corp 1 Units,outside_positive_below_2b_market_cap
AXON,Axon Enterprise Inc. Common Stock,outside_positive_below_2b_market_cap
AXP,American Express Company Common Stock,outside_positive_below_2b_market_cap
AXS,Axis Capital Holdings Limited Common Stock,outside_positive_below_2b_market_cap
AXS^E,Axis Capital Holdings Limited Depositary Shares each representing 1/100th interest in a share of a 5.50% Series E Preferred Shares,missing_or_invalid_market_cap
AXSM,Axsome Therapeutics Inc. Common Stock,outside_positive_below_2b_market_cap
AXTA,Axalta Coating Systems Ltd. Common Shares,outside_positive_below_2b_market_cap
AXTI,AXT Inc Common Stock,outside_positive_below_2b_market_cap
AYA,Aya Gold & Silver Inc. Common Shares,outside_positive_below_2b_market_cap
AYI,Acuity Inc. Common Stock,outside_positive_below_2b_market_cap
AZN,AstraZeneca PLC Ordinary Shares,outside_positive_below_2b_market_cap
AZO,AutoZone Inc. Common Stock,outside_positive_below_2b_market_cap
AZZ,AZZ Inc.,outside_positive_below_2b_market_cap
B,Barrick Mining Corporation Common Shares,outside_positive_below_2b_market_cap
BA,Boeing Company (The) Common Stock,outside_positive_below_2b_market_cap
BA^A,Boeing Company (The) Depositary Shares each representing a 1/20th interest in a share of 6.00% Series A Mandatory Convertible Preferred Stock par value $1.00,missing_or_invalid_market_cap
BABA,Alibaba Group Holding Limited American Depositary Shares each representing eight Ordinary share,outside_positive_below_2b_market_cap
BAC,Bank of America Corporation Common Stock,outside_positive_below_2b_market_cap
BAC^B,Bank of America Corporation Depositary Shares each representing a 1/1000th interest in a share of 6.000% Non-Cumulative Preferred Stock Series GG,missing_or_invalid_market_cap
BAC^E,Bank of America Corporation Depositary Sh repstg 1/1000th Perp Pfd Ser E,missing_or_invalid_market_cap
BAC^K,Bank of America Corporation Depositary Shares each representing a 1/1000th interest in a share of 5.875% Non- Cumulative Preferred Stock Series HH,missing_or_invalid_market_cap
BAC^L,Bank of America Corporation Non Cumulative Perpetual Conv Pfd Ser L,missing_or_invalid_market_cap
BAC^M,Bank of America Corporation Depositary Shares each representing a 1/1000th interest in a share of 5.375% Non-Cumulative Preferred Stock Series KK,missing_or_invalid_market_cap
BAC^N,Bank of America Corporation Depositary shares each representing 1/1000th interest in a share of 5.000% Non-Cumulative Preferred Stock Series LL,missing_or_invalid_market_cap
BAC^O,Bank of America Corporation Depositary shares each representing 1/1000th interest in a share of 4.375% Non-Cumulative Preferred Stock Series NN,missing_or_invalid_market_cap
BAC^P,Bank of America Corporation Depositary Shares each representing a 1/1000th interest in a share of 4.125% Non-Cumulative Preferred Stock Series PP,missing_or_invalid_market_cap
BAC^Q,Bank of America Corporation Depositary shares each representing 1/1000th interest in a share of 4.250% Non-Cumulative Preferred Stock Series QQ,missing_or_invalid_market_cap
BAC^S,Bank of America Corporation Depositary shares each representing 1/1000th interest in a share of 4.750% Non-Cumulative Preferred Stock Series SS,missing_or_invalid_market_cap
BACC,Blue Acquisition Corp. Class A Ordinary Shares,outside_positive_below_2b_market_cap
BAERW,Bridger Aerospace Group Holdings Inc. Warrant,non_common_instrument
BAH,Booz Allen Hamilton Holding Corporation Common Stock,outside_positive_below_2b_market_cap
BALL,Ball Corporation Common Stock,outside_positive_below_2b_market_cap
BAM,Brookfield Asset Management Inc Class A Limited Voting Shares,outside_positive_below_2b_market_cap
BANC,Banc of California Inc. Common Stock,outside_positive_below_2b_market_cap
BANC^F,Banc of California Inc. Depositary Shares each representing a 1/40th interest in a share of 7.75% non-cumulative perpetual preferred stock Series F,missing_or_invalid_market_cap
BAND,Bandwidth Inc. Class A Common Stock,outside_positive_below_2b_market_cap
BANF,BancFirst Corporation Common Stock,outside_positive_below_2b_market_cap
BANFP,BancFirst Corporation - BFC Capital Trust II Cumulative Trust Preferred Securities,non_common_instrument
BANR,Banner Corporation Common Stock,outside_positive_below_2b_market_cap
BANX,ArrowMark Financial Corp. Common Stock,fund_or_income_trust
BAP,Credicorp Ltd. Common Stock,outside_positive_below_2b_market_cap
BATRA,Atlanta Braves Holdings Inc. Series A Common Stock,outside_positive_below_2b_market_cap
BATRK,Atlanta Braves Holdings Inc. Series C Common Stock,outside_positive_below_2b_market_cap
BAX,Baxter International Inc. Common Stock,outside_positive_below_2b_market_cap
BB,BlackBerry Limited Common Stock,outside_positive_below_2b_market_cap
BBAR,Banco BBVA Argentina S.A. ADS,outside_positive_below_2b_market_cap
BBBYW,Neighborhood Intelligence Inc. Warrants,non_common_instrument
BBD,Banco Bradesco Sa American Depositary Shares,outside_positive_below_2b_market_cap
BBDO,Banco Bradesco Sa American Depositary Shares (each representing one Common Share),outside_positive_below_2b_market_cap
BBIO,BridgeBio Pharma Inc. Common Stock,outside_positive_below_2b_market_cap
BBLGW,Bone Biologics Corp Warrants,non_common_instrument
BBN,BlackRock Taxable Municipal Bond Trust Common Shares of Beneficial Interest,outside_positive_below_2b_market_cap
BBT,Beacon Financial Corporation Common stock,outside_positive_below_2b_market_cap
BBUC,Brookfield Business Corporation Class A Subordinate Voting Shares,outside_positive_below_2b_market_cap
BBVA,Banco Bilbao Vizcaya Argentaria S.A. Common Stock,outside_positive_below_2b_market_cap
BBWI,Bath & Body Works Inc.,outside_positive_below_2b_market_cap
BBY,Best Buy Co. Inc. Common Stock,outside_positive_below_2b_market_cap
BC,Brunswick Corporation Common Stock,outside_positive_below_2b_market_cap
BC^C,Brunswick Corporation 6.375% Notes due 2049,missing_or_invalid_market_cap
BCAT,BlackRock Capital Allocation Term Trust Common Shares of Beneficial Interest,ambiguous_or_pooled_beneficial_interest
BCC,Boise Cascade L.L.C. Common Stock,outside_positive_below_2b_market_cap
BCCQ,Bleichroeder Acquisition Corp. III Class A Ordinary Shares,outside_positive_below_2b_market_cap
BCCQU,Bleichroeder Acquisition Corp. III Units,outside_positive_below_2b_market_cap
BCCQW,Bleichroeder Acquisition Corp. III Warrant,outside_positive_below_2b_market_cap
BCE,BCE Inc. Common Stock,outside_positive_below_2b_market_cap
BCH,Banco De Chile ADS,outside_positive_below_2b_market_cap
BCIC,BCP Investment Corporation Common Stock,fund_or_income_trust
BCO,Brinks Company (The) Common Stock,outside_positive_below_2b_market_cap
BCPC,Balchem Corporation Common Stock,outside_positive_below_2b_market_cap
BCRX,BioCryst Pharmaceuticals Inc. Common Stock,outside_positive_below_2b_market_cap
BCS,Barclays PLC Common Stock,outside_positive_below_2b_market_cap
BCSS,Bain Capital GSS Investment Corp. Class A Ordinary Shares,outside_positive_below_2b_market_cap
BCTXL,BriaCell Therapeutics Corp. Warrant expiring 2031,non_common_instrument
BCTXZ,BriaCell Therapeutics Corp. Warrant expiring 2030,non_common_instrument
BCV,Bancroft Fund Ltd.,outside_positive_below_2b_market_cap
BCV^A,Bancroft Fund Limited 5.375% Series A Cumulative Preferred Shares,missing_or_invalid_market_cap
BCX,BlackRock Resources Common Shares of Beneficial Interest,ambiguous_or_pooled_beneficial_interest
BDC,Belden Inc Common Stock,outside_positive_below_2b_market_cap
BDCI,BTC Development Corp. Class A Ordinary Shares,outside_positive_below_2b_market_cap
BDJ,Blackrock Enhanced Equity Dividend Trust,fund_or_income_trust
BDX,Becton Dickinson and Company Common Stock,outside_positive_below_2b_market_cap
BE,Bloom Energy Corporation Class A Common Stock,outside_positive_below_2b_market_cap
BEAG,Bold Eagle Acquisition Corp. Class A Ordinary Shares,outside_positive_below_2b_market_cap
BEAGR,Bold Eagle Acquisition Corp. Right,outside_positive_below_2b_market_cap
BEAM,Beam Therapeutics Inc. Common Stock,outside_positive_below_2b_market_cap
BEATW,Heartbeam Inc. Warrant,non_common_instrument
BEKE,KE Holdings Inc American Depositary Shares (each representing three Class A Ordinary Shares),outside_positive_below_2b_market_cap
BELFA,Bel Fuse Inc. Class A Common Stock,outside_positive_below_2b_market_cap
BELFB,Bel Fuse Inc. Class B Common Stock,outside_positive_below_2b_market_cap
BEN,Franklin Templeton Inc. Common Stock,outside_positive_below_2b_market_cap
BENFW,Beneficient Warrant,non_common_instrument
BEP,Brookfield Renewable Partners L.P. Limited Partnership Units,outside_positive_below_2b_market_cap
BEP^A,Brookfield Renewable Partners L.P. 5.25% Class A Preferred Limited Partnership Units Series 17,missing_or_invalid_market_cap
BEPC,Brookfield Renewable Corporation Brookfield Renewable Corporation Class A Subordinate Voting Shares,outside_positive_below_2b_market_cap
BEPH,Brookfield BRP Holdings (Canada) Inc. 4.625% Perpetual Subordinated Notes,outside_positive_below_2b_market_cap
BEPI,Brookfield BRP Holdings (Canada) Inc. 4.875% Perpetual Subordinated Notes,outside_positive_below_2b_market_cap
BEPJ,Brookfield BRP Holdings (Canada) Inc. 7.250% Perpetual Subordinated Notes,outside_positive_below_2b_market_cap
BETA,Beta Technologies Inc. Class A Common Stock,outside_positive_below_2b_market_cap
BETRW,Better Home & Finance Holding Company Warrant,non_common_instrument
BF/A,Brown Forman Corporation,missing_or_invalid_market_cap
BF/B,Brown Forman Corporation,missing_or_invalid_market_cap
BFAM,Bright Horizons Family Solutions Inc. Common Stock,outside_positive_below_2b_market_cap
BFH,Bread Financial Holdings Inc. Common Stock,outside_positive_below_2b_market_cap
BFH^A,Bread Financial Holdings Inc. Depositary Shares each representing a 1/40th interest in a share of 8.625% Non-Cumulative Perpetual Preferred Stock Series A,missing_or_invalid_market_cap
BFH^B,Bread Financial Holdings Inc. Depositary Shares each representing a 1/40th interest in a share of 8.875% Fixed Rate Reset Non-Cumulative Perpetual Preferred Stock Series B,missing_or_invalid_market_cap
BFLY,Butterfly Network Inc. Class A Common Stock,outside_positive_below_2b_market_cap
BFRGW,Bullfrog AI Holdings Inc. Warrants,non_common_instrument
BFRIW,Biofrontera Inc. Warrants,non_common_instrument
BFS^D,Saul Centers Inc. Depositary Shares each representing 1/100th of a share of 6.125% Series D Cumulative Redeemable Preferred Stock,missing_or_invalid_market_cap
BFS^E,Saul Centers Inc. Depositary shares each representing a 1/100th fractional interest in a share of 6.000% Series E Cumulative Redeemable Preferred Stock,missing_or_invalid_market_cap
BG,Bunge Limited Common Shares,outside_positive_below_2b_market_cap
BGB,Blackstone Strategic Credit 2027 Term Fund Common Shares of Beneficial Interest,outside_positive_below_2b_market_cap
BGC,BGC Group Inc. Class A Common Stock,outside_positive_below_2b_market_cap
BGH,Barings Global Short Duration High Yield Fund Common Shares of Beneficial Interests,outside_positive_below_2b_market_cap
BGLWW,Blue Gold Limited Warrant,non_common_instrument
BGR,BlackRock Energy and Resources Trust,outside_positive_below_2b_market_cap
BGSI,Boyd Group Services Inc. Common Shares,outside_positive_below_2b_market_cap
BGT,BlackRock Floating Rate Income Trust,outside_positive_below_2b_market_cap
BGX,Blackstone Long Short Credit Income Fund Common Shares,outside_positive_below_2b_market_cap
BGY,Blackrock Enhanced International Dividend Trust,outside_positive_below_2b_market_cap
BHAV,BHAV Acquisition Corp Class A Ordinary Shares,outside_positive_below_2b_market_cap
BHAVR,BHAV Acquisition Corp Rights,outside_positive_below_2b_market_cap
BHC,Bausch Health Companies Inc. Common Stock,outside_positive_below_2b_market_cap
BHE,Benchmark Electronics Inc. Common Stock,outside_positive_below_2b_market_cap
BHF,Brighthouse Financial Inc. Common Stock,outside_positive_below_2b_market_cap
BHFAL,Brighthouse Financial Inc. 6.25% Junior Subordinated Debentures due 2058,non_common_instrument
BHFAM,Brighthouse Financial Inc. Depositary shares each representing a 1/1000th Interest in a Share of 4.625% Non-Cumulative Preferred Stock Series D,non_common_instrument
BHFAN,Brighthouse Financial Inc. Depositary shares each representing a 1/1000th interest in a share of 5.375% Non-Cumulative Preferred Stock Series C,non_common_instrument
BHFAO,Brighthouse Financial Inc. Depositary Shares 6.75% Non-Cumulative Preferred Stock Series B,non_common_instrument
BHFAP,Brighthouse Financial Inc. Depositary Shares 6.6% Non-Cumulative Preferred Stock Series A,non_common_instrument
BHK,Blackrock Core Bond Trust,outside_positive_below_2b_market_cap
BHP,BHP Group Limited American Depositary Shares (Each representing two Ordinary Shares),outside_positive_below_2b_market_cap
BHR^B,Braemar Hotels & Resorts Inc. 5.50% Series B Cumulative Convertible Preferred Stock par value $0.01 per share,missing_or_invalid_market_cap
BHR^D,Braemar Hotels & Resorts Inc. 8.25% Series D Cumulative Preferred Stock  par value $0.01 per share,missing_or_invalid_market_cap
BHV,BlackRock Virginia Municipal Bond Trust,outside_positive_below_2b_market_cap
BIAFW,bioAffinity Technologies Inc. Warrant,non_common_instrument
BID,Tribeca Strategic Acquisition Corp. Class A Ordinary Shares,outside_positive_below_2b_market_cap
BIDU,Baidu Inc. ADS,outside_positive_below_2b_market_cap
BIIB,Biogen Inc. Common Stock,outside_positive_below_2b_market_cap
BIII,Black Spade Acquisition III Co Class A Ordinary Shares,outside_positive_below_2b_market_cap
BILI,Bilibili Inc. American Depositary Shares,outside_positive_below_2b_market_cap
BILL,BILL Holdings Inc. Common Stock,outside_positive_below_2b_market_cap
BIO,Bio-Rad Laboratories Inc. Class A Common Stock,outside_positive_below_2b_market_cap
BIO/B,Bio-Rad Laboratories Inc.,missing_or_invalid_market_cap
BIOTW,Instinct Bio Technical Company Holdings Inc. Warrants,non_common_instrument
BIP,Brookfield Infrastructure Partners LP Limited Partnership Units,outside_positive_below_2b_market_cap
BIP^A,Brookfield Infrastructure Partners LP 5.125% Class A Preferred Limited Partnership Units Series 13,missing_or_invalid_market_cap
BIP^B,Brookfield Infrastructure Partners LP 5.000% Class A Preferred Limited Partnership Units Series 14,missing_or_invalid_market_cap
BIPC,Brookfield Infrastructure Corporation Brookfield Infrastructure Corporation,outside_positive_below_2b_market_cap
BIPH,Brookfield Infrastructure Corporation 5.000% Subordinated Notes due 2081,outside_positive_below_2b_market_cap
BIPI,BIP Bermuda Holdings I Limited 5.125% Perpetual Subordinated Notes,non_common_instrument
BIPJ,Brookfield Infrastructure Corporation 7.250% Subordinated Notes due 2084,outside_positive_below_2b_market_cap
BIRK,Birkenstock Holding plc Ordinary Shares,outside_positive_below_2b_market_cap
BIT,BlackRock Multi-Sector Income Trust Common Shares of Beneficial Interest,outside_positive_below_2b_market_cap
BIVIW,BioVie Inc. Warrant,non_common_instrument
BIXI,Bitcoin Infrastructure Acquisition Corp Ltd. Class A Ordinary Shares,outside_positive_below_2b_market_cap
BIXIU,Bitcoin Infrastructure Acquisition Corp Ltd. Unit ,outside_positive_below_2b_market_cap
BIXIW,Bitcoin Infrastructure Acquisition Corp Ltd. Warrant,outside_positive_below_2b_market_cap
BJ,BJ's Wholesale Club Holdings Inc. Common Stock,outside_positive_below_2b_market_cap
BKD,Brookdale Senior Living Inc. Common Stock,outside_positive_below_2b_market_cap
BKE,Buckle Inc. (The) Common Stock,outside_positive_below_2b_market_cap
BKH,Black Hills Corporation Common Stock,outside_positive_below_2b_market_cap
BKHA,Black Hawk Acquisition Corporation Class A Ordinary Shares,outside_positive_below_2b_market_cap
BKHAR,Black Hawk Acquisition Corporation Rights,outside_positive_below_2b_market_cap
BKHAU,Black Hawk Acquisition Corporation Units,outside_positive_below_2b_market_cap
BKNG,Booking Holdings Inc. Common Stock,outside_positive_below_2b_market_cap
BKR,Baker Hughes Company Class A Common Stock,outside_positive_below_2b_market_cap
BKT,BlackRock Income Trust Inc. (The),fund_or_income_trust
BKU,BankUnited Inc. Common Stock,outside_positive_below_2b_market_cap
BKV,BKV Corporation Common Stock,outside_positive_below_2b_market_cap
BLCO,Bausch + Lomb Corporation Common Shares,outside_positive_below_2b_market_cap
BLDR,Builders FirstSource Inc. Common Stock,outside_positive_below_2b_market_cap
BLK,BlackRock Inc. Common Stock,outside_positive_below_2b_market_cap
BLLN,BillionToOne Inc. Class A Common Stock,outside_positive_below_2b_market_cap
BLRK,Bluerock Acquisition Corp. Class A Ordinary Shares,outside_positive_below_2b_market_cap
BLRKU,Bluerock Acquisition Corp. Unit,outside_positive_below_2b_market_cap
BLRKW,Bluerock Acquisition Corp. Warrants,outside_positive_below_2b_market_cap
BLSH,Bullish Ordinary Shares,outside_positive_below_2b_market_cap
BLTE,Belite Bio Inc American Depositary Shares,outside_positive_below_2b_market_cap
BLUWU,Blue Water Acquisition Corp. III Unit.,outside_positive_below_2b_market_cap
BLUWW,Blue Water Acquisition Corp. III Warrant.,non_common_instrument
BLW,Blackrock Limited Duration Income Trust,fund_or_income_trust
BLX,Bladex Inc. Class E Common Stock,outside_positive_below_2b_market_cap
BLZR,Trailblazer Acquisition Corp. Class A Ordinary Shares,outside_positive_below_2b_market_cap
BLZRU,Trailblazer Acquisition Corp. Unit,outside_positive_below_2b_market_cap
BLZRW,Trailblazer Acquisition Corp. Warrant,outside_positive_below_2b_market_cap
BMA,Banco Macro S.A.  ADR (representing Ten Class B Common Shares),outside_positive_below_2b_market_cap
BME,Blackrock Health Sciences Trust,fund_or_income_trust
BMEZ,BlackRock Health Sciences Term Trust Common Shares of Beneficial Interest,ambiguous_or_pooled_beneficial_interest
BMI,Badger Meter Inc. Common Stock,outside_positive_below_2b_market_cap
BML^G,Bank of America Corporation Depositary Shares (Each representing a 1/1200th interest in a share of Floating Rate Non-Cumulative Preferred Stock  Series 1),missing_or_invalid_market_cap
BML^H,Bank of America Corporation Depositary Shares (Each representing a 1/1200th interest in a Share of Floating Rate Non-Cumulative Preferred Stock Series 2),missing_or_invalid_market_cap
BML^J,Bank of America Corporation Depositary Shares (Each representing a 1/1200th interest in a Share of Floating Rate Non-Cumulative Preferred Stock Series 4),missing_or_invalid_market_cap
BML^L,Bank of America Corporation Depositary Shares (Each representing a 1/1200th Interest in a Share of Floating Rate Non-Cumulative Preferred Stock Series 5),missing_or_invalid_market_cap
BMN,BlackRock 2037 Municipal Target Term Trust Common Shares of Beneficial Interest,outside_positive_below_2b_market_cap
BMNP,BitMine Immersion Technologies Inc. 9.5% Series A Perpetual Preferred Stock,outside_positive_below_2b_market_cap
BMNR,BitMine Immersion Technologies Inc. Common Stock,outside_positive_below_2b_market_cap
BMO,Bank Of Montreal Common Stock,outside_positive_below_2b_market_cap
BMRN,BioMarin Pharmaceutical Inc. Common Stock,outside_positive_below_2b_market_cap
BMY,Bristol-Myers Squibb Company Common Stock,outside_positive_below_2b_market_cap
BN,Brookfield Corporation Class A Limited Voting Shares,outside_positive_below_2b_market_cap
BNCWW,BNB Standard Corporation Warrant,non_common_instrument
BNCWZ,BNB Standard Corporation Warrant,non_common_instrument
BNH,Brookfield Finance Inc. 4.625% Subordinated Notes due October 16 2080,outside_positive_below_2b_market_cap
BNJ,Brookfield Finance Inc. 4.50% Perpetual Subordinated Notes,outside_positive_below_2b_market_cap
BNL,Broadstone Net Lease Inc. Common Stock,outside_positive_below_2b_market_cap
BNS,Bank Nova Scotia Halifax Pfd 3 Ordinary Shares,outside_positive_below_2b_market_cap
BNT,Brookfield Wealth Solutions Ltd. Class A Exchangeable Limited Voting Shares,outside_positive_below_2b_market_cap
BNTX,BioNTech SE American Depositary Share,outside_positive_below_2b_market_cap
BNY,The Bank of New York Mellon Corporation Common Stock,outside_positive_below_2b_market_cap
BNY^K,The Bank Of New York Mellon Corporation  Depositary Shares each representing a 1/4000th interest in a share of Series K Noncumulative Perpetual Preferred Stock,missing_or_invalid_market_cap
BOE,Blackrock Enhanced Global Dividend Trust Common Shares of Beneficial Interest,outside_positive_below_2b_market_cap
BOH,Bank of Hawaii Corporation Common Stock,outside_positive_below_2b_market_cap
BOH^A,Bank of Hawaii Corporation Depositary Shares Each Representing a 1/40th Interest in a Share of 4.375% Fixed Rate Non-Cumulative Perpetual Preferred Stock Series A,missing_or_invalid_market_cap
BOH^B,Bank of Hawaii Corporation Depositary Shares Each Representing a 1/40th Interest in a Share of 8.000% Fixed Rate Non-Cumulative Perpetual Preferred Stock Series B,missing_or_invalid_market_cap
BOKF,BOK Financial Corporation Common Stock,outside_positive_below_2b_market_cap
BOOT,Boot Barn Holdings Inc. Common Stock,outside_positive_below_2b_market_cap
BOT,RoboStrategy Inc. Common Stock,outside_positive_below_2b_market_cap
BOX,Box Inc. Class A Common Stock,outside_positive_below_2b_market_cap
BP,BP p.l.c. Common Stock,outside_positive_below_2b_market_cap
BPAC,Blueport Acquisition Ltd Class A Ordinary Shares,outside_positive_below_2b_market_cap
BPOP,Popular Inc. Common Stock,outside_positive_below_2b_market_cap
BPOPM,Popular Inc. Popular Capital Trust II - 6.125% Cumulative Monthly Income Trust Preferred Securities,non_common_instrument
BPRE,Bluerock Private Real Estate Fund Common Shares of Beneficial Interest,outside_positive_below_2b_market_cap
BPYPM,Brookfield Property Partners L.P. 6.25% Class A Cumulative Redeemable Preferred Units Series 1,outside_positive_below_2b_market_cap
BPYPN,Brookfield Property Partners L.P. 5.750% Class A Cumulative Redeemable Perpetual Preferred Units Series 3,outside_positive_below_2b_market_cap
BPYPO,Brookfield Property Partners L.P. 6.375% Class A Cumulative Redeemable Perpetual Preferred Units Series 2,outside_positive_below_2b_market_cap
BPYPP,Brookfield Property Partners L.P. 6.50% Class A Cumulative Redeemable Perpetual Preferred Units,outside_positive_below_2b_market_cap
BR,Broadridge Financial Solutions Inc. Common Stock,outside_positive_below_2b_market_cap
BRC,Brady Corporation Common Stock,outside_positive_below_2b_market_cap
BREZ,Breeze Acquisition Corp. II Ordinary Shares,outside_positive_below_2b_market_cap
BREZR,Breeze Acquisition Corp. II Right,outside_positive_below_2b_market_cap
BRK/A,Berkshire Hathaway Inc.,outside_positive_below_2b_market_cap
BRK/B,Berkshire Hathaway Inc.,outside_positive_below_2b_market_cap
BRKH,Burtech Acquisition Corp II Class A Ordinary Shares,outside_positive_below_2b_market_cap
BRKR,Bruker Corporation Common Stock,outside_positive_below_2b_market_cap
BRKRP,Bruker Corporation 6.375% Mandatory Convertible Preferred Stock Series A,outside_positive_below_2b_market_cap
BRO,Brown & Brown Inc. Common Stock,outside_positive_below_2b_market_cap
BROS,Dutch Bros Inc. Class A Common Stock,outside_positive_below_2b_market_cap
BRRKU,Bluerock Acquisition Corp. II Units,outside_positive_below_2b_market_cap
BRTM,B&R Technology Merger Corp. Class A Ordinary Shares,outside_positive_below_2b_market_cap
BRTMU,B&R Technology Merger Corp. Units,outside_positive_below_2b_market_cap
BRTMW,B&R Technology Merger Corp. Warrants,outside_positive_below_2b_market_cap
BRW,Saba Capital Income & Opportunities Fund SBI,outside_positive_below_2b_market_cap
BRX,Brixmor Property Group Inc. Common Stock,outside_positive_below_2b_market_cap
BRZE,Braze Inc. Class A Common Stock,outside_positive_below_2b_market_cap
BSAA,BEST SPAC I Acquisition Corp. Class A Ordinary Shares,missing_or_invalid_market_cap
BSAAR,BEST SPAC I Acquisition Corp. Rights,outside_positive_below_2b_market_cap
BSAAU,BEST SPAC I Acquisition Corp. Unit ,outside_positive_below_2b_market_cap
BSAC,Banco Santander - Chile ADS,outside_positive_below_2b_market_cap
BSBR,Banco Santander Brasil SA American Depositary Shares each representing one unit,outside_positive_below_2b_market_cap
BSL,Blackstone Senior Floating Rate 2027 Term Fund Common Shares of Beneficial Interest,outside_positive_below_2b_market_cap
BSM,Black Stone Minerals L.P. Common units representing limited partner interests,outside_positive_below_2b_market_cap
BSP,Bending Spoons S.p.A. Ordinary Shares,outside_positive_below_2b_market_cap
BST,BlackRock Science and Technology Trust Common Shares of Beneficial Interest,ambiguous_or_pooled_beneficial_interest
BSTZ,BlackRock Science and Technology Term Trust Common Shares of Beneficial Interest,ambiguous_or_pooled_beneficial_interest
BSX,Boston Scientific Corporation Common Stock,outside_positive_below_2b_market_cap
BSY,Bentley Systems Incorporated Class B Common Stock,outside_positive_below_2b_market_cap
BTBDW,BT Brands Inc. Warrant,non_common_instrument
BTDR,Bitdeer Technologies Group Class A Ordinary Shares,outside_positive_below_2b_market_cap
BTE,Baytex Energy Corp Common Shares,outside_positive_below_2b_market_cap
BTG,B2Gold Corp Common shares (Canada),outside_positive_below_2b_market_cap
BTI,British American Tobacco  Industries p.l.c. Common Stock ADR,outside_positive_below_2b_market_cap
BTO,John Hancock Financial Opportunities Fund Common Stock,outside_positive_below_2b_market_cap
BTSG,BrightSpring Health Services Inc. Common Stock,outside_positive_below_2b_market_cap
BTSGU,BrightSpring Health Services Inc. Tangible Equity Unit,outside_positive_below_2b_market_cap
BTT,BlackRock Municipal 2030 Target Term Trust,outside_positive_below_2b_market_cap
BTU,Peabody Energy Corporation Common Stock ,outside_positive_below_2b_market_cap
BTX,BlackRock Technology and Private Equity Term Trust Common Shares of Beneficial Interest,outside_positive_below_2b_market_cap
BTZ,BlackRock Credit Allocation Income Trust,fund_or_income_trust
BUD,Anheuser-Busch Inbev SA Sponsored ADR (Belgium),outside_positive_below_2b_market_cap
BUI,BlackRock Utility Infrastructure & Power Opportunities Trust,outside_positive_below_2b_market_cap
BULL,Webull Corporation Class A Ordinary Shares,outside_positive_below_2b_market_cap
BULLW,Webull Corporation Warrants,non_common_instrument
BURL,Burlington Stores Inc. Common Stock,outside_positive_below_2b_market_cap
BUSE,First Busey Corporation Class A Common Stock,outside_positive_below_2b_market_cap
BUSEP,First Busey Corporation Depositary Shares Each Representing a 1/40thInterest in a Share of 8.25% Fixed-Rate Series B Non-Cumulative Perpetual Preferred Stock $0.001 par value,outside_positive_below_2b_market_cap
BVN,Buenaventura Mining Company Inc.,outside_positive_below_2b_market_cap
BW^A,Babcock & Wilcox Enterprises Inc. 7.75% Series A Cumulative Perpetual Preferred Stock,missing_or_invalid_market_cap
BWA,BorgWarner Inc. Common Stock,outside_positive_below_2b_market_cap
BWBBP,Bridgewater Bancshares Inc. Depositary Shares Each Representing a 1/100th Interest in a Share of 5.875% Non-Cumulative Perpetual Preferred Stock Series A,non_common_instrument
BWG,BrandywineGLOBAL Global Income Opportunities Fund Inc.,outside_positive_below_2b_market_cap
BWIN,The Baldwin Insurance Group Inc. Class A Common Stock,outside_positive_below_2b_market_cap
BWIV,Blue Water Acquisition Corp. IV Class A Ordinary Shares,outside_positive_below_2b_market_cap
BWLP,BW LPG Limited Common Shares,outside_positive_below_2b_market_cap
BWXT,BWX Technologies Inc. Common Stock,outside_positive_below_2b_market_cap
BX,Blackstone Inc. Common Stock,outside_positive_below_2b_market_cap
BXP,BXP Inc. Common Stock,outside_positive_below_2b_market_cap
BXSL,Blackstone Secured Lending Fund Common Shares of Beneficial Interest,outside_positive_below_2b_market_cap
BYD,Boyd Gaming Corporation Common Stock,outside_positive_below_2b_market_cap
BZ,KANZHUN LIMITED American Depository Shares,outside_positive_below_2b_market_cap
BZAIW,Blaize Holdings Inc. Warrants,non_common_instrument
BZFDW,BuzzFeed Inc. Warrant,non_common_instrument
C,Citigroup Inc. Common Stock,outside_positive_below_2b_market_cap
C^N,Citigroup Capital XIII 7.875% Fixed rate Floating Rate trust Preferred Securities (TruPS),missing_or_invalid_market_cap
C^R,Citigroup Inc. Depositary Shares Each Representing a 1/1000th Interest in a Share of 6.250% Noncumulative Preferred Stock Series II,missing_or_invalid_market_cap
CAAP,Corporacion America Airports SA Common Shares,outside_positive_below_2b_market_cap
CACC,Credit Acceptance Corporation Common Stock,outside_positive_below_2b_market_cap
CACI,CACI International Inc. Class A Common Stock,outside_positive_below_2b_market_cap
CAE,CAE Inc. Common Shares,outside_positive_below_2b_market_cap
CAES,Cantor Equity Partners VII Inc. Class A Ordinary Shares,outside_positive_below_2b_market_cap
CAF,Morgan Stanley China A Share Fund Inc. Common Stock,outside_positive_below_2b_market_cap
CAG,ConAgra Brands Inc. Common Stock,outside_positive_below_2b_market_cap
CAH,Cardinal Health Inc. Common Stock,outside_positive_below_2b_market_cap
CAI,Caris Life Sciences Inc. Common Stock,outside_positive_below_2b_market_cap
CAII,Collective Acquisition Corp. II Class A Ordinary Shares,outside_positive_below_2b_market_cap
CAIIU,Collective Acquisition Corp. II Units,outside_positive_below_2b_market_cap
CAIIW,Collective Acquisition Corp. II Warrants,outside_positive_below_2b_market_cap
CAKE,Cheesecake Factory Incorporated (The) Common Stock,outside_positive_below_2b_market_cap
CALM,Cal-Maine Foods Inc. Common Stock,outside_positive_below_2b_market_cap
CALX,Calix Inc Common Stock,outside_positive_below_2b_market_cap
CALY,Callaway Golf Company Common Stock,outside_positive_below_2b_market_cap
CAMT,Camtek Ltd. Ordinary Shares,outside_positive_below_2b_market_cap
CAPN,Cayson Acquisition Corp Ordinary shares,outside_positive_below_2b_market_cap
CAPNU,Cayson Acquisition Corp Unit,outside_positive_below_2b_market_cap
CAQ,Cambridge Acquisition Corp. Class A Ordinary Shares,outside_positive_below_2b_market_cap
CAR,Avis Budget Group Inc. Common Stock,outside_positive_below_2b_market_cap
CARG,CarGurus Inc. Class A Common Stock ,outside_positive_below_2b_market_cap
CARR,Carrier Global Corporation Common Stock ,outside_positive_below_2b_market_cap
CART,Maplebear Inc. Common Stock,outside_positive_below_2b_market_cap
CASY,Casey's General Stores Inc. Common Stock,outside_positive_below_2b_market_cap
CAT,Caterpillar Inc. Common Stock,outside_positive_below_2b_market_cap
CATL, Catalyst Acquisition Corp. Class A Ordinary Share,outside_positive_below_2b_market_cap
CATLU,Catalyst Acquisition Corp. Units,outside_positive_below_2b_market_cap
CATY,Cathay General Bancorp Common Stock,outside_positive_below_2b_market_cap
CAVA,CAVA Group Inc. Common Stock,outside_positive_below_2b_market_cap
CB,Chubb Limited  Common Stock,outside_positive_below_2b_market_cap
CBC,Central Bancompany Inc. Class A Common Stock,outside_positive_below_2b_market_cap
CBOE,Cboe Global Markets Inc. Common Stock,outside_positive_below_2b_market_cap
CBRE,CBRE Group Inc Common Stock Class A,outside_positive_below_2b_market_cap
CBRS,Cerebras Systems Inc. Class A Common Stock,outside_positive_below_2b_market_cap
CBSH,Commerce Bancshares Inc. Common Stock,outside_positive_below_2b_market_cap
CBT,Cabot Corporation Common Stock,outside_positive_below_2b_market_cap
CBU,Community Financial System Inc. Common Stock,outside_positive_below_2b_market_cap
CBZ,CBIZ Inc. Common Stock,outside_positive_below_2b_market_cap
CC,Chemours Company (The) Common Stock,outside_positive_below_2b_market_cap
CCAQ,Collective Acquisition Corp. Class A Ordinary Shares,outside_positive_below_2b_market_cap
CCAQU,Collective Acquisition Corp. Units,outside_positive_below_2b_market_cap
CCC,CCC Intelligent Solutions Holdings Inc. Common Stock,outside_positive_below_2b_market_cap
CCCT,Columbus Circle Capital Corp III Class A Ordinary Shares,outside_positive_below_2b_market_cap
CCD,Calamos Dynamic Convertible & Income Fund Common Stock,outside_positive_below_2b_market_cap
CCEP,Coca-Cola Europacific Partners plc Ordinary Shares,outside_positive_below_2b_market_cap
CCI,Crown Castle Inc. Common Stock,outside_positive_below_2b_market_cap
CCID,Carlyle Credit Income Fund 7.375% Series D Term Preferred Shares due 2028,outside_positive_below_2b_market_cap
CCIF,Carlyle Credit Income Fund Shares of Beneficial Interest,outside_positive_below_2b_market_cap
CCII,Cohen Circle Acquisition Corp. II Class A Ordinary Shares,outside_positive_below_2b_market_cap
CCIIW,Cohen Circle Acquisition Corp. II Warrant,outside_positive_below_2b_market_cap
CCJ,Cameco Corporation Common Stock,outside_positive_below_2b_market_cap
CCK,Crown Holdings Inc.,outside_positive_below_2b_market_cap
CCL,Carnival Corporation Ltd. Common Shares,outside_positive_below_2b_market_cap
CCNEP,CNB Financial Corporation Depositary Shares each representing a 1/40th ownership interest in a share of 7.125% Series A Fixed-Rate Non-Cumulative Perpetual Preferred Stock,non_common_instrument
CCXI,Churchill Capital Corp XI Class A Ordinary Shares,outside_positive_below_2b_market_cap
CCXIU,Churchill Capital Corp XI Units,outside_positive_below_2b_market_cap
CCXIW,Churchill Capital Corp XI Warrants,outside_positive_below_2b_market_cap
CCZ,Comcast Holdings ZONES,outside_positive_below_2b_market_cap
CDE,Coeur Mining Inc. Common Stock,outside_positive_below_2b_market_cap
CDLR,Cadeler A/S American Depositary Share (each representing four (4) Ordinary Shares),outside_positive_below_2b_market_cap
CDNA,CareDx Inc. Common Stock,outside_positive_below_2b_market_cap
CDNS,Cadence Design Systems Inc. Common Stock,outside_positive_below_2b_market_cap
CDP,COPT Defense Properties Common Shares of Beneficial Interest,outside_positive_below_2b_market_cap
CDR^B,Cedar Realty Trust Inc. 7.25% Series B Cumulative Redeemable Preferred Stock,missing_or_invalid_market_cap
CDR^C,Cedar Realty Trust Inc. 6.50% Series C Cumulative Redeemable Preferred Stock,missing_or_invalid_market_cap
CDTTW,CDT Equity Inc. Warrant,non_common_instrument
CDW,CDW Corporation Common Stock,outside_positive_below_2b_market_cap
CDZIP,Cadiz Inc. Depositary Shares,unclassified_security_type
CE,Celanese Corporation Common Stock,outside_positive_below_2b_market_cap
CECO,CECO Environmental Corp. Common Stock,outside_positive_below_2b_market_cap
CEE,The Central and Eastern Europe Fund Inc. (The) Common Stock,outside_positive_below_2b_market_cap
CEG,Constellation Energy Corporation Common Stock ,outside_positive_below_2b_market_cap
CELC,Celcuity Inc. Common Stock,outside_positive_below_2b_market_cap
CELH,Celsius Holdings Inc. Common Stock,outside_positive_below_2b_market_cap
CENT,Central Garden & Pet Company Common Stock,outside_positive_below_2b_market_cap
CENTA,Central Garden & Pet Company Class A Common Stock Nonvoting,outside_positive_below_2b_market_cap
CENX,Century Aluminum Company Common Stock,outside_positive_below_2b_market_cap
CEPF,Cantor Equity Partners IV Inc. Class A Ordinary Shares,outside_positive_below_2b_market_cap
CEPO,Cantor Equity Partners I Inc. Class A Ordinary Shares,outside_positive_below_2b_market_cap
CEPS,Cantor Equity Partners VI Inc. Class A Ordinary Shares,outside_positive_below_2b_market_cap
CEPV,Cantor Equity Partners V Inc. Class A Ordinary Shares,outside_positive_below_2b_market_cap
CET,Central Securities Corporation Common Stock,outside_positive_below_2b_market_cap
CEV,Eaton Vance California Municipal Income Trust Shares of Beneficial Interest,fund_or_income_trust
CF,CF Industries Holdings Inc. Common Stock,outside_positive_below_2b_market_cap
CFG,Citizens Financial Group Inc. Common Stock,outside_positive_below_2b_market_cap
CFG^E,Citizens Financial Group Inc. Depositary Shares Each Representing 1/40th Interest in a Share of 5.000% Fixed-Rate Non-Cumulative Perpetual Preferred Stock Series E,missing_or_invalid_market_cap
CFG^H,Citizens Financial Group Inc. Depositary Shares Each Representing a 1/40th Interest in a Share of 7.375% Fixed-Rate Non-Cumulative Perpetual Preferred Stock Series H,missing_or_invalid_market_cap
CFG^I,Citizens Financial Group Inc. Depositary Shares Each Representing a 1/40th Interest in a Share of 6.500% Fixed-Rate Reset Non-Cumulative Perpetual Preferred Stock Series I,missing_or_invalid_market_cap
CFND,C1 Fund Inc. Common Stock,outside_positive_below_2b_market_cap
CFR,Cullen/Frost Bankers Inc. Common Stock,outside_positive_below_2b_market_cap
CFR^B,Cullen/Frost Bankers Inc. Depositary Shares each representing a 1/40th ownership interest in a share of 4.450% non-cumulative perpetual preferred stock Series B,missing_or_invalid_market_cap
CFTR^A,Cantor Fitzgerald Income Trust Inc. 9.50% Series A Cumulative Redeemable Preferred Stock,missing_or_invalid_market_cap
CG,The Carlyle Group Inc. Common Stock,outside_positive_below_2b_market_cap
CGABL,The Carlyle Group Inc. 4.625% Subordinated Notes due 2061,outside_positive_below_2b_market_cap
CGAU,Centerra Gold Inc. Common Shares,outside_positive_below_2b_market_cap
CGBD,Carlyle Secured Lending Inc. Common Stock,fund_or_income_trust
CGCF,Cartesian Growth Corporation IV Class A Ordinary Shares,outside_positive_below_2b_market_cap
CGCFU,Cartesian Growth Corporation IV Unit,outside_positive_below_2b_market_cap
CGCFW,Cartesian Growth Corporation IV Warrants,outside_positive_below_2b_market_cap
CGNX,Cognex Corporation Common Stock,outside_positive_below_2b_market_cap
CGO,Calamos Global Total Return Fund Common Stock,outside_positive_below_2b_market_cap
CGON,CG Oncology Inc. Common stock,outside_positive_below_2b_market_cap
CHA,Chagee Holdings Limited American Depositary Shares,outside_positive_below_2b_market_cap
CHAD,DeFi Development Corp. Variable Rate Series C Perpetual Preferred Stock,non_common_instrument
CHAR,Charlton Aria Acquisition Corporation Class A Ordinary Shares,outside_positive_below_2b_market_cap
CHCO,City Holding Company Common Stock,outside_positive_below_2b_market_cap
CHD,Church & Dwight Company Inc. Common Stock,outside_positive_below_2b_market_cap
CHDN,Churchill Downs Incorporated Common Stock,outside_positive_below_2b_market_cap
CHE,Chemed Corp,outside_positive_below_2b_market_cap
CHEC,Chenghe Acquisition III Co. Class A Ordinary Share,outside_positive_below_2b_market_cap
CHECW,Chenghe Acquisition III Co. Warrants,outside_positive_below_2b_market_cap
CHEF,The Chefs' Warehouse Inc. Common Stock,outside_positive_below_2b_market_cap
CHH,Choice Hotels International Inc. Common Stock,outside_positive_below_2b_market_cap
CHI,Calamos Convertible Opportunities and Income Fund Common Stock,outside_positive_below_2b_market_cap
CHKP,Check Point Software Technologies Ltd. Ordinary Shares,outside_positive_below_2b_market_cap
CHMI^A,Cherry Hill Mortgage Investment Corporation 8.20% Series A Cumulative Redeemable Preferred Stock,missing_or_invalid_market_cap
CHMI^B,Cherry Hill Mortgage Investment Corporation 8.250% Series B Fixed-to-Floating Rate Cumulative Redeemable Preferred Stock,missing_or_invalid_market_cap
CHPG,ChampionsGate Acquisition Corporation Class A Ordinary Share,outside_positive_below_2b_market_cap
CHPGR,ChampionsGate Acquisition Corporation Rights,outside_positive_below_2b_market_cap
CHRD,Chord Energy Corporation Common Stock,outside_positive_below_2b_market_cap
CHRN,ChronoScale Holdings Corporation Common Stock,outside_positive_below_2b_market_cap
CHRW,C.H. Robinson Worldwide Inc. Common Stock,outside_positive_below_2b_market_cap
CHSCL,CHS Inc Class B Cumulative Redeemable Preferred Stock Series 4,non_common_instrument
CHSCM,CHS Inc Class B Reset Rate Cumulative Redeemable Preferred Stock Series 3,non_common_instrument
CHSCN,CHS Inc Preferred Class B Series 2 Reset Rate,non_common_instrument
CHSCO,CHS Inc. Class B Cumulative Redeemable Preferred Stock,non_common_instrument
CHSCP,CHS Inc. 8%  Cumulative Redeemable Preferred Stock,non_common_instrument
CHT,Chunghwa Telecom Co. Ltd.,outside_positive_below_2b_market_cap
CHTR,Charter Communications Inc. Class A Common Stock New,outside_positive_below_2b_market_cap
CHTRP,Charter Communications Inc. Series A Cumulative Redeemable Preferred Stock,outside_positive_below_2b_market_cap
CHW,Calamos Global Dynamic Income Fund Common Stock,outside_positive_below_2b_market_cap
CHWY,Chewy Inc. Class A Common Stock,outside_positive_below_2b_market_cap
CHY,Calamos Convertible and High Income Fund Common Stock,outside_positive_below_2b_market_cap
CHYM,Chime Financial Inc. Class A Common Stock,outside_positive_below_2b_market_cap
CI,The Cigna Group Common Stock,outside_positive_below_2b_market_cap
CIB,Grupo Cibest S.A. American Depositary Shares each representing four Preferred Shares,outside_positive_below_2b_market_cap
CICB,CION Investment Corporation 7.50% Notes due 2029,outside_positive_below_2b_market_cap
CICC,CION Investment Corporation 7.50% Notes due 2031,outside_positive_below_2b_market_cap
CIEN,Ciena Corporation Common Stock,outside_positive_below_2b_market_cap
CIFR,Cipher Digital Inc. Common Stock,outside_positive_below_2b_market_cap
CIG,Comp En De Mn Cemig ADS American Depositary Shares,outside_positive_below_2b_market_cap
CIGI,Colliers International Group Inc. Subordinate Voting Shares,outside_positive_below_2b_market_cap
CII,BlackRock Enhanced Large Cap Core Fund Inc. Common Stock,outside_positive_below_2b_market_cap
CIK,UBS Asset Management Income Fund Inc. Common Stock,outside_positive_below_2b_market_cap
CIM^A,Chimera Investment Corporation 8.00% Series A Cumulative Redeemable Preferred Stock,missing_or_invalid_market_cap
CIM^B,Chimera Investment Corporation 8.00% Series B Fixed-to-Floating Rate Cumulative Redeemable Preferred Stock,missing_or_invalid_market_cap
CIM^C,Chimera Investment Corporation 7.75% Series C Fixed-to-Floating Rate  Cumulative Redeemable  Preferred Stock,missing_or_invalid_market_cap
CIM^D,Chimera Investment Corporation 8.00% Series D Fixed-to-Floating Rate Cumulative Redeemable Preferred Stock,missing_or_invalid_market_cap
CIMN,Chimera Investment Corporation 9.000% Senior Notes due 2029,outside_positive_below_2b_market_cap
CIMO,Chimera Investment Corporation 9.250% Senior Notes due 2029,outside_positive_below_2b_market_cap
CIMP,Chimera Investment Corporation 8.875% Senior Notes due 2030,outside_positive_below_2b_market_cap
CINF,Cincinnati Financial Corporation Common Stock,outside_positive_below_2b_market_cap
CINGW,Cingulate Inc. Warrants,non_common_instrument
CL,Colgate-Palmolive Company Common Stock,outside_positive_below_2b_market_cap
CLBK,Columbia Financial Inc. Common Stock,outside_positive_below_2b_market_cap
CLBR,Colombier Acquisition Corp. III Class A Ordinary Shares,outside_positive_below_2b_market_cap
CLBT,Cellebrite DI Ltd. Ordinary Shares,outside_positive_below_2b_market_cap
CLDT^A,Chatham Lodging Trust (REIT) 6.625% Series A Cumulative Redeemable Preferred Shares of Beneficial Interest,missing_or_invalid_market_cap
CLDX,Celldex Therapeutics Inc.,outside_positive_below_2b_market_cap
CLF,Cleveland-Cliffs Inc. Common Stock,outside_positive_below_2b_market_cap
CLH,Clean Harbors Inc. Common Stock,outside_positive_below_2b_market_cap
CLM,Cornerstone Strategic Investment Fund Inc. Common Shares,outside_positive_below_2b_market_cap
CLMT,Calumet Inc. Common Stock,outside_positive_below_2b_market_cap
CLOV,Clover Health Investments Corp. Class A Common Stock,outside_positive_below_2b_market_cap
CLS,Celestica Inc. Common Stock,outside_positive_below_2b_market_cap
CLSK,CleanSpark Inc. Common Stock,outside_positive_below_2b_market_cap
CLSKW,CleanSpark Inc. Warrant,non_common_instrument
CLX,Clorox Company (The) Common Stock,outside_positive_below_2b_market_cap
CM,Canadian Imperial Bank of Commerce Common Stock,outside_positive_below_2b_market_cap
CMBT,CMB.TECH NV Ordinary Shares,outside_positive_below_2b_market_cap
CMC,Commercial Metals Company Common Stock,outside_positive_below_2b_market_cap
CMCSA,Comcast Corporation Class A Common Stock,outside_positive_below_2b_market_cap
CME,CME Group Inc. Class A Common Stock,outside_positive_below_2b_market_cap
CMG,Chipotle Mexican Grill Inc. Common Stock,outside_positive_below_2b_market_cap
CMI,Cummins Inc. Common Stock,outside_positive_below_2b_market_cap
CMRE^B,Costamare Inc. Perpetual Preferred Stock Series B (Marshall Islands),missing_or_invalid_market_cap
CMRE^C,Costamare Inc. Perpetual Preferred Series C (Marshall Islands),missing_or_invalid_market_cap
CMRE^D,Costamare Inc. 8.75% Series D Cumulative Redeemable Perpetual Preferred Stock,missing_or_invalid_market_cap
CMS,CMS Energy Corporation Common Stock,outside_positive_below_2b_market_cap
CMS^B,CMS Energy Corporation Preferred Stock,missing_or_invalid_market_cap
CMS^C,CMS Energy Corporation Depositary Shares each representing a 1/1000th interest in a share of 4.200% Cumulative Redeemable Perpetual Preferred Stock Series C,missing_or_invalid_market_cap
CMSA,CMS Energy Corporation 5.625% Junior Subordinated Notes due 2078,outside_positive_below_2b_market_cap
CMSC,CMS Energy Corporation 5.875% Junior Subordinated Notes due 2078,outside_positive_below_2b_market_cap
CMSD,CMS Energy Corporation 5.875% Junior Subordinated Notes due 2079,outside_positive_below_2b_market_cap
CNA,CNA Financial Corporation Common Stock,outside_positive_below_2b_market_cap
CNC,Centene Corporation Common Stock,outside_positive_below_2b_market_cap
CNCKW,Coincheck Group N.V. Warrants,non_common_instrument
CNH,CNH Industrial N.V. Common Shares,outside_positive_below_2b_market_cap
CNI,Canadian National Railway Company Common Stock,outside_positive_below_2b_market_cap
CNK,Cinemark Holdings Inc Cinemark Holdings Inc. Common Stock,outside_positive_below_2b_market_cap
CNM,Core & Main Inc. Class A Common Stock,outside_positive_below_2b_market_cap
CNO,CNO Financial Group Inc. Common Stock,outside_positive_below_2b_market_cap
CNO^A,CNO Financial Group Inc. 5.125% Subordinated Debentures due 2060,missing_or_invalid_market_cap
CNOBP,ConnectOne Bancorp Inc. Depositary Shares each representing a 1/40th interest in a share of 5.25% Fixed-Rate Reset Non-Cumulative Perpetual Preferred Stock Series A,non_common_instrument
CNP,CenterPoint Energy Inc (Holding Co) Common Stock,outside_positive_below_2b_market_cap
CNQ,Canadian Natural Resources Limited Common Stock,outside_positive_below_2b_market_cap
CNR,Core Natural Resources Inc. Common Stock,outside_positive_below_2b_market_cap
CNS,Cohen & Steers Inc Common Stock,outside_positive_below_2b_market_cap
CNX,CNX Resources Corporation Common Stock,outside_positive_below_2b_market_cap
CNXN,PC Connection Inc. Common Stock,outside_positive_below_2b_market_cap
COCHW,Envoy Medical Inc Warrant,non_common_instrument
COCO,The Vita Coco Company Inc. Common Stock,outside_positive_below_2b_market_cap
CODI,D/B/A Compass Diversified Holdings Shares of Beneficial Interest,ambiguous_or_pooled_beneficial_interest
CODI^A,Compass Diversified Holdings 7.250% Series A Preferred Shares representing beneficial interest in Compass Diversified Holdings,missing_or_invalid_market_cap
CODI^B,Compass Diversified Holdings 7.875% Series B Fixed-to-Floating Rate Cumulative Preferred Shares representing beneficial interests in Compass Diversified Holdings,missing_or_invalid_market_cap
CODI^C,Compass Diversified Holdings 7.875% Series C Cumulative Preferred Shares,missing_or_invalid_market_cap
COF,Capital One Financial Corporation Common Stock,outside_positive_below_2b_market_cap
COF^I,Capital One Financial Corporation Depositary shares each representing a 1/40th interest in a share of Fixed Rate Non-Cumulative Perpetual Preferred Stock Series I of the Issuer,missing_or_invalid_market_cap
COF^J,Capital One Financial Corporation Depositary Shares Each Representing a 1/40th Interest in a Share of Fixed Rate Non- Cumulative Perpetual Preferred Stock Series J,missing_or_invalid_market_cap
COF^K,Capital One Financial Corporation Depositary Shares Each Representing a 1/40th Ownership Interest in a Share of Fixed Rate Non-Cumulative Perpetual Preferred Stock Series K,missing_or_invalid_market_cap
COF^L,Capital One Financial Corporation Depositary Shares Each Representing a 1/40th Interest in a Share of Fixed Rate Non-Cumulative Perpetual Preferred Stock Series L,missing_or_invalid_market_cap
COF^N,Capital One Financial Corporation Depositary Shares Each Representing a 1/40th Ownership Interest in a Share of Fixed Rate Non-Cumulative Perpetual Preferred Stock Series N,missing_or_invalid_market_cap
COGT,Cogent Biosciences Inc. Common Stock,outside_positive_below_2b_market_cap
COHN,Cohen & Company Inc.,unclassified_security_type
COHR,Coherent Corp. Common Stock,outside_positive_below_2b_market_cap
COHU,Cohu Inc. Common Stock,outside_positive_below_2b_market_cap
COIN,Coinbase Global Inc. Class A Common Stock,outside_positive_below_2b_market_cap
COKE,Coca-Cola Consolidated Inc. Common Stock,outside_positive_below_2b_market_cap
COLB,Columbia Banking System Inc. Common Stock,outside_positive_below_2b_market_cap
COLD,Americold Realty Trust Inc. Common Stock,outside_positive_below_2b_market_cap
COLM,Columbia Sportswear Company Common Stock,outside_positive_below_2b_market_cap
COMP,Compass Inc. Class A Common Stock,outside_positive_below_2b_market_cap
CON,Concentra Group Holdings Parent Inc. Common Stock,outside_positive_below_2b_market_cap
COO,The Cooper Companies Inc. Common Stock,outside_positive_below_2b_market_cap
COOTW,Australian Oilseeds Holdings Limited Warrant,non_common_instrument
COP,ConocoPhillips Common Stock,outside_positive_below_2b_market_cap
COPL,Copley Acquisition Corp Ordinary Shares,outside_positive_below_2b_market_cap
COR,Cencora Inc. Common Stock,outside_positive_below_2b_market_cap
CORT,Corcept Therapeutics Incorporated Common Stock,outside_positive_below_2b_market_cap
CORZ,Core Scientific Inc. Common Stock,outside_positive_below_2b_market_cap
CORZW,Core Scientific Inc. Tranche 1 Warrants,outside_positive_below_2b_market_cap
CORZZ,Core Scientific Inc. Tranche 2 Warrants,outside_positive_below_2b_market_cap
COST,Costco Wholesale Corporation Common Stock,outside_positive_below_2b_market_cap
COTY,Coty Inc. Class A Common Stock,outside_positive_below_2b_market_cap
CP,Canadian Pacific Kansas City Limited Common Shares,outside_positive_below_2b_market_cap
CPA,Copa Holdings S.A. Class A Common Stock,outside_positive_below_2b_market_cap
CPAY,Corpay Inc. Common Stock,outside_positive_below_2b_market_cap
CPB,The Campbell's Company Common Stock,outside_positive_below_2b_market_cap
CPF,Central Pacific Financial Corp New,unclassified_security_type
CPK,Chesapeake Utilities Corporation Common Stock,outside_positive_below_2b_market_cap
CPNG,Coupang Inc. Class A Common Stock,outside_positive_below_2b_market_cap
CPRT,Copart Inc. (DE) Common Stock,outside_positive_below_2b_market_cap
CPT,Camden Property Trust Common Stock,outside_positive_below_2b_market_cap
CPZ,Calamos Long/Short Equity & Dynamic Income Trust Common Stock,fund_or_income_trust
CQP,Cheniere Energy Partners LP Common Units,outside_positive_below_2b_market_cap
CR,Crane Company Common Stock,outside_positive_below_2b_market_cap
CRAC,Crown Reserve Acquisition Corp. I Class A Ordinary Shares,outside_positive_below_2b_market_cap
CRAN,Crane Harbor Acquisition Corp. II Class A Ordinary Shares,outside_positive_below_2b_market_cap
CRANR,Crane Harbor Acquisition Corp. II Rights,outside_positive_below_2b_market_cap
CRAQ,Cal Redwood Acquisition Corp. Class A Ordinary Shares,outside_positive_below_2b_market_cap
CRBD,Corebridge Financial Inc. 6.375% Junior Subordinated Notes due 2064,outside_positive_below_2b_market_cap
CRBG,Corebridge Financial Inc. Common Stock,outside_positive_below_2b_market_cap
CRC,California Resources Corporation Common Stock,outside_positive_below_2b_market_cap
CRCL,Circle Internet Group Inc. Class A Common Stock,outside_positive_below_2b_market_cap
CRD/A,Crawford & Company,missing_or_invalid_market_cap
CRD/B,Crawford & Company,missing_or_invalid_market_cap
CRDO,Credo Technology Group Holding Ltd Ordinary Shares,outside_positive_below_2b_market_cap
CRF,Cornerstone Total Return Fund Inc. (The) Common Stock,outside_positive_below_2b_market_cap
CRGOW,Freightos Limited Warrants,non_common_instrument
CRGY,Crescent Energy Company Class A Common Stock,outside_positive_below_2b_market_cap
CRH,CRH PLC Ordinary Shares,outside_positive_below_2b_market_cap
CRK,Comstock Resources Inc. Common Stock,outside_positive_below_2b_market_cap
CRL,Charles River Laboratories International Inc. Common Stock,outside_positive_below_2b_market_cap
CRM,Salesforce Inc. Common Stock,outside_positive_below_2b_market_cap
CRMLW,Critical Metals Corp. Warrants,non_common_instrument
CROX,Crocs Inc. Common Stock,outside_positive_below_2b_market_cap
CRS,Carpenter Technology Corporation Common Stock,outside_positive_below_2b_market_cap
CRSP,CRISPR Therapeutics AG Common Shares,outside_positive_below_2b_market_cap
CRUS,Cirrus Logic Inc. Common Stock,outside_positive_below_2b_market_cap
CRVL,CorVel Corp. Common Stock,outside_positive_below_2b_market_cap
CRWD,CrowdStrike Holdings Inc. Class A Common Stock,outside_positive_below_2b_market_cap
CRWV,CoreWeave Inc. Class A Common Stock,outside_positive_below_2b_market_cap
CSCO,Cisco Systems Inc. Common Stock (DE),outside_positive_below_2b_market_cap
CSGP,CoStar Group Inc. Common Stock,outside_positive_below_2b_market_cap
CSHRW,CoinShares PLC Warrants,non_common_instrument
CSL,Carlisle Companies Incorporated Common Stock,outside_positive_below_2b_market_cap
CSQ,Calamos Strategic Total Return Common Stock,outside_positive_below_2b_market_cap
CSQR,Csquare Inc. Common Stock,outside_positive_below_2b_market_cap
CSTM,Constellium SE Ordinary Shares (France),outside_positive_below_2b_market_cap
CSW,CSW Industrials Inc. Common Stock,outside_positive_below_2b_market_cap
CSX,CSX Corporation Common Stock,outside_positive_below_2b_market_cap
CTA^A,EIDP Inc. Preferred Stock $3.50 Series,missing_or_invalid_market_cap
CTA^B,EIDP Inc. Preferred Stock $4.50 Series,missing_or_invalid_market_cap
CTAA,ClearThink 1 Acquisition Corp. Class A Ordinary Shares,outside_positive_below_2b_market_cap
CTAAR,ClearThink 1 Acquisition Corp. Rights,outside_positive_below_2b_market_cap
CTAS,Cintas Corporation Common Stock,outside_positive_below_2b_market_cap
CTGG,Qwest Corporation 6.500% Senior Notes due 2051 (denominations of $25),outside_positive_below_2b_market_cap
CTHH,Qwest Corporation 6.750% Senior Notes due 2052 (denominations of $25),outside_positive_below_2b_market_cap
CTO^A,CTO Realty Growth Inc. 6.375% Series A Cumulative Redeemable Preferred Stock,missing_or_invalid_market_cap
CTOS,Custom Truck One Source Inc. Common Stock,outside_positive_below_2b_market_cap
CTRE,CareTrust REIT Inc. Common Stock,outside_positive_below_2b_market_cap
CTRI,Centuri Holdings Inc. Common Stock,outside_positive_below_2b_market_cap
CTSH,Cognizant Technology Solutions Corporation Class A Common Stock,outside_positive_below_2b_market_cap
CTVA,Corteva Inc. Common Stock ,outside_positive_below_2b_market_cap
CUBB,Customers Bancorp Inc 5.375% Subordinated Notes Due 2034,non_common_instrument
CUBE,CubeSmart Common Shares,outside_positive_below_2b_market_cap
CUBI,Customers Bancorp Inc Common Stock,outside_positive_below_2b_market_cap
CUBWW,Lionheart Holdings Warrant,outside_positive_below_2b_market_cap
CURB,Curbline Properties Corp. Common Stock,outside_positive_below_2b_market_cap
CUZ,Cousins Properties Incorporated Common Stock,outside_positive_below_2b_market_cap
CVBF,CVB Financial Corporation Common Stock,outside_positive_below_2b_market_cap
CVCO,Cavco Industries Inc. Common Stock When Issued,outside_positive_below_2b_market_cap
CVE,Cenovus Energy Inc Common Stock,outside_positive_below_2b_market_cap
CVI,CVR Energy Inc. Common Stock,outside_positive_below_2b_market_cap
CVLT,Commvault Systems Inc. Common Stock,outside_positive_below_2b_market_cap
CVNA,Carvana Co. Class A Common Stock,outside_positive_below_2b_market_cap
CVS,CVS Health Corporation Common Stock,outside_positive_below_2b_market_cap
CVSA,Covista Inc. Common Shares,outside_positive_below_2b_market_cap
CVX,Chevron Corporation Common Stock,outside_positive_below_2b_market_cap
CW,Curtiss-Wright Corporation Common Stock,outside_positive_below_2b_market_cap
CWEN,Clearway Energy Inc. Class C Common Stock,outside_positive_below_2b_market_cap
CWK,Cushman & Wakefield Ltd. Common Shares,outside_positive_below_2b_market_cap
CWST,Casella Waste Systems Inc. Class A Common Stock,outside_positive_below_2b_market_cap
CWT,California Water Service Group Common Stock,outside_positive_below_2b_market_cap
CX,Cemex S.A.B. de C.V. Sponsored ADR,outside_positive_below_2b_market_cap
CXAIW,CXApp Inc. Warrant,non_common_instrument
CXII,Churchill Capital Corp XII Class A Ordinary Shares,outside_positive_below_2b_market_cap
CXIIU,Churchill Capital Corp XII Units,outside_positive_below_2b_market_cap
CXIIW,Churchill Capital Corp XII Warrants,outside_positive_below_2b_market_cap
CXT,Crane NXT Co. Common Stock,outside_positive_below_2b_market_cap
CXW,CoreCivic Inc. Common Stock,outside_positive_below_2b_market_cap
CYCUW,Cycurion Inc. Warrant,non_common_instrument
CYTK,Cytokinetics Incorporated Common Stock,outside_positive_below_2b_market_cap
CZR,Caesars Entertainment Inc. Common Stock,outside_positive_below_2b_market_cap
D,Dominion Energy Inc. Common Stock,outside_positive_below_2b_market_cap
DAAQ,Digital Asset Acquisition Corp. Class A Ordinary shares,outside_positive_below_2b_market_cap
DAAQU,Digital Asset Acquisition Corp. Units,outside_positive_below_2b_market_cap
DAAQW,Digital Asset Acquisition Corp. Warrant,outside_positive_below_2b_market_cap
DAC,Danaos Corporation Common Stock,outside_positive_below_2b_market_cap
DAICW,CID HoldCo Inc. Warrants,non_common_instrument
DAL,Delta Air Lines Inc. Common Stock,outside_positive_below_2b_market_cap
DAN,Dana Incorporated Common Stock ,outside_positive_below_2b_market_cap
DAR,Darling Ingredients Inc. Common Stock,outside_positive_below_2b_market_cap
DASH,DoorDash Inc. Class A Common Stock,outside_positive_below_2b_market_cap
DAVE,Dave Inc. Class A Common Stock,outside_positive_below_2b_market_cap
DAVEW,Dave Inc. Warrants,non_common_instrument
DB,Deutsche Bank AG Common Stock,outside_positive_below_2b_market_cap
DBCA,D. Boral Acquisition I Corp. Class A Ordinary Shares,outside_positive_below_2b_market_cap
DBCAU,D. Boral Acquisition I Corp. Unit,outside_positive_below_2b_market_cap
DBCAW,D. Boral Acquisition I Corp. Warrants,outside_positive_below_2b_market_cap
DBD,Diebold Nixdorf Incorporated Common stock,outside_positive_below_2b_market_cap
DBL,DoubleLine Opportunistic Credit Fund Common Shares of Beneficial Interest,outside_positive_below_2b_market_cap
DBX,Dropbox Inc. Class A Common Stock,outside_positive_below_2b_market_cap
DCBG,Dime Commercial Bancshares Inc. 9.000% Junior Subordinated Notes,non_common_instrument
DCI,Donaldson Company Inc. Common Stock,outside_positive_below_2b_market_cap
DCO,Ducommun Incorporated Common Stock,outside_positive_below_2b_market_cap
DCOM^,Dime Commercial Bancshares Inc. Preferred Stock Series A,missing_or_invalid_market_cap
DD,DuPont de Nemours Inc. Common Stock,outside_positive_below_2b_market_cap
DDOG,Datadog Inc. Class A Common Stock,outside_positive_below_2b_market_cap
DE,Deere & Company Common Stock,outside_positive_below_2b_market_cap
DECK,Deckers Outdoor Corporation Common Stock,outside_positive_below_2b_market_cap
DELL,Dell Technologies Inc. Class C Common Stock ,outside_positive_below_2b_market_cap
DEO,Diageo plc Common Stock,outside_positive_below_2b_market_cap
DFDVW,DeFi Development Corp. Warrant,non_common_instrument
DFLIW,Dragonfly Energy Holdings Corp. Warrant,non_common_instrument
DFNSW,T3 Defense Inc. Warrants,non_common_instrument
DFP,Flaherty & Crumrine Dynamic Preferred and Income Fund Inc. Common Stock,outside_positive_below_2b_market_cap
DFTX,Definium Therapeutics Inc. Common Shares,outside_positive_below_2b_market_cap
DG,Dollar General Corporation Common Stock,outside_positive_below_2b_market_cap
DGAC,Disciplined Growth Acquisition Corporation Class A Ordinary Shares,outside_positive_below_2b_market_cap
DGII,Digi International Inc. Common Stock,outside_positive_below_2b_market_cap
DGX,Quest Diagnostics Incorporated Common Stock,outside_positive_below_2b_market_cap
DHCNI,Diversified Healthcare Trust 5.625% Senior Notes due 2042,outside_positive_below_2b_market_cap
DHCNL,Diversified Healthcare Trust 6.25% Senior Notes Due 2046,outside_positive_below_2b_market_cap
DHF,BNY Mellon High Yield Strategies Fund Common Stock,outside_positive_below_2b_market_cap
DHI,D.R. Horton Inc. Common Stock,outside_positive_below_2b_market_cap
DHR,Danaher Corporation Common Stock,outside_positive_below_2b_market_cap
DHT,DHT Holdings Inc.,outside_positive_below_2b_market_cap
DHY,UBS Asset Management High Yield Credit Fund Common Stock,outside_positive_below_2b_market_cap
DINO,HF Sinclair Corporation Common Stock,outside_positive_below_2b_market_cap
DIOD,Diodes Incorporated Common Stock,outside_positive_below_2b_market_cap
DIS,Walt Disney Company (The) Common Stock,outside_positive_below_2b_market_cap
DJT,Trump Media & Technology Group Corp. Common Stock,outside_positive_below_2b_market_cap
DJTWW,Trump Media & Technology Group Corp. Warrants,non_common_instrument
DK,Delek US Holdings Inc. Common Stock,outside_positive_below_2b_market_cap
DKL,Delek Logistics Partners L.P. Common Units representing Limited Partner Interests,outside_positive_below_2b_market_cap
DKNG,DraftKings Inc. Class A Common Stock,outside_positive_below_2b_market_cap
DKS,Dick's Sporting Goods Inc Common Stock,outside_positive_below_2b_market_cap
DLB,Dolby Laboratories Common Stock,outside_positive_below_2b_market_cap
DLNG^A,Dynagas LNG Partners LP 9.00% Series A Cumulative Redeemable Preferred Units,missing_or_invalid_market_cap
DLO,DLocal Limited Class A Common Shares,outside_positive_below_2b_market_cap
DLR,Digital Realty Trust Inc. Common Stock,outside_positive_below_2b_market_cap
DLR^J,Digital Realty Trust Inc. 5.250% Series J Cumulative Redeemable Preferred Stock,missing_or_invalid_market_cap
DLR^K,Digital Realty Trust Inc. 5.850% Series K Cumulative Redeemable Preferred Stock par value $0.01 per share,missing_or_invalid_market_cap
DLR^L,Digital Realty Trust Inc. 5.200% Series L Cumulative Redeemable Preferred Stock,missing_or_invalid_market_cap
DLTR,Dollar Tree Inc. Common Stock,outside_positive_below_2b_market_cap
DLY,DoubleLine Yield Opportunities Fund Common Shares of Beneficial Interest,fund_or_income_trust
DMA,Destra Multi-Alternative Fund Common Stock,outside_positive_below_2b_market_cap
DMAA,Drugs Made In America Acquisition Corp. Ordinary Shares,outside_positive_below_2b_market_cap
DMAAR,Drugs Made In America Acquisition Corp. Rights,outside_positive_below_2b_market_cap
DMB,BNY Mellon Municipal Bond Infrastructure Fund Inc. Common Stock,outside_positive_below_2b_market_cap
DMII,Drugs Made In America Acquisition II Corp. Ordinary Shares,outside_positive_below_2b_market_cap
DMIIR,Drugs Made In America Acquisition II Corp. Right,outside_positive_below_2b_market_cap
DMO,Western Asset Mortgage Opportunity Fund Inc. Common Stock,outside_positive_below_2b_market_cap
DNLI,Denali Therapeutics Inc. Common Stock,outside_positive_below_2b_market_cap
DNMX,Dynamix Corporation III Class A Ordinary Shares,outside_positive_below_2b_market_cap
DNMXU,Dynamix Corporation III Unit,outside_positive_below_2b_market_cap
DNMXW,Dynamix Corporation III Warrants,outside_positive_below_2b_market_cap
DNN,Denison Mines Corp Ordinary Shares (Canada),outside_positive_below_2b_market_cap
DNOW,DNOW Inc. Common Stock,outside_positive_below_2b_market_cap
DNP,DNP Select Income Fund Inc. Common Stock,outside_positive_below_2b_market_cap
DNTH,Dianthus Therapeutics Inc. Common Stock,outside_positive_below_2b_market_cap
DOC,Healthpeak Properties Inc. Common Stock,outside_positive_below_2b_market_cap
DOCN,DigitalOcean Holdings Inc. Common Stock,outside_positive_below_2b_market_cap
DOCS,Doximity Inc. Class A Common Stock,outside_positive_below_2b_market_cap
DOCU,DocuSign Inc. Common Stock,outside_positive_below_2b_market_cap
DOO,BRP Inc. Common Subordinate Voting Shares,outside_positive_below_2b_market_cap
DORM,Dorman Products Inc. Common Stock,outside_positive_below_2b_market_cap
DOV,Dover Corporation Common Stock,outside_positive_below_2b_market_cap
DOW,Dow Inc. Common Stock ,outside_positive_below_2b_market_cap
DOX,Amdocs Limited Ordinary Shares,outside_positive_below_2b_market_cap
DPC,DPC Holdings PLC Ordinary Shares,outside_positive_below_2b_market_cap
DPG,Duff & Phelps Utility and Infrastructure Fund Inc.,outside_positive_below_2b_market_cap
DPZ,Domino's Pizza Inc Common Stock,outside_positive_below_2b_market_cap
DRD,DRDGOLD Limited American Depositary Shares,outside_positive_below_2b_market_cap
DRDB,Roman DBDR Acquisition Corp. II Ordinary shares,outside_positive_below_2b_market_cap
DRDBU,Roman DBDR Acquisition Corp. II Unit,outside_positive_below_2b_market_cap
DRDBW,Roman DBDR Acquisition Corp. II Warrants,outside_positive_below_2b_market_cap
DRH,Diamondrock Hospitality Company Common Stock,outside_positive_below_2b_market_cap
DRI,Darden Restaurants Inc. Common Stock,outside_positive_below_2b_market_cap
DRS,Leonardo DRS Inc. Common Stock,outside_positive_below_2b_market_cap
DRTSW,Alpha Tau Medical Ltd. Warrant,non_common_instrument
DSAC,Daedalus Special Acquisition Corp. Class A Ordinary Shares,outside_positive_below_2b_market_cap
DSACW,Daedalus Special Acquisition Corp. Warrant,outside_positive_below_2b_market_cap
DSGX,Descartes Systems Group Inc. (The) Common Stock,outside_positive_below_2b_market_cap
DSL,DoubleLine Income Solutions Fund Common Shares of Beneficial Interests,fund_or_income_trust
DSM,BNY Mellon Strategic Municipal Bond Fund Inc. Common Stock,outside_positive_below_2b_market_cap
DSU,Blackrock Debt Strategies Fund Inc. Common Stock,outside_positive_below_2b_market_cap
DSX^B,Diana Shipping Inc. Perpetual Preferred Shares Series B (Marshall Islands),missing_or_invalid_market_cap
DT,Dynatrace Inc. Common Stock,outside_positive_below_2b_market_cap
DTB,DTE Energy Company 2020 Series G 4.375% Junior Subordinated Debentures due 2080,outside_positive_below_2b_market_cap
DTE,DTE Energy Company Common Stock,outside_positive_below_2b_market_cap
DTF,DTF Tax-Free Income 2028 Term Fund Inc. Common Stock,fund_or_income_trust
DTG,DTE Energy Company 2021 Series E 4.375% Junior Subordinated Debentures,outside_positive_below_2b_market_cap
DTK,DTE Energy Company 2025 Series H 6.25% Junior Subordinated Debentures due 2085,outside_positive_below_2b_market_cap
DTM,DT Midstream Inc. Common Stock ,outside_positive_below_2b_market_cap
DTSQ,DT Cloud Star Acquisition Corporation Ordinary Shares,outside_positive_below_2b_market_cap
DTSQR,DT Cloud Star Acquisition Corporation Right,outside_positive_below_2b_market_cap
DTW,DTE Energy Company 2017 Series E 5.25% Junior Subordinated Debentures due 2077,outside_positive_below_2b_market_cap
DUK,Duke Energy Corporation (Holding Company) Common Stock,outside_positive_below_2b_market_cap
DUK^A,Duke Energy Corporation Depositary Shares each representing a 1/1000th interest in a share of 5.75% Series A Cumulative Redeemable Perpetual Preferred Stock,missing_or_invalid_market_cap
DUKB,Duke Energy Corporation 5.625% Junior Subordinated Debentures due 2078,outside_positive_below_2b_market_cap
DUKRW,DUKE Robotics Corp. Warrant,non_common_instrument
DUKU,Duke Energy Corporation Corporate Units,outside_positive_below_2b_market_cap
DUOL,Duolingo Inc. Class A Common Stock,outside_positive_below_2b_market_cap
DV,DoubleVerify Holdings Inc. Common Stock,outside_positive_below_2b_market_cap
DVA,DaVita Inc. Common Stock,outside_positive_below_2b_market_cap
DVN,Devon Energy Corporation Common Stock,outside_positive_below_2b_market_cap
DX,Dynex Capital Inc. Common Stock,outside_positive_below_2b_market_cap
DX^C,Dynex Capital Inc. 6.900% Series C Fixed-to-Floating Rate Cumulative Redeemable Preferred Stock,missing_or_invalid_market_cap
DX^D,Dynex Capital Inc. 9.375% Series D Fixed-Rate Cumulative Redeemable Preferred Stock,missing_or_invalid_market_cap
DXCM,DexCom Inc. Common Stock,outside_positive_below_2b_market_cap
DXPE,DXP Enterprises Inc. Common Stock,outside_positive_below_2b_market_cap
DXR,Daxor Corporation Common Stock,fund_or_income_trust
DXYZ,Destiny Tech100 Inc. Common Stock,outside_positive_below_2b_market_cap
DY,Dycom Industries Inc. Common Stock,outside_positive_below_2b_market_cap
DYN,Dyne Therapeutics Inc. Common Stock,outside_positive_below_2b_market_cap
DYNC,Dynamix Corporation Class A Ordinary Shares,outside_positive_below_2b_market_cap
DYNCW,Dynamix Corporation Warrant,outside_positive_below_2b_market_cap
DYOR,Insight Digital Partners II Class A Ordinary Shares,outside_positive_below_2b_market_cap
E,ENI S.p.A. Common Stock,outside_positive_below_2b_market_cap
EAD,Allspring Income Opportunities Fund Common Shares,outside_positive_below_2b_market_cap
EAI,Entergy Arkansas LLC First Mortgage Bonds 4.875% Series Due September 1 2066,outside_positive_below_2b_market_cap
EAT,Brinker International Inc. Common Stock,outside_positive_below_2b_market_cap
EBAY,eBay Inc. Common Stock,outside_positive_below_2b_market_cap
EBC,Eastern Bankshares Inc. Common Stock,outside_positive_below_2b_market_cap
EC,Ecopetrol S.A. American Depositary Shares,outside_positive_below_2b_market_cap
ECAT,BlackRock ESG Capital Allocation Term Trust Common Shares of Beneficial Interest,ambiguous_or_pooled_beneficial_interest
ECC,Eagle Point Credit Company Common Share of Beneficial Interest,ambiguous_or_pooled_beneficial_interest
ECC^D,Eagle Point Credit Company 6.75% Series D Preferred Stock,missing_or_invalid_market_cap
ECCC,Eagle Point Credit Company 6.50% Series C Term Preferred Stock due 2031,non_common_instrument
ECCU,Eagle Point Credit Company 7.75% Notes due 2030,outside_positive_below_2b_market_cap
ECCV,Eagle Point Credit Company 5.375% Notes due 2029,non_common_instrument
ECF,Ellsworth Growth and Income Fund Ltd.,outside_positive_below_2b_market_cap
ECF^A,Ellsworth Growth and Income Fund Ltd. 5.25% Series A Cumulative Preferred Shares (Liquidation Preference $25.00 per share),missing_or_invalid_market_cap
ECG,Everus Construction Group Inc. Common Stock,outside_positive_below_2b_market_cap
ECHO,EchoStar  Corporation Common Stock,outside_positive_below_2b_market_cap
ECL,Ecolab Inc. Common Stock,outside_positive_below_2b_market_cap
ECO,Okeanis Eco Tankers Corp. Common Stock,outside_positive_below_2b_market_cap
ECPG,Encore Capital Group Inc Common Stock,outside_positive_below_2b_market_cap
ED,Consolidated Edison Inc. Common Stock,outside_positive_below_2b_market_cap
EDBLW,Edible Garden AG Incorporated Warrant,non_common_instrument
EDD,Morgan Stanley Emerging Markets Domestic Debt Fund Inc. Common Stock,outside_positive_below_2b_market_cap
EDF,Virtus Stone Harbor Emerging Markets Income Fund Common Shares of Beneficial Interest,outside_positive_below_2b_market_cap
EDU,New Oriental Education & Technology Group Inc. Sponsored ADR representing 10 Ordinary Share (Cayman Islands),outside_positive_below_2b_market_cap
EE,Excelerate Energy Inc. Class A Common Stock,outside_positive_below_2b_market_cap
EEA,The European Equity Fund Inc. Common Stock,outside_positive_below_2b_market_cap
EEFT,Euronet Worldwide Inc. Common Stock,outside_positive_below_2b_market_cap
EFC^B,Ellington Financial Inc. 6.250% Series B Fixed-Rate Reset Cumulative Redeemable Preferred Stock,missing_or_invalid_market_cap
EFC^C,Ellington Financial Inc. 8.625% Series C Fixed-Rate Reset Cumulative Redeemable Preferred Stock,missing_or_invalid_market_cap
EFC^D,Ellington Financial Inc. 7.00% Series D Cumulative Perpetual Redeemable Preferred Stock,missing_or_invalid_market_cap
EFR,Eaton Vance Senior Floating-Rate Fund Common Shares of Beneficial Interest,outside_positive_below_2b_market_cap
EFSC,Enterprise Financial Services Corporation Common Stock,outside_positive_below_2b_market_cap
EFSCP,Enterprise Financial Services Corporation Depositary Shares Each Representing a 1/40th Interest in a Share of 5% Fixed Rate Non-Cumulative Perpetual Preferred Stock Series A,non_common_instrument
EFT,Eaton Vance Floating Rate Income Trust Common Shares of Beneficial Interest,fund_or_income_trust
EFX,Equifax Inc. Common Stock,outside_positive_below_2b_market_cap
EFXT,Enerflex Ltd Common Shares,outside_positive_below_2b_market_cap
EG,Everest Group Ltd. Common Stock,outside_positive_below_2b_market_cap
EGHA,EGH Acquisition Corp. Class A Ordinary Shares,outside_positive_below_2b_market_cap
EGHAR,EGH Acquisition Corp. Rights,outside_positive_below_2b_market_cap
EGHAU,EGH Acquisition Corp. Unit,outside_positive_below_2b_market_cap
EGO,Eldorado Gold Corporation Ordinary Shares,outside_positive_below_2b_market_cap
EGP,EastGroup Properties Inc. Common Stock,outside_positive_below_2b_market_cap
EHC,Encompass Health Corporation Common Stock,outside_positive_below_2b_market_cap
EHI,Western Asset Global High Income Fund Inc Common Stock,outside_positive_below_2b_market_cap
EIC,Eagle Point Income Company Common Shares of Beneficial Interest,ambiguous_or_pooled_beneficial_interest
EICA,Eagle Point Income Company 5.00% Series A Term Preferred Shares due 2026,non_common_instrument
EIIA,Eagle Point Institutional Income Fund 8.125% Series A Term Preferred Shares Due 2029,outside_positive_below_2b_market_cap
EIM,Eaton Vance Municipal Bond Fund Common Shares of Beneficial Interest $.01 par value,outside_positive_below_2b_market_cap
EIX,Edison International Common Stock,outside_positive_below_2b_market_cap
EL,Estee Lauder Companies Inc. (The) Common Stock,outside_positive_below_2b_market_cap
ELAN,Elanco Animal Health Incorporated Common Stock,outside_positive_below_2b_market_cap
ELC,Entergy Louisiana Inc. Collateral Trust Mortgage Bonds 4.875 % Series due September 1 2066,outside_positive_below_2b_market_cap
ELF,e.l.f. Beauty Inc. Common Stock,outside_positive_below_2b_market_cap
ELLA,Ellington Credit Company 8.50% Notes due 2031,outside_positive_below_2b_market_cap
ELPC,Companhia Paranaense de Energia (COPEL) American Depositary Shares (each representing four (4) Common Shares),outside_positive_below_2b_market_cap
ELS,Equity Lifestyle Properties Inc. Common Stock,outside_positive_below_2b_market_cap
ELV,Elevance Health Inc. Common Stock,outside_positive_below_2b_market_cap
ELVN,Enliven Therapeutics Inc. Common Stock,outside_positive_below_2b_market_cap
EMA,Emera Incorporated Common Shares,outside_positive_below_2b_market_cap
EMBJ,Embraer S.A. Common Stock,outside_positive_below_2b_market_cap
EMD,Western Asset Emerging Markets Debt Fund Inc Common Stock,outside_positive_below_2b_market_cap
EME,EMCOR Group Inc. Common Stock,outside_positive_below_2b_market_cap
EMF,Templeton Emerging Markets Fund Common Stock,outside_positive_below_2b_market_cap
EMIS,Emmis Acquisition Corp. Class A Ordinary Shares,outside_positive_below_2b_market_cap
EMN,Eastman Chemical Company Common Stock,outside_positive_below_2b_market_cap
EMO,ClearBridge Energy Midstream Opportunity Fund Inc. Common Stock,outside_positive_below_2b_market_cap
EMP,Entergy Mississippi LLC First Mortgage Bonds 4.90% Series Due October 1 2066,outside_positive_below_2b_market_cap
EMR,Emerson Electric Company Common Stock,outside_positive_below_2b_market_cap
ENB,Enbridge Inc Common Stock,outside_positive_below_2b_market_cap
ENIC,Enel Chile S.A. American Depositary Shares (Each representing 50 shares of Common Stock),outside_positive_below_2b_market_cap
ENJ,Entergy New Orleans LLC First Mortgage Bonds 5.0% Series due December 1 2052,outside_positive_below_2b_market_cap
ENLT,Enlight Renewable Energy Ltd. Ordinary Shares,outside_positive_below_2b_market_cap
ENO,Entergy New Orleans LLC First Mortgage Bonds 5.50% Series due April 1 2066,outside_positive_below_2b_market_cap
ENPH,Enphase Energy Inc. Common Stock,outside_positive_below_2b_market_cap
ENRDW,Einride AB Warrants,non_common_instrument
ENS,EnerSys Common Stock,outside_positive_below_2b_market_cap
ENSG,The Ensign Group Inc. Common Stock,outside_positive_below_2b_market_cap
ENTG,Entegris Inc. Common Stock,outside_positive_below_2b_market_cap
ENVA,Enova International Inc. Common Stock,outside_positive_below_2b_market_cap
EOD,Allspring Global Dividend Opportunity Fund Common Shares of Beneficial Interest,outside_positive_below_2b_market_cap
EOG,EOG Resources Inc. Common Stock,outside_positive_below_2b_market_cap
EOI,Eaton Vance Enhance Equity Income Fund Eaton Vance Enhanced Equity Income Fund Shares of Beneficial Interest,outside_positive_below_2b_market_cap
EOS,Eaton Vance Enhance Equity Income Fund II Common Stock,outside_positive_below_2b_market_cap
EOSEW,Eos Energy Enterprises Inc. Warrant,non_common_instrument
EOT,Eaton Vance Municipal Income Trust EATON VANCE NATIONAL MUNICIPAL OPPORTUNITIES TRUST,fund_or_income_trust
EP^C,El Paso Corporation Preferred Stock,missing_or_invalid_market_cap
EPAM,EPAM Systems Inc. Common Stock,outside_positive_below_2b_market_cap
EPD,Enterprise Products Partners L.P. Common Stock,outside_positive_below_2b_market_cap
EPR,EPR Properties Common Stock,outside_positive_below_2b_market_cap
EPR^C,EPR Properties 5.75% Series C Cumulative Convertible Preferred Shares,missing_or_invalid_market_cap
EPR^E,EPR Properties Series E Cumulative Conv Pfd Shs Ser E,missing_or_invalid_market_cap
EPR^G,EPR Properties 5.750% Series G Cumulative Redeemable Preferred Shares,missing_or_invalid_market_cap
EPRT,Essential Properties Realty Trust Inc. Common Stock,outside_positive_below_2b_market_cap
EQH,Equitable Holdings Inc. Common Stock,outside_positive_below_2b_market_cap
EQH^A,Equitable Holdings Inc. Depositary Shares,missing_or_invalid_market_cap
EQH^C,Equitable Holdings Inc. Depositary Shares each representing a 1/1000th interest in a share of Fixed Rate Noncumulative Perpetual Preferred Stock Series C,missing_or_invalid_market_cap
EQIX,Equinix Inc. Common Stock REIT,outside_positive_below_2b_market_cap
EQNR,Equinor ASA,outside_positive_below_2b_market_cap
EQPT,EquipmentShare.com Inc Class A Common Stock,outside_positive_below_2b_market_cap
EQT,EQT Corporation Common Stock,outside_positive_below_2b_market_cap
EQX,Equinox Gold Corp. Common Shares,outside_positive_below_2b_market_cap
ERAS,Erasca Inc. Common Stock,outside_positive_below_2b_market_cap
ERC,Allspring Multi-Sector Income Fund Common Stock,outside_positive_below_2b_market_cap
ERH,Allspring Utilities and High Income Fund Common Shares,outside_positive_below_2b_market_cap
ERIC,Ericsson American Depositary Shares,outside_positive_below_2b_market_cap
ERIE,Erie Indemnity Company Class A Common Stock,outside_positive_below_2b_market_cap
ERNAW,Ernexa Therapeutics Inc. Warrants,non_common_instrument
ERO,Ero Copper Corp. Common Shares,outside_positive_below_2b_market_cap
EROC,ERock Inc. Class A Common Stock,outside_positive_below_2b_market_cap
EROK,EagleRock Land LLC Class A shares representing limited liability company interests,outside_positive_below_2b_market_cap
ES,Eversource Energy (D/B/A) Common Stock,outside_positive_below_2b_market_cap
ESAB,ESAB Corporation Common Stock,outside_positive_below_2b_market_cap
ESE,ESCO Technologies Inc. Common Stock,outside_positive_below_2b_market_cap
ESI,Element Solutions Inc. Common Stock,outside_positive_below_2b_market_cap
ESLAW,Estrella Immunopharma Inc. Warrant,non_common_instrument
ESLT,Elbit Systems Ltd. Ordinary Shares,outside_positive_below_2b_market_cap
ESNT,Essent Group Ltd. Common Shares,outside_positive_below_2b_market_cap
ESS,Essex Property Trust Inc. Common Stock,outside_positive_below_2b_market_cap
ESTC,Elastic N.V. Ordinary Shares,outside_positive_below_2b_market_cap
ETB,Eaton Vance Tax-Managed Buy-Write Income Fund Eaton Vance Tax-Managed Buy-Write Income Fund Common Shares of Beneficial Interest,fund_or_income_trust
ETG,Eaton Vance Tax-Advantaged Global Dividend Income Fund Common Shares of Beneficial Interest,outside_positive_below_2b_market_cap
ETI^,Entergy Texas Inc 5.375% Series A Preferred Stock Cumulative No Par Value,missing_or_invalid_market_cap
ETJ,Eaton Vance Risk-Managed Diversified Equity Income Fund Common Shares of Beneficial Interest,outside_positive_below_2b_market_cap
ETN,Eaton Corporation PLC Ordinary Shares,outside_positive_below_2b_market_cap
ETOR,eToro Group Ltd. Class A Common Shares,outside_positive_below_2b_market_cap
ETR,Entergy Corporation Common Stock,outside_positive_below_2b_market_cap
ETSS,Energy Transition Special Opportunities Class A Ordinary Shares,outside_positive_below_2b_market_cap
ETSY,Etsy Inc. Common Stock,outside_positive_below_2b_market_cap
ETV,Eaton Vance Corporation Eaton Vance Tax-Managed Buy-Write Opportunities Fund Common Shares of Beneficial Interest,fund_or_income_trust
ETW,Eaton Vance Corporation Eaton Vance Tax-Managed Global Buy-Write Opportunites Fund Common Shares of Beneficial Interest,fund_or_income_trust
ETX,Eaton Vance Municipal Income 2028 Term Trust Common Shares of Beneficial Interest,fund_or_income_trust
ETY,Eaton Vance Tax-Managed Diversified Equity Income Fund Common Shares of Beneficial Interest,outside_positive_below_2b_market_cap
EUDAW,EUDA Health Holdings Limited Warrant,non_common_instrument
EURK,Eureka Acquisition Corp Class A Ordinary Share,outside_positive_below_2b_market_cap
EURKR,Eureka Acquisition Corp Right,outside_positive_below_2b_market_cap
EURKU,Eureka Acquisition Corp Unit,outside_positive_below_2b_market_cap
EVAC,EQV Ventures Acquisition Corp. II Class A Ordinary Shares,outside_positive_below_2b_market_cap
EVF,Eaton Vance Senior Income Trust Common Stock,fund_or_income_trust
EVG,Eaton Vance Short Diversified Income Fund Eaton Vance Short Duration Diversified Income Fund Common Shares of Beneficial Interest,outside_positive_below_2b_market_cap
EVN,Eaton Vance Municipal Income Trust Common Stock,fund_or_income_trust
EVOX,Evolution Global Acquisition Corp Class A Ordinary Shares,outside_positive_below_2b_market_cap
EVOXW,Evolution Global Acquisition Corp Warrants,outside_positive_below_2b_market_cap
EVR,Evercore Inc. Class A Common Stock,outside_positive_below_2b_market_cap
EVRG,Evergy Inc. Common Stock,outside_positive_below_2b_market_cap
EVT,Eaton Vance Tax Advantaged Dividend Income Fund Common Shares of Beneficial Interest,outside_positive_below_2b_market_cap
EVV,Eaton Vance Limited Duration Income Fund Common Shares of Beneficial Interest,outside_positive_below_2b_market_cap
EW,Edwards Lifesciences Corporation Common Stock,outside_positive_below_2b_market_cap
EWAV,East West Ave Acquisition Corp. Common Stock,outside_positive_below_2b_market_cap
EWAVR,East West Ave Acquisition Corp. Rights,outside_positive_below_2b_market_cap
EWAVU,East West Ave Acquisition Corp. Units,outside_positive_below_2b_market_cap
EWBC,East West Bancorp Inc. Common Stock,outside_positive_below_2b_market_cap
EWTX,Edgewise Therapeutics Inc. Common Stock,outside_positive_below_2b_market_cap
EXC,Exelon Corporation Common Stock,outside_positive_below_2b_market_cap
EXE,Expand Energy Corporation Common Stock,outside_positive_below_2b_market_cap
EXEL,Exelixis Inc. Common Stock,outside_positive_below_2b_market_cap
EXG,Eaton Vance Tax-Managed Global Diversified Equity Income Fund Common Shares of Beneficial Interest,outside_positive_below_2b_market_cap
EXK,Endeavour Silver Corporation Ordinary Shares (Canada),outside_positive_below_2b_market_cap
EXLS,ExlService Holdings Inc. Common Stock,outside_positive_below_2b_market_cap
EXP,Eagle Materials Inc Common Stock,outside_positive_below_2b_market_cap
EXPD,Expeditors International of Washington Inc. Common Stock,outside_positive_below_2b_market_cap
EXPE,Expedia Group Inc. Common Stock,outside_positive_below_2b_market_cap
EXPO,Exponent Inc. Common Stock,outside_positive_below_2b_market_cap
EXR,Extra Space Storage Inc Common Stock,outside_positive_below_2b_market_cap
EXTR,Extreme Networks Inc. Common Stock,outside_positive_below_2b_market_cap
F,Ford Motor Company Common Stock,outside_positive_below_2b_market_cap
F^B,Ford Motor Company 6.20% Notes due June 1 2059,missing_or_invalid_market_cap
F^C,Ford Motor Company 6% Notes due December 1 2059,missing_or_invalid_market_cap
F^D,Ford Motor Company 6.500% Notes due August 15 2062,missing_or_invalid_market_cap
FA,First Advantage Corporation Common Stock,outside_positive_below_2b_market_cap
FACT,FACT II Acquisition Corp. Class A Ordinary Shares,outside_positive_below_2b_market_cap
FACTW,FACT II Acquisition Corp. Warrant,outside_positive_below_2b_market_cap
FACWW,Factorial Energy Inc. Warrant,non_common_instrument
FAF,First American Corporation (New) Common Stock,outside_positive_below_2b_market_cap
FANG,Diamondback Energy Inc. Common Stock,outside_positive_below_2b_market_cap
FAST,Fastenal Company Common Stock,outside_positive_below_2b_market_cap
FAX,abrdn Asia-Pacific Income Fund Inc. Common Stock,outside_positive_below_2b_market_cap
FBIN,Fortune Brands Innovations Inc. Common Stock,outside_positive_below_2b_market_cap
FBIOP,Fortress Biotech Inc. 9.375% Series A Cumulative Redeemable Perpetual Preferred Stock,non_common_instrument
FBK,FB Financial Corporation Common Stock,outside_positive_below_2b_market_cap
FBNC,First Bancorp Common Stock,outside_positive_below_2b_market_cap
FBP,First BanCorp. New Common Stock,outside_positive_below_2b_market_cap
FBRT^E,Franklin BSP Realty Trust Inc. 7.50% Series E Cumulative Redeemable Preferred Stock,missing_or_invalid_market_cap
FBYDW,Falcon's Beyond Global Inc. Warrants,non_common_instrument
FCF,First Commonwealth Financial Corporation Common Stock,outside_positive_below_2b_market_cap
FCFS,FirstCash Holdings Inc. Common Stock,outside_positive_below_2b_market_cap
FCN,FTI Consulting Inc. Common Stock,outside_positive_below_2b_market_cap
FCNCA,First Citizens BancShares Inc. Class A Common Stock,outside_positive_below_2b_market_cap
FCNCN,First Citizens BancShares Inc. Depositary Shares each representing a 1/40th interest in a share of 6.625% Non-Cumulative Perpetual Preferred Stock Series E,non_common_instrument
FCNCO,First Citizens BancShares Inc. 5.625% Non-Cumulative Perpetual Preferred Stock Series C,non_common_instrument
FCNCP,First Citizens BancShares Inc. Depositary Shares,non_common_instrument
FCPT,Four Corners Property Trust Inc. Common Stock,outside_positive_below_2b_market_cap
FCRS,FutureCrest Acquisition Corp. Class A Ordinary Shares,outside_positive_below_2b_market_cap
FCX,Freeport-McMoRan Inc. Common Stock,outside_positive_below_2b_market_cap
FDMM,Freedom Metals Acquisition Corp. Class A Ordinary Shares,outside_positive_below_2b_market_cap
FDMMW,Freedom Metals Acquisition Corp. Warrants,outside_positive_below_2b_market_cap
FDS,FactSet Research Systems Inc. Common Stock,outside_positive_below_2b_market_cap
FDUS,Fidus Investment Corporation Common Stock,fund_or_income_trust
FDX,FedEx Corporation Common Stock,outside_positive_below_2b_market_cap
FDXF,FedEx Freight Holding Company Inc. Common Stock,outside_positive_below_2b_market_cap
FE,FirstEnergy Corp. Common Stock,outside_positive_below_2b_market_cap
FELE,Franklin Electric Co. Inc. Common Stock,outside_positive_below_2b_market_cap
FER,Ferrovial N.V. Ordinary Shares,outside_positive_below_2b_market_cap
FERA,Fifth Era Acquisition Corp I Class A Ordinary Shares,outside_positive_below_2b_market_cap
FERAR,Fifth Era Acquisition Corp I Rights,outside_positive_below_2b_market_cap
FERG,Ferguson Enterprises Inc. Common Stock,outside_positive_below_2b_market_cap
FFA,First Trust Enhanced Equity Income Fund Common Shares of Beneficial Interest,outside_positive_below_2b_market_cap
FFBC,First Financial Bancorp. Common Stock,outside_positive_below_2b_market_cap
FFC,Flaherty & Crumrine Preferred and Income Securities Fund Incorporated,outside_positive_below_2b_market_cap
FFIN,First Financial Bankshares Inc. Common Stock,outside_positive_below_2b_market_cap
FFIV,F5 Inc. Common Stock,outside_positive_below_2b_market_cap
FG,F&G Annuities & Life Inc. Common Stock,outside_positive_below_2b_market_cap
FGBIP,First Guaranty Bancshares Inc. 6.75% Series A Fixed-Rate Non-Cumulative Perpetual Preferred Stock,non_common_instrument
FGCPP,FG Communities Holdings Inc. 8.00% Cumulative Preferred Stock,non_common_instrument
FGII,FG Imperii Acquisition Corp. Class A Ordinary Shares,outside_positive_below_2b_market_cap
FGIIU,FG Imperii Acquisition Corp. Units,outside_positive_below_2b_market_cap
FGN,F&G Annuities & Life Inc. 7.950% Senior Notes due 2053,outside_positive_below_2b_market_cap
FGSN,F&G Annuities & Life Inc. 7.300% Junior Subordinated Notes due 2065,outside_positive_below_2b_market_cap
FHB,First Hawaiian Inc. Common Stock,outside_positive_below_2b_market_cap
FHI,Federated Hermes Inc. Common Stock,outside_positive_below_2b_market_cap
FHN,First Horizon Corporation Common Stock,outside_positive_below_2b_market_cap
FHN^E,First Horizon Corporation Depositary Shares each representing a 1/4000th interest in a share of Non-Cumulative Perpetual Preferred Stock Series E,missing_or_invalid_market_cap
FHN^F,First Horizon Corporation Depositary Shares each representing 1/4000th Interest in a Share of Non-Cumulative Perpetual Preferred Stock Series F,missing_or_invalid_market_cap
FHN^H,First Horizon Corporation Depositary Shares each representing a 1/4000th interest in a share of Non-Cumulative Perpetual Preferred Stock Series H,missing_or_invalid_market_cap
FIBK,First Interstate BancSystem Inc. Common Stock (DE),outside_positive_below_2b_market_cap
FICO,Fair Isaac Corporation Common Stock,outside_positive_below_2b_market_cap
FIG,Figma Inc. Class A Common Stock,outside_positive_below_2b_market_cap
FIGR,Figure Technology Solutions Inc. Class A Common Stock,outside_positive_below_2b_market_cap
FIGS,FIGS Inc. Class A Common Stock,outside_positive_below_2b_market_cap
FIGX,FIGX Capital Acquisition Corp. Class A Ordinary Share,outside_positive_below_2b_market_cap
FINS,Angel Oak Financial Strategies Income Term Trust Common Shares of Beneficial Interest,ambiguous_or_pooled_beneficial_interest
FIS,Fidelity National Information Services Inc. Common Stock,outside_positive_below_2b_market_cap
FISV,Fiserv Inc. Common Stock,outside_positive_below_2b_market_cap
FITB,Fifth Third Bancorp Common Stock,outside_positive_below_2b_market_cap
FITB^A,Fifth Third Bancorp Depositary Shares each representing 1/40th share of Fifth Third 6.00% Non-Cumulative Perpetual Class B Preferred Stock Series A,missing_or_invalid_market_cap
FITB^I,Fifth Third Bancorp Depositary Share repstg 1/1000th Ownership Interest Perp Pfd Series I,missing_or_invalid_market_cap
FITB^K,Fifth Third Bancorp Depositary Shares each representing a 1/1000th ownership interest in a share of Non-Cumulative Perpetual Preferred Stock Series K,missing_or_invalid_market_cap
FITB^M,Fifth Third Bancorp Depositary Shares Representing a 1/40th Ownership Interest in a Share of 6.875% Fixed-Rate Reset Non-Cumulative Perpetual Preferred Stock Series M,missing_or_invalid_market_cap
FIVE,Five Below Inc. Common Stock,outside_positive_below_2b_market_cap
FIVN,Five9 Inc. Common Stock,outside_positive_below_2b_market_cap
FIX,Comfort Systems USA Inc. Common Stock,outside_positive_below_2b_market_cap
FIZZ,National Beverage Corp. Common Stock,outside_positive_below_2b_market_cap
FJDI,ARC Group Securities Acquisition I Class A Ordinary Shares,outside_positive_below_2b_market_cap
FJDIU,ARC Group Securities Acquisition I Units,outside_positive_below_2b_market_cap
FJDIW,ARC Group Securities Acquisition I Warrants,outside_positive_below_2b_market_cap
FLC,Flaherty & Crumrine Total Return Fund Inc Common Stock,outside_positive_below_2b_market_cap
FLDDW,Fold Holdings Inc. Warrant,non_common_instrument
FLEX,Flex Ltd. Ordinary Shares,outside_positive_below_2b_market_cap
FLG,Flagstar Bank N.A. Common Stock,outside_positive_below_2b_market_cap
FLG^A,Flagstar Bank N.A. Depositary shares each representing a 1/40th interest in a share of Fixed-to-Floating Rate Series A Noncumulative Perpetual Preferred Stock,missing_or_invalid_market_cap
FLG^U,Flagstar Bank N.A. Bifurcated Option Note Unit SecuritiES,missing_or_invalid_market_cap
FLR,Fluor Corporation Common Stock,outside_positive_below_2b_market_cap
FLS,Flowserve Corporation Common Stock,outside_positive_below_2b_market_cap
FLUT,Flutter Entertainment plc Ordinary Shares,outside_positive_below_2b_market_cap
FLY,Firefly Aerospace Inc. Common Stock,outside_positive_below_2b_market_cap
FLYW,Flywire Corporation Voting Common Stock,outside_positive_below_2b_market_cap
FMAC,Future Money Acquisition Corporation Ordinary Shares,outside_positive_below_2b_market_cap
FMN,Federated Hermes Premier Municipal Income Fund,fund_or_income_trust
FMS,Fresenius Medical Care AG American Depositary Shares (Each representing 1/2 of an Ordinary Share),outside_positive_below_2b_market_cap
FMSTW,Foremost Clean Energy Ltd. Warrant,non_common_instrument
FMX,Fomento Economico Mexicano S.A.B. de C.V. Common Stock,outside_positive_below_2b_market_cap
FMY,First Trust Mortgage Income Fund Common Shares of Beneficial Interest,outside_positive_below_2b_market_cap
FN,Fabrinet Ordinary Shares,outside_positive_below_2b_market_cap
FNB,F.N.B. Corporation Common Stock,outside_positive_below_2b_market_cap
FND,Floor & Decor Holdings Inc. Common Stock,outside_positive_below_2b_market_cap
FNF,Fidelity National Financial Inc. Common Stock,outside_positive_below_2b_market_cap
FNV,Franco-Nevada Corporation,outside_positive_below_2b_market_cap
FOF,Cohen & Steers Closed-End Opportunity Fund Inc. Common Stock,fund_or_income_trust
FORM,FormFactor Inc. FormFactor Inc. Common Stock,outside_positive_below_2b_market_cap
FOUR,Shift4 Payments Inc. Class A Common Stock,outside_positive_below_2b_market_cap
FOUR^A,Shift4 Payments Inc. 6.00% Series A Mandatory Convertible Preferred Stock,missing_or_invalid_market_cap
FOX,Fox Corporation Class B Common Stock,outside_positive_below_2b_market_cap
FOXA,Fox Corporation Class A Common Stock,outside_positive_below_2b_market_cap
FOXXW,Foxx Development Holdings Inc. Warrant,non_common_instrument
FPF,First Trust Intermediate Duration Preferred & Income Fund Common Shares of Beneficial Interest,outside_positive_below_2b_market_cap
FPS,Forgent Power Solutions Inc. Class A Common Stock,outside_positive_below_2b_market_cap
FR,First Industrial Realty Trust Inc. Common Stock,outside_positive_below_2b_market_cap
FRA,Blackrock Floating Rate Income Strategies Fund Inc  Common Stock,fund_or_income_trust
FRHC,Freedom Holding Corp. Common Stock,outside_positive_below_2b_market_cap
FRME,First Merchants Corporation Common Stock,outside_positive_below_2b_market_cap
FRMEP,First Merchants Corporation Depository Shares,non_common_instrument
FRMI,Fermi Inc. Common Stock,outside_positive_below_2b_market_cap
FRO,Frontline Plc Ordinary Shares,outside_positive_below_2b_market_cap
FROG,JFrog Ltd. Ordinary Shares,outside_positive_below_2b_market_cap
FRPT,Freshpet Inc. Common Stock,outside_positive_below_2b_market_cap
FRSH,Freshworks Inc. Class A Common Stock,outside_positive_below_2b_market_cap
FRT,Federal Realty Investment Trust Common Stock,outside_positive_below_2b_market_cap
FRT^C,Federal Realty Investment Trust Depositary Shares each representing a 1/1000th interest in a 5.000% Series C Cumulative Redeemable Preferred Share,missing_or_invalid_market_cap
FRVO,Fervo Energy Company Class A common stock,outside_positive_below_2b_market_cap
FSHP,Flag Ship Acquisition Corp. Ordinary Shares,outside_positive_below_2b_market_cap
FSHPR,Flag Ship Acquisition Corp. Right,outside_positive_below_2b_market_cap
FSK,FS KKR Capital Corp. Common Stock,outside_positive_below_2b_market_cap
FSLR,First Solar Inc. Common Stock,outside_positive_below_2b_market_cap
FSLY,Fastly Inc. Class A Common Stock,outside_positive_below_2b_market_cap
FSM,Fortuna Mining Corp. Common Shares,outside_positive_below_2b_market_cap
FSS,Federal Signal Corporation Common Stock,outside_positive_below_2b_market_cap
FSSL,FS Specialty Lending Fund Common Shares of Beneficial Interest,outside_positive_below_2b_market_cap
FSV,FirstService Corporation Common Shares,outside_positive_below_2b_market_cap
FTAI,FTAI Aviation Ltd. Common Stock,outside_positive_below_2b_market_cap
FTAIM,FTAI Aviation Ltd. 9.500% Fixed-Rate Reset Series D Cumulative Perpetual Redeemable Preferred Shares,outside_positive_below_2b_market_cap
FTDR,Frontdoor Inc. Common Stock,outside_positive_below_2b_market_cap
FTF,Franklin Limited Duration Income Trust Common Shares of Beneficial Interest,fund_or_income_trust
FTHA,Forefront Tech Holdings Acquisition Corp Class A Ordinary Shares,outside_positive_below_2b_market_cap
FTHY,First Trust High Yield Opportunities 2027 Term Fund Common Stock,fund_or_income_trust
FTI,TechnipFMC plc Ordinary Share,outside_positive_below_2b_market_cap
FTNT,Fortinet Inc. Common Stock,outside_positive_below_2b_market_cap
FTRA,FutureCorp Space Acquisition 1 Class A Ordinary Shares,outside_positive_below_2b_market_cap
FTS,Fortis Inc. Common Shares,outside_positive_below_2b_market_cap
FTV,Fortive Corporation Common Stock ,outside_positive_below_2b_market_cap
FUL,H. B. Fuller Company Common Stock,outside_positive_below_2b_market_cap
FULT,Fulton Financial Corporation Common Stock,outside_positive_below_2b_market_cap
FULTP,Fulton Financial Corporation Depositary Shares Each Representing a 1/40th Interest in a Share of Fixed Rate Non-Cumulative Perpetual Preferred Stock Series A,outside_positive_below_2b_market_cap
FUND,Sprott Focus Trust Inc. Common Stock,fund_or_income_trust
FUSEW,Fusemachines Inc. Warrants,non_common_instrument
FUTU,Futu Holdings Limited American Depositary Shares,outside_positive_below_2b_market_cap
FVAV,Fortress Value Acquisition Corp. V Class A Ordinary Shares,outside_positive_below_2b_market_cap
FVN,Future Vision II Acquisition Corporation Ordinary shares,outside_positive_below_2b_market_cap
FVNNR,Future Vision II Acquisition Corporation Right,outside_positive_below_2b_market_cap
FVNNU,Future Vision II Acquisition Corporation Units,outside_positive_below_2b_market_cap
FWAC,Futurewave Acquisition Corporation Ordinary Shares,outside_positive_below_2b_market_cap
FWACR,Futurewave Acquisition Corporation Rights,outside_positive_below_2b_market_cap
FWACU,Futurewave Acquisition Corporation Units,outside_positive_below_2b_market_cap
FWACW,Futurewave Acquisition Corporation Warrants,outside_positive_below_2b_market_cap
FWONA,Liberty Media Corporation Series A Common Stock,outside_positive_below_2b_market_cap
FWONK,Liberty Media Corporation Series C Common Stock,outside_positive_below_2b_market_cap
FXAC,FortuneX Acquisition Corporation Ordinary shares,outside_positive_below_2b_market_cap
FXACU,FortuneX Acquisition Corporation Units,outside_positive_below_2b_market_cap
G,Genpact Limited Common Stock,outside_positive_below_2b_market_cap
GAB^G,Gabelli Equity Trust Inc. (The) Series G Cumulative Preferred Stock,missing_or_invalid_market_cap
GAB^H,Gabelli Equity Trust Inc. (The) Pfd Ser H,missing_or_invalid_market_cap
GAB^K,Gabelli Equity Trust Inc. (The) 5.00% Series K Cumulative Preferred Stock,missing_or_invalid_market_cap
GAING,Gladstone Investment Corporation 7.125% Notes due 2031,outside_positive_below_2b_market_cap
GAINI,Gladstone Investment Corporation 7.875% Notes due 2030,outside_positive_below_2b_market_cap
GAINZ,Gladstone Investment Corporation 4.875% Notes due 2028,non_common_instrument
GAM^B,General American Investors Company Inc. Cumulative Preferred Stock,missing_or_invalid_market_cap
GAP,Gap Inc. (The) Common Stock,outside_positive_below_2b_market_cap
GATX,GATX Corporation Common Stock,outside_positive_below_2b_market_cap
GAU,Galiano Gold Inc.,unclassified_security_type
GBAB,Guggenheim Taxable Municipal Bond & Investment Grade Debt Trust Common Shares of Beneficial Interest,non_common_instrument
GBCI,Glacier Bancorp Inc. Common Stock,outside_positive_below_2b_market_cap
GBDC,Golub Capital BDC Inc. Common Stock,outside_positive_below_2b_market_cap
GCGR,General Catalyst Global Resilience Merger Corp. Class A Ordinary Shares,outside_positive_below_2b_market_cap
GCLWW,GCL Global Holdings Ltd Warrants,non_common_instrument
GCMG,GCM Grosvenor Inc. Class A Common Stock,outside_positive_below_2b_market_cap
GCV,Gabelli Convertible and Income Securities Fund Inc. (The) Common Stock,fund_or_income_trust
GD,General Dynamics Corporation Common Stock,outside_positive_below_2b_market_cap
GDDY,GoDaddy Inc. Class A Common Stock,outside_positive_below_2b_market_cap
GDL,GDL Fund The Common Shares of Beneficial Interest,outside_positive_below_2b_market_cap
GDO,Western Asset Global Corporate Opportunity Fund Inc. Common Stock,outside_positive_below_2b_market_cap
GDS,GDS Holdings Limited ADS,outside_positive_below_2b_market_cap
GDV,Gabelli Dividend & Income Trust Common Shares of Beneficial Interest,outside_positive_below_2b_market_cap
GDV^H,The Gabelli Dividend & Income Trust 5.375% Series H Cumulative Preferred Shares,missing_or_invalid_market_cap
GDV^K,The Gabelli Dividend & Income Trust 4.250% Series K Cumulative Preferred Shares,missing_or_invalid_market_cap
GE,GE Aerospace Common Stock,outside_positive_below_2b_market_cap
GECC,Great Elm Capital Corp. Common Stock,fund_or_income_trust
GECCG,Great Elm Capital Corp. 7.75% Notes Due 2030,outside_positive_below_2b_market_cap
GECCH,Great Elm Capital Corp. 8.125% Notes Due 2029,outside_positive_below_2b_market_cap
GECCI,Great Elm Capital Corp. 8.50% NOTES DUE 2029,outside_positive_below_2b_market_cap
GEF,Greif Inc. Class A Common Stock,outside_positive_below_2b_market_cap
GEGGL,Great Elm Group Inc.  7.25% Notes due 2027,non_common_instrument
GEHC,GE HealthCare Technologies Inc. Common Stock ,outside_positive_below_2b_market_cap
GEN,Gen Digital Inc. Common Stock,outside_positive_below_2b_market_cap
GENVR,Gen Digital Inc. Contingent Value Rights,non_common_instrument
GEO,Geo Group Inc (The) REIT,outside_positive_below_2b_market_cap
GEV,GE Vernova Inc. Common Stock,outside_positive_below_2b_market_cap
GF,New Germany Fund Inc. (The) Common Stock,outside_positive_below_2b_market_cap
GFF,Griffon Corporation Common Stock,outside_positive_below_2b_market_cap
GFI,Gold Fields Limited American Depositary Shares,outside_positive_below_2b_market_cap
GFL,GFL Environmental Inc. Subordinate voting shares no par value,outside_positive_below_2b_market_cap
GFS,GlobalFoundries Inc. Ordinary Shares,outside_positive_below_2b_market_cap
GFUZW,General Fusion Group Ltd. Warrant,non_common_instrument
GGAL,Grupo Financiero Galicia S.A. American Depositary Shares,outside_positive_below_2b_market_cap
GGB,Gerdau S.A. Common Stock,outside_positive_below_2b_market_cap
GGG,Graco Inc. Common Stock,outside_positive_below_2b_market_cap
GGN,GAMCO Global Gold Natural Resources & Income Trust,outside_positive_below_2b_market_cap
GGN^B,GAMCO Global Gold Natural Reources & Income Trust 5.00% Series B Cumulative 25.00 Liquidation Preference,missing_or_invalid_market_cap
GGT^E,Gabelli Multi-Media Trust Inc. (The) 5.125% Series E Cumulative Preferred Stock,missing_or_invalid_market_cap
GGT^G,Gabelli Multi-Media Trust Inc. (The) 5.125% Series G Cumulative Preferred Shares,missing_or_invalid_market_cap
GGZ,Gabelli Global Small and Mid Cap Value Trust (The) Common Shares of Beneficial Interest,ambiguous_or_pooled_beneficial_interest
GH,Guardant Health Inc. Common Stock,outside_positive_below_2b_market_cap
GHC,Graham Holdings Company Common Stock,outside_positive_below_2b_market_cap
GHI,Greystone Housing Impact Investors LP Beneficial Unit Certificates representing assignments of limited partnership interests,unclassified_security_type
GHXI,Gores Holdings XI Inc. Class A Ordinary Shares,outside_positive_below_2b_market_cap
GHXIW,Gores Holdings XI Inc. Warrant,outside_positive_below_2b_market_cap
GHY,PGIM Global High Yield Fund Inc.,outside_positive_below_2b_market_cap
GIB,CGI Inc. Common Stock,outside_positive_below_2b_market_cap
GIL,Gildan Activewear Inc. Class A Sub. Vot. Common Stock,outside_positive_below_2b_market_cap
GILD,Gilead Sciences Inc. Common Stock,outside_positive_below_2b_market_cap
GIS,General Mills Inc. Common Stock,outside_positive_below_2b_market_cap
GIW,GigCapital8 Corp. Class A Ordinary Shares,outside_positive_below_2b_market_cap
GIWWR,GigCapital8 Corp. Rights,outside_positive_below_2b_market_cap
GIX,GigCapital9 Corp. Class A Ordinary Share,outside_positive_below_2b_market_cap
GIXXR,GigCapital9 Corp. Rights,outside_positive_below_2b_market_cap
GJH,Synthetic Fixed-Income Securities Inc 6.375% (STRATS) Cl A-1,outside_positive_below_2b_market_cap
GJO,Synthetic Fixed-Income Securities Inc. on behalf of STRATS(SM) Trust for Wal-Mart Stores Inc. Securities Series 2004-5,outside_positive_below_2b_market_cap
GJP,Synthetic Fixed-Income Securities Inc. on behalf of STRATS (SM) Trust for Dominion Resources Inc. Securities Series 2005-6 Floating Rate Structured Repackaged Asset-Backed Trust Securities (STRATS) Certificates,outside_positive_below_2b_market_cap
GJR,Synthetic Fixed-Income Securities Inc. STRATS Trust for Procter&Gamble Securities Series 2006-1,outside_positive_below_2b_market_cap
GJS,Goldman Sachs Group Securities STRATS Trust for Goldman Sachs Group Securities Series 2006-2,outside_positive_below_2b_market_cap
GJT,Synthetic Fixed-Income Securities Inc. Floating Rate Structured Repackaged Asset-Backed Trust Securities Certificates Series 2006-3,outside_positive_below_2b_market_cap
GKOS,Glaukos Corporation Common Stock,outside_positive_below_2b_market_cap
GL,Globe Life Inc. Common Stock,outside_positive_below_2b_market_cap
GL^D,Globe Life Inc. 4.25% Junior Subordinated Debentures due 2061,missing_or_invalid_market_cap
GLAD,Gladstone Capital Corporation Common Stock,fund_or_income_trust
GLBE,Global-E Online Ltd. Ordinary Shares,outside_positive_below_2b_market_cap
GLED,GalaxyEdge Acquisition Corporation Ordinary Shares,outside_positive_below_2b_market_cap
GLNDW,Greenland Energy Company Warrant,non_common_instrument
GLNG,Golar Lng Ltd,outside_positive_below_2b_market_cap
GLO,Clough Global Opportunities Fund Common Stock,outside_positive_below_2b_market_cap
GLOP^A,GasLog Partners LP 8.625% Series A Cumulative Redeemable Perpetual Fixed to Floating Rate Preference Units,missing_or_invalid_market_cap
GLOP^B,GasLog Partners LP 8.200% Series B Cumulative Redeemable Perpetual Fixed to Floating Rate Preference Units,missing_or_invalid_market_cap
GLOP^C,GasLog Partners LP 8.500% Series C Cumulative Redeemable Perpetual Fixed to Floating Rate Preference Units,missing_or_invalid_market_cap
GLPI,Gaming and Leisure Properties Inc. Common Stock,outside_positive_below_2b_market_cap
GLQ,Clough Global Equity Fund Clough Global Equity Fund Common Shares of Beneficial Interest,outside_positive_below_2b_market_cap
GLU^A,The Gabelli Global Utility and Income Trust Series A Cumulative Puttable and Callable Preferred Shares,missing_or_invalid_market_cap
GLV,Clough Global Dividend and Income Fund Common Shares of beneficial interest,fund_or_income_trust
GLW,Corning Incorporated Common Stock,outside_positive_below_2b_market_cap
GLXY,Galaxy Digital Inc. Class A Common Stock,outside_positive_below_2b_market_cap
GM,General Motors Company Common Stock,outside_positive_below_2b_market_cap
GMAB,Genmab A/S ADS,outside_positive_below_2b_market_cap
GME,GameStop Corporation Common Stock,outside_positive_below_2b_market_cap
GMED,Globus Medical Inc. Class A Common Stock,outside_positive_below_2b_market_cap
GNL^A,Global Net Lease Inc. 7.25% Series A Cumulative Redeemable Preferred Stock $0.01 par value per share,missing_or_invalid_market_cap
GNL^B,Global Net Lease Inc. 6.875% Series B Cumulative Redeemable Perpetual Preferred Stock,missing_or_invalid_market_cap
GNL^D,Global Net Lease Inc. 7.50% Series D Cumulative Redeemable Perpetual Preferred Stock,missing_or_invalid_market_cap
GNL^E,Global Net Lease Inc. 7.375% Series E Cumulative Redeemable Perpetual Preferred Stock,missing_or_invalid_market_cap
GNRC,Generac Holdlings Inc. Common Stock,outside_positive_below_2b_market_cap
GNT,GAMCO Natural Resources Gold & Income Trust,fund_or_income_trust
GNT^A,GAMCO Natural Resources Gold & Income Tust  5.20% Series A Cumulative Preferred Shares (Liquidation Preference $25.00 per share),missing_or_invalid_market_cap
GNTX,Gentex Corporation Common Stock,outside_positive_below_2b_market_cap
GNW,Genworth Financial Inc Common Stock,outside_positive_below_2b_market_cap
GOF,Guggenheim Strategic Opportunities Fund Common Shares of Beneficial Interest,outside_positive_below_2b_market_cap
GOLF,Acushnet Holdings Corp. Common Stock,outside_positive_below_2b_market_cap
GOODN,Gladstone Commercial Corporation 6.625% Series E Cumulative Redeemable Preferred Stock,non_common_instrument
GOODO,Gladstone Commercial Corporation 6.00% Series G Cumulative Redeemable Preferred Stock par value $0.001 per share,non_common_instrument
GOOG,Alphabet Inc. Class C Capital Stock,outside_positive_below_2b_market_cap
GOOGL,Alphabet Inc. Class A Common Stock,outside_positive_below_2b_market_cap
GOOGM,Alphabet Inc. Depositary Shares representing a 1/20th Interest in a Share of Series A Mandatory Convertible Preferred Stock,outside_positive_below_2b_market_cap
GOOGN,Alphabet Inc. Depositary Shares representing a 1/20th Interest in a Share of Series B Mandatory Convertible Preferred Stock,outside_positive_below_2b_market_cap
GPAC,General Purpose Acquisition Corp. Class A Ordinary Shares,outside_positive_below_2b_market_cap
GPAT,GP-Act III Acquisition Corp. Class A Ordinary Share,outside_positive_below_2b_market_cap
GPATW,GP-Act III Acquisition Corp. Warrants,outside_positive_below_2b_market_cap
GPC,Genuine Parts Company Common Stock,outside_positive_below_2b_market_cap
GPGI,GPGI Inc. Class A Common Stock,outside_positive_below_2b_market_cap
GPI,Group 1 Automotive Inc. Common Stock,outside_positive_below_2b_market_cap
GPJA,Georgia Power Company Series 2017A 5.00% Junior Subordinated Notes due October 1 2077,non_common_instrument
GPK,Graphic Packaging Holding Company,outside_positive_below_2b_market_cap
GPMT^A,Granite Point Mortgage Trust Inc. 7.00% Series A Fixed-to-Floating Rate Cumulative Redeemable Preferred Stock,missing_or_invalid_market_cap
GPN,Global Payments Inc. Common Stock,outside_positive_below_2b_market_cap
GPOR,Gulfport Energy Corporation Common Shares,outside_positive_below_2b_market_cap
GPUS^D,Hyperscale Data Inc. 13.00% Series D Cumulative Redeemable Perpetual Preferred Stock,missing_or_invalid_market_cap
GRAB,Grab Holdings Limited Class A Ordinary Shares,outside_positive_below_2b_market_cap
GRABW,Grab Holdings Limited Warrant,non_common_instrument
GRAL,GRAIL Inc. Common Stock ,outside_positive_below_2b_market_cap
GRBK,Green Brick Partners Inc. Common Stock,outside_positive_below_2b_market_cap
GRBK^A,Green Brick Partners Inc. Depositary Shares (each representing a 1/1000th fractional interest in a share of 5.75% Series A Cumulative Perpetual Preferred Stock),missing_or_invalid_market_cap
GRC,Gorman-Rupp Company (The) Common Stock,outside_positive_below_2b_market_cap
GRDN,Guardian Pharmacy Services Inc. Class A Common Stock,outside_positive_below_2b_market_cap
GREEL,Vulcan Infrastructure and Power Inc. 8.50% Senior Notes due 2026,non_common_instrument
GRF,Eagle Capital Growth Fund Inc. Common Stock,outside_positive_below_2b_market_cap
GRFS,Grifols S.A. American Depositary Shares,outside_positive_below_2b_market_cap
GRMLW,Greenland Mines Ltd Warrant,non_common_instrument
GRMN,Garmin Ltd. Common Stock (Switzerland),outside_positive_below_2b_market_cap
GRND,Grindr Inc. Common Stock,outside_positive_below_2b_market_cap
GRRRW,Gorilla Technology Group Inc. Warrant,non_common_instrument
GRX,The Gabelli Healthcare & Wellness Trust Common Shares of Beneficial Interest,ambiguous_or_pooled_beneficial_interest
GS,Goldman Sachs Group Inc. (The) Common Stock,outside_positive_below_2b_market_cap
GS^A,Goldman Sachs Group Inc. (The) Depositary Shares each representing 1/1000th Interest in a Share of Floating Rate Non-Cumulative Preferred Stock Series A,missing_or_invalid_market_cap
GS^C,Goldman Sachs Group Inc. (The) Depositary Share repstg 1/1000th Preferred Series C,missing_or_invalid_market_cap
GS^D,Goldman Sachs Group Inc. (The) Dep Shs repstg 1/1000 Pfd Ser D Fltg,missing_or_invalid_market_cap
GSAT,Globalstar Inc. Common Stock,outside_positive_below_2b_market_cap
GSHR,Gesher Acquisition Corp. II Class A Ordinary Shares,outside_positive_below_2b_market_cap
GSK,GSK plc American Depositary Shares (Each representing two Ordinary Shares),outside_positive_below_2b_market_cap
GSL^B,Global Ship Lease Inc. Depository Shares Representing 1/100th Perpetual Preferred Series B% (Marshall Island),missing_or_invalid_market_cap
GSRF,GSR IV Acquisition Corp. Class A ordinary share,outside_positive_below_2b_market_cap
GSRV,GSR V Acquisition Corp. Class A ordinary shares,outside_positive_below_2b_market_cap
GSRVR,GSR V Acquisition Corp. Rights,outside_positive_below_2b_market_cap
GTEN,Gores Holdings X Inc. Class A ordinary shares,outside_positive_below_2b_market_cap
GTENU,Gores Holdings X Inc. Units,outside_positive_below_2b_market_cap
GTERA,Globa Terra Acquisition Corporation Class A Ordinary Shares,outside_positive_below_2b_market_cap
GTERU,Globa Terra Acquisition Corporation Units,outside_positive_below_2b_market_cap
GTERW,Globa Terra Acquisition Corporation Warrants,outside_positive_below_2b_market_cap
GTES,Gates Industrial Corporation Ltd. Common Shares,outside_positive_below_2b_market_cap
GTLB,GitLab Inc. Class A Common Stock,outside_positive_below_2b_market_cap
GTX,Garrett Motion Inc. Common Stock,outside_positive_below_2b_market_cap
GUAC,Berto Acquisition Corp. II Ordinary Shares,outside_positive_below_2b_market_cap
GUACU,Berto Acquisition Corp. II Unit,outside_positive_below_2b_market_cap
GUACW,Berto Acquisition Corp. II Warrants,outside_positive_below_2b_market_cap
GUG,Guggenheim Active Allocation Fund Common Shares of Beneficial Interest,outside_positive_below_2b_market_cap
GUT^C,Gabelli Utility Trust (The) 5.375% Series C Cumulative Preferred Shares,missing_or_invalid_market_cap
GVA,Granite Construction Incorporated Common Stock,outside_positive_below_2b_market_cap
GWRE,Guidewire Software Inc. Common Stock,outside_positive_below_2b_market_cap
GWW,W.W. Grainger Inc. Common Stock,outside_positive_below_2b_market_cap
GXO,GXO Logistics Inc. Common Stock ,outside_positive_below_2b_market_cap
H,Hyatt Hotels Corporation Class A Common Stock,outside_positive_below_2b_market_cap
HACQ,HCM IV Acquisition Corp. Class A Ordinary Share,outside_positive_below_2b_market_cap
HAE,Haemonetics Corporation Common Stock,outside_positive_below_2b_market_cap
HAFN,Hafnia Limited Common Shares,outside_positive_below_2b_market_cap
HAL,Halliburton Company Common Stock,outside_positive_below_2b_market_cap
HALO,Halozyme Therapeutics Inc. Common Stock,outside_positive_below_2b_market_cap
HAS,Hasbro Inc. Common Stock,outside_positive_below_2b_market_cap
HASI,HA Sustainable Infrastructure Capital Inc. Common Stock,outside_positive_below_2b_market_cap
HAVA,Harvard Ave Acquisition Corporation Class A Ordinary Share,outside_positive_below_2b_market_cap
HAVAR,Harvard Ave Acquisition Corporation Rights that convert on a 1/10th of 1 basis to Class A ordinary Shares,outside_positive_below_2b_market_cap
HAYW,Hayward Holdings Inc. Common Stock,outside_positive_below_2b_market_cap
HBAN,Huntington Bancshares Incorporated Common Stock,outside_positive_below_2b_market_cap
HBANL,Huntington Bancshares Incorporated Depositary Shares Each Representing a 1/40th Interest in a Share of 6.875% Series J Non-Cumulative Perpetual Preferred Stock,outside_positive_below_2b_market_cap
HBANM,Huntington Bancshares Incorporated Depositary Shares each representing a 1/1000th interest in a share of Huntington Series I Preferred Stock,outside_positive_below_2b_market_cap
HBANP,Huntington Bancshares Incorporated Depositary Shares 4.500% Series H Non-Cumulative Perpetual Preferred Stock,outside_positive_below_2b_market_cap
HBANZ,Huntington Bancshares Incorporated Depositary Shares Each Representing a 1/1000th Interest in a Share of 5.50% Series L Non-Cumulative Perpetual Preferred Stock,outside_positive_below_2b_market_cap
HBM,Hudbay Minerals Inc. Ordinary Shares (Canada),outside_positive_below_2b_market_cap
HCA,HCA Healthcare Inc. Common Stock,outside_positive_below_2b_market_cap
HCAC,Hall Chadwick Acquisition Corp Class A Ordinary Shares,outside_positive_below_2b_market_cap
HCACR,Hall Chadwick Acquisition Corp Rights,outside_positive_below_2b_market_cap
HCC,Warrior Met Coal Inc. Common Stock,outside_positive_below_2b_market_cap
HCI,HCI Group Inc. Common Stock,outside_positive_below_2b_market_cap
HCIC,Hennessy Capital Investment Corp. VIII Class A Ordinary Shares,outside_positive_below_2b_market_cap
HCM,HUTCHMED (China) Limited American Depositary Shares,outside_positive_below_2b_market_cap
HCMAW,HCM III Acquisition Corp. Warrants,non_common_instrument
HCXY,Hercules Capital Inc. 6.25% Notes due 2033,outside_positive_below_2b_market_cap
HD,Home Depot Inc. (The) Common Stock,outside_positive_below_2b_market_cap
HDB,HDFC Bank Limited Common Stock,outside_positive_below_2b_market_cap
HDRNW,Hadron Energy Inc. Warrant,non_common_instrument
HEI,Heico Corporation Common Stock,outside_positive_below_2b_market_cap
HEI/A,Heico Corporation,missing_or_invalid_market_cap
HEQ,John Hancock Diversified Income Fund Common Shares of Beneficial Interest,outside_positive_below_2b_market_cap
HERZ,Herzfeld Credit Income Fund Inc. Common Stock,outside_positive_below_2b_market_cap
HESM,Hess Midstream LP Class A Representing Limited Partner Interests,outside_positive_below_2b_market_cap
HFRO,Highland Opportunities and Income Fund Common Shares of Beneficial Interest,outside_positive_below_2b_market_cap
HFRO^A,Highland Opportunities and Income Fund 5.375% Series A Cumulative Preferred Shares,missing_or_invalid_market_cap
HFRO^B,Highland Opportunities and Income Fund 5.375% Series B Cumulative Preferred Shares,missing_or_invalid_market_cap
HG,Hamilton Insurance Group Ltd. Class B Common Shares,outside_positive_below_2b_market_cap
HGLB,Highland Global Allocation Fund Common Stock,outside_positive_below_2b_market_cap
HGTY,Hagerty Inc. Class A Common Stock,outside_positive_below_2b_market_cap
HGV,Hilton Grand Vacations Inc. Common Stock ,outside_positive_below_2b_market_cap
HHH,Howard Hughes Holdings Inc. Common Stock,outside_positive_below_2b_market_cap
HIG,The Hartford Insurance Group Inc. Common Stock,outside_positive_below_2b_market_cap
HIG^G,The Hartford Insurance Group Inc. Depositary Shares each representing a 1/1000th interest in a share of 6.000% Non-Cumulative Preferred Stock Series G,missing_or_invalid_market_cap
HII,Huntington Ingalls Industries Inc. Common Stock,outside_positive_below_2b_market_cap
HIMS,Hims & Hers Health Inc. Class A Common Stock,outside_positive_below_2b_market_cap
HIMX,Himax Technologies Inc. American Depositary Shares,outside_positive_below_2b_market_cap
HIO,Western Asset High Income Opportunity Fund Inc. Common Stock,outside_positive_below_2b_market_cap
HIW,Highwoods Properties Inc. Common Stock,outside_positive_below_2b_market_cap
HIX,Western Asset High Income Fund II Inc. Common Stock,outside_positive_below_2b_market_cap
HL,Hecla Mining Company Common Stock,outside_positive_below_2b_market_cap
HL^B,Hecla Mining Company Preferred Stock,missing_or_invalid_market_cap
HLI,Houlihan Lokey Inc. Class A Common Stock,outside_positive_below_2b_market_cap
HLIO,Helios Technologies Inc. Common Stock,outside_positive_below_2b_market_cap
HLN,Haleon plc American Depositary Shares (Each representing two Ordinary Shares),outside_positive_below_2b_market_cap
HLNE,Hamilton Lane Incorporated Class A Common Stock,outside_positive_below_2b_market_cap
HLT,Hilton Worldwide Holdings Inc. Common Stock ,outside_positive_below_2b_market_cap
HLXC,Helix Acquisition Corp. III Class A Ordinary Shares,outside_positive_below_2b_market_cap
HMC,Honda Motor Company Ltd. Common Stock,outside_positive_below_2b_market_cap
HMY,Harmony Gold Mining Company Limited,outside_positive_below_2b_market_cap
HNGE,Hinge Health Inc. Class A Common Stock,outside_positive_below_2b_market_cap
HNI,HNI Corporation Common Stock,outside_positive_below_2b_market_cap
HOG,Harley-Davidson Inc. Common Stock,outside_positive_below_2b_market_cap
HOLOW,MicroCloud Hologram Inc. Warrant,non_common_instrument
HOMB,Home BancShares Inc. Common Stock,outside_positive_below_2b_market_cap
HON,Honeywell International Inc. Common Stock,outside_positive_below_2b_market_cap
HONA,Honeywell Aerospace Inc. Common Stock ,outside_positive_below_2b_market_cap
HOOD,Robinhood Markets Inc. Class A Common Stock,outside_positive_below_2b_market_cap
HOVNP,Hovnanian Enterprises Inc Dep Shr Srs A Pfd,non_common_instrument
HOVRW,New Horizon Aircraft Ltd. Warrant,non_common_instrument
HP,Helmerich & Payne Inc. Common Stock,outside_positive_below_2b_market_cap
HPAIW,Helport AI Limited Warrants,non_common_instrument
HPE,Hewlett Packard Enterprise Company Common Stock,outside_positive_below_2b_market_cap
HPE^C,Hewlett Packard Enterprise Company 7.625% Series C Mandatory Convertible Preferred Stock,missing_or_invalid_market_cap
HPF,John Hancock Pfd Income Fund II Pfd Income Fund II,outside_positive_below_2b_market_cap
HPI,John Hancock Preferred Income Fund Common Shares of Beneficial Interest,outside_positive_below_2b_market_cap
HPP^C,Hudson Pacific Properties Inc. 4.750% Series C Cumulative Redeemable Preferred Stock,missing_or_invalid_market_cap
HPQ,HP Inc. Common Stock,outside_positive_below_2b_market_cap
HPS,John Hancock Preferred Income Fund III Preferred Income Fund III,outside_positive_below_2b_market_cap
HQH,abrdn Healthcare Investors Shares of Beneficial Interest,ambiguous_or_pooled_beneficial_interest
HQL,abrdn Life Sciences Investors Shares of Beneficial Interest,ambiguous_or_pooled_beneficial_interest
HQWWW,Horizon Quantum Holdings Ltd. Warrant,non_common_instrument
HQY,HealthEquity Inc. Common Stock,outside_positive_below_2b_market_cap
HR,Healthcare Realty Trust Incorporated Common Stock,outside_positive_below_2b_market_cap
HRB,H&R Block Inc. Common Stock,outside_positive_below_2b_market_cap
HRI,Herc Holdings Inc. Common Stock ,outside_positive_below_2b_market_cap
HRL,Hormel Foods Corporation Common Stock,outside_positive_below_2b_market_cap
HRMY,Harmony Biosciences Holdings Inc. Common Stock,outside_positive_below_2b_market_cap
HSAI,Hesai Group American Depositary Share,outside_positive_below_2b_market_cap
HSBC,HSBC Holdings plc. Common Stock,outside_positive_below_2b_market_cap
HSCSW,HeartSciences Inc. Warrant,non_common_instrument
HSIC,Henry Schein Inc. Common Stock,outside_positive_below_2b_market_cap
HST,Host Hotels & Resorts Inc. Common Stock,outside_positive_below_2b_market_cap
HSY,The Hershey Company Common Stock,outside_positive_below_2b_market_cap
HTD,John Hancock Tax Advantaged Dividend Income Fund Common Shares of Beneficial Interest,outside_positive_below_2b_market_cap
HTFC,Horizon Technology Finance Corporation 6.25% Notes due 2027,non_common_instrument
HTFL,Heartflow Inc. Common Stock,outside_positive_below_2b_market_cap
HTGC,Hercules Capital Inc. Common Stock,outside_positive_below_2b_market_cap
HTH,Hilltop Holdings Inc.,outside_positive_below_2b_market_cap
HTHT,H World Group Limited American Depositary Shares,outside_positive_below_2b_market_cap
HTO,H2O America Common Stock,outside_positive_below_2b_market_cap
HTZWW,Hertz Global Holdings Inc Warrant,non_common_instrument
HUBB,Hubbell Inc Common Stock,outside_positive_below_2b_market_cap
HUBCW,Hub Cyber Security Ltd. Warrant 2/27/28,non_common_instrument
HUBCZ,Hub Cyber Security Ltd. Warrant ,non_common_instrument
HUBS,HubSpot Inc. Common Stock,outside_positive_below_2b_market_cap
HUM,Humana Inc. Common Stock,outside_positive_below_2b_market_cap
HURN,Huron Consulting Group Inc. Common Stock,outside_positive_below_2b_market_cap
HUT,Hut 8 Corp. Common Stock,outside_positive_below_2b_market_cap
HVMC,Highview Merger Corp. Class A Ordinary Share,outside_positive_below_2b_market_cap
HVT/A,Haverty Furniture Companies Inc.,missing_or_invalid_market_cap
HWC,Hancock Whitney Corporation Common Stock,outside_positive_below_2b_market_cap
HWCPZ,Hancock Whitney Corporation 6.25% Subordinated Notes due 2060,non_common_instrument
HWKN,Hawkins Inc. Common Stock,outside_positive_below_2b_market_cap
HWM,Howmet Aerospace Inc. Common Stock,outside_positive_below_2b_market_cap
HXL,Hexcel Corporation Common Stock,outside_positive_below_2b_market_cap
HYI,Western Asset High Yield Opportunity Fund Inc. Common Stock,outside_positive_below_2b_market_cap
HYT,Blackrock Corporate High Yield Fund Inc. Common Stock,outside_positive_below_2b_market_cap
IACO,Idea Acquisition Corp. Class A Ordinary Shares,outside_positive_below_2b_market_cap
IACQ,Irenic Acquisition Corp. Class A Ordinary Shares,outside_positive_below_2b_market_cap
IACQU,Irenic Acquisition Corp. Unit,outside_positive_below_2b_market_cap
IACQW,Irenic Acquisition Corp. Warrants,outside_positive_below_2b_market_cap
IAE,Voya Asia Pacific High Dividend Equity Income Fund ING Asia Pacific High Dividend Equity Income Fund Common Shares of Beneficial Interest,outside_positive_below_2b_market_cap
IAF,abrdn Australia Equity Fund Inc. Common Stock,outside_positive_below_2b_market_cap
IAG,Iamgold Corporation Ordinary Shares,outside_positive_below_2b_market_cap
IBAC,IB Acquisition Corp. Common Stock,outside_positive_below_2b_market_cap
IBACR,IB Acquisition Corp. Right,outside_positive_below_2b_market_cap
IBKR,Interactive Brokers Group Inc. Class A Common Stock,outside_positive_below_2b_market_cap
IBM,International Business Machines Corporation Common Stock,outside_positive_below_2b_market_cap
IBN,ICICI Bank Limited Common Stock,outside_positive_below_2b_market_cap
IBOC,International Bancshares Corporation Common Stock,outside_positive_below_2b_market_cap
IBP,Installed Building Products Inc. Common Stock,outside_positive_below_2b_market_cap
IBRX,ImmunityBio Inc. Common Stock,outside_positive_below_2b_market_cap
ICE,Intercontinental Exchange Inc. Common Stock,outside_positive_below_2b_market_cap
ICHR,Ichor Holdings Ordinary Shares,outside_positive_below_2b_market_cap
ICL,ICL Group Ltd. Ordinary Shares,outside_positive_below_2b_market_cap
ICLR,ICON plc Ordinary Shares,outside_positive_below_2b_market_cap
ICR^A,InPoint Commercial Real Estate Income Inc. 6.75% Series A Cumulative Redeemable Preferred Stock,missing_or_invalid_market_cap
ICUCW,SeaStar Medical Holding Corporation Warrant,non_common_instrument
ICUI,ICU Medical Inc. Common Stock,outside_positive_below_2b_market_cap
IDA,IDACORP Inc. Common Stock,outside_positive_below_2b_market_cap
IDAC,Iron Dome Acquisition I Corp. Class A Ordinary Shares,outside_positive_below_2b_market_cap
IDACU,Iron Dome Acquisition I Corp. Units,outside_positive_below_2b_market_cap
IDCC,InterDigital Inc. Common Stock,outside_positive_below_2b_market_cap
IDE,Voya Infrastructure Industrials and Materials Fund Common Shares of Beneficial Interest,outside_positive_below_2b_market_cap
IDXX,IDEXX Laboratories Inc. Common Stock,outside_positive_below_2b_market_cap
IDYA,IDEAYA Biosciences Inc. Common Stock,outside_positive_below_2b_market_cap
IEAG,Infinite Eagle Acquisition Corp. Class A Ordinary Shares,outside_positive_below_2b_market_cap
IEAGU,Infinite Eagle Acquisition Corp. Unit,outside_positive_below_2b_market_cap
IEP,Icahn Enterprises L.P. Common Stock,outside_positive_below_2b_market_cap
IESC,IES Holdings Inc. Common Stock,outside_positive_below_2b_market_cap
IEX,IDEX Corporation Common Stock,outside_positive_below_2b_market_cap
IFF,International Flavors & Fragrances Inc. Common Stock,outside_positive_below_2b_market_cap
IFN,Aberdeen India Fund Inc. Common Stock,outside_positive_below_2b_market_cap
IFS,Intercorp Financial Services Inc. Common Shares,outside_positive_below_2b_market_cap
IGA,Voya Global Advantage and Premium Opportunity Fund Common Shares of Beneficial Interest,outside_positive_below_2b_market_cap
IGAC,Invest Green Acquisition Corporation Class A Ordinary Shares,outside_positive_below_2b_market_cap
IGD,Voya Global Equity Dividend and Premium Opportunity Fund,outside_positive_below_2b_market_cap
IGI,Western Asset Investment Grade Opportunity Trust Inc. Common Stock,outside_positive_below_2b_market_cap
IGR,CBRE Global Real Estate Income Fund Common Shares of Beneficial Interest,outside_positive_below_2b_market_cap
IHD,Voya Emerging Markets High Income Dividend Equity Fund Common Shares,outside_positive_below_2b_market_cap
IHG,Intercontinental Hotels Group American Depositary Shares (Each representing one Ordinary Share),outside_positive_below_2b_market_cap
IHS,IHS Holding Limited Ordinary Shares,outside_positive_below_2b_market_cap
IIF,Morgan Stanley India Investment Fund Inc. Common Stock,outside_positive_below_2b_market_cap
IIM,Invesco Value Municipal Income Trust Common Stock,fund_or_income_trust
IIPR^A,Innovative Industrial Properties Inc. 9.00% Series A Cumulative Redeemable Preferred Stock,missing_or_invalid_market_cap
ILLRW,Triller Group Inc. Warrant,non_common_instrument
ILLUU,Illumination Acquisition Corp I Units,outside_positive_below_2b_market_cap
ILMN,Illumina Inc. Common Stock,outside_positive_below_2b_market_cap
IMAX,Imax Corporation Common Stock,outside_positive_below_2b_market_cap
IMNM,Immunome Inc. Common Stock,outside_positive_below_2b_market_cap
IMO,Imperial Oil Limited Common Stock,outside_positive_below_2b_market_cap
IMOS,ChipMOS TECHNOLOGIES INC. American Depositary Shares,outside_positive_below_2b_market_cap
IMPPP,Imperial Petroleum Inc. 8.75% Series A Cumulative Redeemable Perpetual Preferred Shares,non_common_instrument
IMSRW,Terrestrial Energy Inc. Warrant,non_common_instrument
IMVT,Immunovant Inc. Common Stock,outside_positive_below_2b_market_cap
INAC,Indigo Acquisition Corp. Ordinary Shares,outside_positive_below_2b_market_cap
INACR,Indigo Acquisition Corp. Right,outside_positive_below_2b_market_cap
INACU,Indigo Acquisition Corp. Unit,outside_positive_below_2b_market_cap
INBKZ,First Internet Bancorp 6.0% Fixed-to-Floating Rate Subordinated Notes Due 2029,non_common_instrument
INCY,Incyte Corp. Common Stock,outside_positive_below_2b_market_cap
INDB,Independent Bank Corp. Common Stock,outside_positive_below_2b_market_cap
INDV,Indivior Pharmaceuticals Inc. Common Stock,outside_positive_below_2b_market_cap
INFQ,Infleqtion Inc. Common Stock,outside_positive_below_2b_market_cap
INFY,Infosys Limited American Depositary Shares,outside_positive_below_2b_market_cap
ING,ING Group N.V. Common Stock,outside_positive_below_2b_market_cap
INGM,Ingram Micro Holding Corporation Common Stock,outside_positive_below_2b_market_cap
INGR,Ingredion Incorporated Common Stock,outside_positive_below_2b_market_cap
INIO,INNIO N.V. Ordinary Shares,outside_positive_below_2b_market_cap
INN^E,Summit Hotel Properties Inc. 6.250% Series E Cumulative Redeemable Preferred Stock,missing_or_invalid_market_cap
INN^F,Summit Hotel Properties Inc. 5.875% Series F Cumulative Redeemable Preferred Stock $0.01 par value per share,missing_or_invalid_market_cap
INOD,Innodata Inc. Common Stock,outside_positive_below_2b_market_cap
INSM,Insmed Incorporated Common Stock,outside_positive_below_2b_market_cap
INSP,Inspire Medical Systems Inc. Common Stock,outside_positive_below_2b_market_cap
INSW,International Seaways Inc. Common Stock ,outside_positive_below_2b_market_cap
INTA,Intapp Inc. Common Stock,outside_positive_below_2b_market_cap
INTC,Intel Corporation Common Stock,outside_positive_below_2b_market_cap
INTR,Inter & Co. Inc. Class A Common Shares,outside_positive_below_2b_market_cap
INTU,Intuit Inc. Common Stock,outside_positive_below_2b_market_cap
INUV,Inuvo Inc.,unclassified_security_type
INVH,Invitation Homes Inc. Common Stock,outside_positive_below_2b_market_cap
IOND,Ionic Digital Inc. Class A Common Stock,outside_positive_below_2b_market_cap
IONQ,IonQ Inc. Common Stock,outside_positive_below_2b_market_cap
IONS,Ionis Pharmaceuticals Inc. Common Stock,outside_positive_below_2b_market_cap
IOSP,Innospec Inc. Common Stock,outside_positive_below_2b_market_cap
IOT,Samsara Inc. Class A Common Stock,outside_positive_below_2b_market_cap
IOVA,Iovance Biotherapeutics Inc. Common Stock,outside_positive_below_2b_market_cap
IP,International Paper Company Common Stock,outside_positive_below_2b_market_cap
IPAR,Interparfums Inc. Common Stock,outside_positive_below_2b_market_cap
IPFX,Inflection Point Acquisition Corp. VI Class A Ordinary Shares,outside_positive_below_2b_market_cap
IPFXW,Inflection Point Acquisition Corp. VI Warrant,outside_positive_below_2b_market_cap
IPGP,IPG Photonics Corporation Common Stock,outside_positive_below_2b_market_cap
IPHXU,Inflection Point Acquisition Corp. VIII Unit,outside_positive_below_2b_market_cap
IPVV,InterPrivate Investment Partners V Inc. Class A Ordinary Shares,outside_positive_below_2b_market_cap
IPVVW,InterPrivate Investment Partners V Inc. Warrants,outside_positive_below_2b_market_cap
IPXG,Inflection Point Acquisition Corp. VII Class A Ordinary Shares,outside_positive_below_2b_market_cap
IPXGU,Inflection Point Acquisition Corp. VII Unit,outside_positive_below_2b_market_cap
IPXGW,Inflection Point Acquisition Corp. VII Warrant,outside_positive_below_2b_market_cap
IQI,Invesco Quality Municipal Income Trust Common Stock,fund_or_income_trust
IQMXW,IQM Quantum Computers Oyj Warrants to purchase American Depositary Shares,non_common_instrument
IQV,IQVIA Holdings Inc. Common Stock,outside_positive_below_2b_market_cap
IR,Ingersoll Rand Inc. Common Stock,outside_positive_below_2b_market_cap
IRAB,Iris Acquisition Corp II Class A Ordinary Shares,outside_positive_below_2b_market_cap
IRDM,Iridium Communications Inc Common Stock,outside_positive_below_2b_market_cap
IREN,IREN Limited Ordinary Shares,outside_positive_below_2b_market_cap
IRHO,Iron Horse Acquisitions II Corp. Common Stock,outside_positive_below_2b_market_cap
IRHOR,Iron Horse Acquisitions Corp. II Rights,outside_positive_below_2b_market_cap
IRM,Iron Mountain Incorporated (Delaware)Common Stock REIT,outside_positive_below_2b_market_cap
IRON,Disc Medicine Inc. Common Stock,outside_positive_below_2b_market_cap
IRT,Independence Realty Trust Inc. Common Stock,outside_positive_below_2b_market_cap
IRTC,iRhythm Holdings Inc. Common Stock,outside_positive_below_2b_market_cap
ISD,PGIM High Yield Bond Fund Inc.,outside_positive_below_2b_market_cap
ISNR,Snow Rothschild Acquisition Corp. Class A Ordinary Shares,outside_positive_below_2b_market_cap
ISNRU,Snow Rothschild Acquisition Corp. Units,outside_positive_below_2b_market_cap
ISNRW,Snow Rothschild Acquisition Corp. Warrants,outside_positive_below_2b_market_cap
ISRG,Intuitive Surgical Inc. Common Stock,outside_positive_below_2b_market_cap
IT,Gartner Inc. Common Stock,outside_positive_below_2b_market_cap
ITGR,Integer Holdings Corporation Common Stock,outside_positive_below_2b_market_cap
ITHA,ITHAX Acquisition Corp III Class A Ordinary Shares,outside_positive_below_2b_market_cap
ITRI,Itron Inc. Common Stock,outside_positive_below_2b_market_cap
ITT,ITT Inc. Common Stock ,outside_positive_below_2b_market_cap
ITUB,Itau Unibanco Banco Holding SA American Depositary Shares (Each repstg 500 Preferred shares),outside_positive_below_2b_market_cap
ITW,Illinois Tool Works Inc. Common Stock,outside_positive_below_2b_market_cap
IVAI,Ives Ultra AI Opportunities Inc. Common Stock,outside_positive_below_2b_market_cap
IVR^C,INVESCO MORTGAGE CAPITAL INC 7.5% Fixed-to-Floating Series C Cumulative Redeemable Preferred Stock Liquation Preference $25.00 per Share,missing_or_invalid_market_cap
IVT,InvenTrust Properties Corp. Common Stock,outside_positive_below_2b_market_cap
IVZ,Invesco Ltd Common Stock,outside_positive_below_2b_market_cap
IX,ORIX Corporation American Depositary Shares,outside_positive_below_2b_market_cap
J,Jacobs Solutions Inc. Common Stock,outside_positive_below_2b_market_cap
JACS,Jackson Acquisition Company II Class A Ordinary Shares,outside_positive_below_2b_market_cap
JAN,Janus Living Inc. Class A-1 Common Stock,outside_positive_below_2b_market_cap
JATT,JATT II Acquisition Corp Ordinary Shares,outside_positive_below_2b_market_cap
JAZZ,Jazz Pharmaceuticals plc Common Stock (Ireland),outside_positive_below_2b_market_cap
JBHT,J.B. Hunt Transport Services Inc. Common Stock,outside_positive_below_2b_market_cap
JBK,Lehman ABS 3.50 3.50% Adjustable Corp Backed Tr Certs GS Cap I,outside_positive_below_2b_market_cap
JBL,Jabil Inc. Common Stock,outside_positive_below_2b_market_cap
JBS,JBS N.V. Class A Common Shares,outside_positive_below_2b_market_cap
JBTM,JBT Marel Corporation Common Stock,outside_positive_below_2b_market_cap
JCE,Nuveen Core Equity Alpha Fund Common Shares of Beneficial Interest,outside_positive_below_2b_market_cap
JCI,Johnson Controls International plc Ordinary Share,outside_positive_below_2b_market_cap
JD,JD.com Inc. American Depositary Shares,outside_positive_below_2b_market_cap
JEF,Jefferies Financial Group Inc. Common Stock,outside_positive_below_2b_market_cap
JENA,Jena Acquisition Corporation II Class A Ordinary Shares,outside_positive_below_2b_market_cap
JFR,Nuveen Floating Rate Income Fund Common Stock,outside_positive_below_2b_market_cap
JGH,Nuveen Global High Income Fund Common Shares of Beneficial Interest,outside_positive_below_2b_market_cap
JHX,James Hardie Industries plc. Ordinary Shares,outside_positive_below_2b_market_cap
JKHY,Jack Henry & Associates Inc. Common Stock,outside_positive_below_2b_market_cap
JLL,Jones Lang LaSalle Incorporated Common Stock,outside_positive_below_2b_market_cap
JLS,Nuveen Mortgage and Income Fund,outside_positive_below_2b_market_cap
JMKE,Jersey Mike's Subs Inc. Class A Common Stock,outside_positive_below_2b_market_cap
JMM,Nuveen Multi-Market Income Fund (MA),outside_positive_below_2b_market_cap
JNJ,Johnson & Johnson Common Stock,outside_positive_below_2b_market_cap
JOBY,Joby Aviation Inc. Common Stock,outside_positive_below_2b_market_cap
JOE,St. Joe Company (The) Common Stock,outside_positive_below_2b_market_cap
JOF,Japan Smaller Capitalization Fund Inc Common Stock,outside_positive_below_2b_market_cap
JONE,Jones Ventures INTL Acquisition1 Corp Class A Ordinary Shares,outside_positive_below_2b_market_cap
JOYY,JOYY Inc. American Depositary Shares,outside_positive_below_2b_market_cap
JPC,Nuveen Preferred & Income Opportunities Fund,outside_positive_below_2b_market_cap
JPM,JP Morgan Chase & Co. Common Stock,outside_positive_below_2b_market_cap
JPM^C,J P Morgan Chase & Co Depositary Shares each representing a 1/400th interest in a share of 6.00% Non-Cumulative  Preferred Stock Series EE,missing_or_invalid_market_cap
JPM^D,J P Morgan Chase & Co Depositary Shares each representing a 1/400th  interest in a share of 5.75% Non-Cumulative  Preferred Stock Series DD,missing_or_invalid_market_cap
JPM^J,J P Morgan Chase & Co Depositary Shares each representing a 1/400th interest in a share of JPMorgan Chase & Co. 4.75% Non-Cumulative Preferred Stock Series GG,missing_or_invalid_market_cap
JPM^K,J P Morgan Chase & Co Depositary Shares each representing a 1/400th interest in a share of 4.55% Non-Cumulative Preferred Stock Series JJ,missing_or_invalid_market_cap
JPM^L,J P Morgan Chase & Co Depositary Shares each representing a 1/400th interest in a share of 4.625% Non-Cumulative Preferred Stock Series LL,missing_or_invalid_market_cap
JPM^M,J P Morgan Chase & Co Depositary Shares each representing a 1/400th interest in a share of 4.20% Non-Cumulative Preferred Stock Series MM,missing_or_invalid_market_cap
JQC,Nuveen Credit Strategies Income Fund Shares of Beneficial Interest,outside_positive_below_2b_market_cap
JRI,Nuveen Real Asset Income and Growth Fund Common Shares of Beneficial Interest,outside_positive_below_2b_market_cap
JRS,Nuveen Real Estate Income Fund Common Shares of Beneficial Interest,outside_positive_below_2b_market_cap
JSM,Navient Corporation 6% Senior Notes due December 15 2043,non_common_instrument
JTTT,JATT III Acquisition Corp Ordinary Shares,outside_positive_below_2b_market_cap
JXN,Jackson Financial Inc. Class A Common Stock ,outside_positive_below_2b_market_cap
JXN^A,Jackson Financial Inc. Depositary Shares each representing a 1/1000th interest in a share of Fixed-Rate Reset Noncumulative Perpetual Preferred Stock Series A,missing_or_invalid_market_cap
KAI,Kadant Inc Common Stock,outside_positive_below_2b_market_cap
KALU,Kaiser Aluminum Corporation Common Stock,outside_positive_below_2b_market_cap
KB,KB Financial Group Inc,outside_positive_below_2b_market_cap
KBH,KB Home Common Stock,outside_positive_below_2b_market_cap
KBON,Karbon Capital Partners Corp. Class A Ordinary Shares,outside_positive_below_2b_market_cap
KBONU,Karbon Capital Partners Corp. Units,outside_positive_below_2b_market_cap
KBR,KBR Inc. Common Stock,outside_positive_below_2b_market_cap
KC,Kingsoft Cloud Holdings Limited American Depositary Shares,outside_positive_below_2b_market_cap
KCHV,Kochav Defense Acquisition Corp. Class A Ordinary Shares,outside_positive_below_2b_market_cap
KCHVU,Kochav Defense Acquisition Corp. Units,outside_positive_below_2b_market_cap
KD,Kyndryl Holdings Inc. Common Stock,outside_positive_below_2b_market_cap
KDKRW,Kodiak AI Inc. Warrants,non_common_instrument
KDP,Keurig Dr Pepper Inc. Common Stock,outside_positive_below_2b_market_cap
KEEL,Keel Infrastructure Corp. Common Stock,outside_positive_below_2b_market_cap
KEN,Kenon Holdings Ltd. Ordinary Shares,outside_positive_below_2b_market_cap
KEP,Korea Electric Power Corporation Common Stock,outside_positive_below_2b_market_cap
KEX,Kirby Corporation Common Stock,outside_positive_below_2b_market_cap
KEY,KeyCorp Common Stock,outside_positive_below_2b_market_cap
KEY^I,KeyCorp Depositary Shares Each Representing a 1/40th Ownership Interest in a Share of Fixed-to-Floating Rate Perpetual Non-Cumulative Preferred Stock Series E,missing_or_invalid_market_cap
KEY^J,KeyCorp Depositary Shares each representing a 1/40th ownership interest in a share of Fixed Rate Perpetual Non-Cumulative Preferred Stock Series F,missing_or_invalid_market_cap
KEY^K,KeyCorp Depositary Shares each representing a 1/40th ownership interest in a share of Fixed Rate Perpetual Non-Cumulative Preferred Stock Series G,missing_or_invalid_market_cap
KEY^L,KeyCorp Depositary Shares each representing a 1/40th ownership interest in a share of Fixed Rate Perpetual Non-Cumulative Preferred Stock Series H,missing_or_invalid_market_cap
KEYS,Keysight Technologies Inc. Common Stock,outside_positive_below_2b_market_cap
KEYY,Keystone Acquisition Corp. Class A Ordinary Shares,outside_positive_below_2b_market_cap
KF,Korea Fund Inc. (The) New Common Stock,outside_positive_below_2b_market_cap
KFII,K&F Growth Acquisition Corp. II Class A Ordinary shares,outside_positive_below_2b_market_cap
KFIIR,K&F Growth Acquisition Corp. II Rights,outside_positive_below_2b_market_cap
KFIIU,K&F Growth Acquisition Corp. II Unit,outside_positive_below_2b_market_cap
KFY,Korn Ferry Common Stock,outside_positive_below_2b_market_cap
KGC,Kinross Gold Corporation Common Stock,outside_positive_below_2b_market_cap
KGS,Kodiak Gas Services Inc. Common Stock,outside_positive_below_2b_market_cap
KHC,The Kraft Heinz Company Common Stock,outside_positive_below_2b_market_cap
KIDZW,KIDZ AI Inc. Warrants,non_common_instrument
KIM,Kimco Realty Corporation (HC) Common Stock,outside_positive_below_2b_market_cap
KIM^L,Kimco Realty Corporation Class L Depositary Shares each of which represents a one-one thousandth fractional interest in a share of 5.125% Class L Cumulative Redeemable Preferred Stock liquidation preference $25000.00 per share,missing_or_invalid_market_cap
KIM^M,Kimco Realty Corporation Class M Depositary Shares each of which represents a one-one thousandth fractional interest in a share of 5.25% Class M Cumulative Redeemable Preferred Stock liquidation preference $25000.00 per share,missing_or_invalid_market_cap
KIM^N,Kimco Realty Corporation Depositary Shares each representing 1/1000th interest in a share of 7.25% Class N Cumulative Convertible Perpetual Preferred Stock,missing_or_invalid_market_cap
KIO,KKR Income Opportunities Fund Common Shares,outside_positive_below_2b_market_cap
KITTW,Nauticus Robotics Inc. Warrant,non_common_instrument
KKR,KKR & Co. Inc. Common Stock,outside_positive_below_2b_market_cap
KKR^D,KKR & Co. Inc. 6.25% Series D Mandatory Convertible Preferred Stock,missing_or_invalid_market_cap
KKRS,KKR Group Finance Co. IX LLC 4.625% Subordinated Notes due 2061,outside_positive_below_2b_market_cap
KKRT,KKR & Co. Inc. 6.875% Subordinated Notes due 2065,outside_positive_below_2b_market_cap
KLAC,KLA Corporation Common Stock,outside_positive_below_2b_market_cap
KLAR,Klarna Group plc Ordinary Shares,outside_positive_below_2b_market_cap
KLIC,Kulicke and Soffa Industries Inc. Common Stock,outside_positive_below_2b_market_cap
KMB,Kimberly-Clark Corporation Common Stock,outside_positive_below_2b_market_cap
KMI,Kinder Morgan Inc. Common Stock,outside_positive_below_2b_market_cap
KMPB,Kemper Corporation 5.875% Fixed-Rate Reset Junior Subordinated Debentures due 2062,non_common_instrument
KMPR,Kemper Corporation,unclassified_security_type
KMT,Kennametal Inc. Common Stock,outside_positive_below_2b_market_cap
KMX,CarMax Inc,outside_positive_below_2b_market_cap
KN,Knowles Corporation Common Stock,outside_positive_below_2b_market_cap
KNF,Knife Riv Holding Co. Common Stock,outside_positive_below_2b_market_cap
KNSA,Kiniksa Pharmaceuticals International plc Class A Ordinary Shares,outside_positive_below_2b_market_cap
KNSL,Kinsale Capital Group Inc. Common Stock,outside_positive_below_2b_market_cap
KNTK,Kinetik Holdings Inc. Class A Common Stock,outside_positive_below_2b_market_cap
KNX,Knight-Swift Transportation Holdings Inc.,outside_positive_below_2b_market_cap
KO,Coca-Cola Company (The) Common Stock,outside_positive_below_2b_market_cap
KOD,Kodiak Sciences Inc Common Stock,outside_positive_below_2b_market_cap
KOF,Coca Cola Femsa S.A.B. de C.V.  American Depositary Shares each representing 10 Units (each Unit consists of 3 Series B Shares and 5 Series L Shares),outside_positive_below_2b_market_cap
KOYN,CSLM Digital Asset Acquisition Corp III Class A Ordinary Shares,outside_positive_below_2b_market_cap
KOYNU,CSLM Digital Asset Acquisition Corp III Units,outside_positive_below_2b_market_cap
KPET,KPET Ultra Paceline Corporation Class A Ordinary Shares,outside_positive_below_2b_market_cap
KR,Kroger Company (The) Common Stock,outside_positive_below_2b_market_cap
KRAQ,KRAKacquisition Corp Class A Ordinary Shares,outside_positive_below_2b_market_cap
KRAQW,KRAKacquisition Corp Warrants,outside_positive_below_2b_market_cap
KRC,Kilroy Realty Corporation Common Stock,outside_positive_below_2b_market_cap
KREF^A,KKR Real Estate Finance Trust Inc. 6.50% Series A Cumulative Redeemable Preferred Stock,missing_or_invalid_market_cap
KRG,Kite Realty Group Trust Common Stock,outside_positive_below_2b_market_cap
KRMN,Karman Holdings Inc. Common Stock,outside_positive_below_2b_market_cap
KRSP,Rice Acquisition Corporation 3 Class A Ordinary Shares,outside_positive_below_2b_market_cap
KRYS,Krystal Biotech Inc. Common Stock,outside_positive_below_2b_market_cap
KSPI,Joint Stock Company Kaspi.kz American Depository Shares,outside_positive_below_2b_market_cap
KSS,Kohl's Corporation Common Stock,outside_positive_below_2b_market_cap
KT,KT Corporation Common Stock,outside_positive_below_2b_market_cap
KTB,Kontoor Brands Inc. Common Stock ,outside_positive_below_2b_market_cap
KTF,DWS Municipal Income Trust,fund_or_income_trust
KTH,Structures Products Cp 8% CorTS Issued by Peco Energy Cap Tr II Preferred Stock,outside_positive_below_2b_market_cap
KTN,Structured Products Corp 8.205% CorTS 8.205% Corporate Backed Trust Securities (CorTS),outside_positive_below_2b_market_cap
KTOS,Kratos Defense & Security Solutions Inc. Common Stock,outside_positive_below_2b_market_cap
KVUE,Kenvue Inc. Common Stock,outside_positive_below_2b_market_cap
KVYO,Klaviyo Inc. Series A Common Stock,outside_positive_below_2b_market_cap
KWR,Quaker Houghton Common Stock,outside_positive_below_2b_market_cap
KYIV,Kyivstar Group Ltd. Common Shares,outside_positive_below_2b_market_cap
KYIVW,Kyivstar Group Ltd. Warrant,non_common_instrument
KYMR,Kymera Therapeutics Inc. Common Stock,outside_positive_below_2b_market_cap
KYN,Kayne Anderson Energy Infrastructure Fund Inc.,fund_or_income_trust
L,Loews Corporation Common Stock,outside_positive_below_2b_market_cap
LAD,Lithia Motors Inc. Common Stock,outside_positive_below_2b_market_cap
LAFA,LaFayette Acquisition Corp. Ordinary Share,outside_positive_below_2b_market_cap
LAMR,Lamar Advertising Company Class A Common Stock,outside_positive_below_2b_market_cap
LANDO,Gladstone Land Corporation 6.00% Series B Cumulative Redeemable Preferred Stock,non_common_instrument
LANDP,Gladstone Land Corporation 6.00% Series C Cumulative Redeemable Preferred Stock,non_common_instrument
LASR,nLIGHT Inc. Common Stock,outside_positive_below_2b_market_cap
LATA,Galata Acquisition Corp. II Class A Ordinary Shares,outside_positive_below_2b_market_cap
LAUR,Laureate Education Inc. Common Stock,outside_positive_below_2b_market_cap
LAZ,Lazard Inc. Common Stock,outside_positive_below_2b_market_cap
LB,LandBridge Company LLC Class A Shares Representing Limited Liability Company Interests,outside_positive_below_2b_market_cap
LBRT,Liberty Energy Inc. Class A common stock,outside_positive_below_2b_market_cap
LBTYA,Liberty Global Ltd. Class A Common Shares,outside_positive_below_2b_market_cap
LBTYB,Liberty Global Ltd. Class B Common Shares,outside_positive_below_2b_market_cap
LBTYK,Liberty Global Ltd. Class C Common Shares,outside_positive_below_2b_market_cap
LCCC,Lakeshore Acquisition III Corp. Ordinary Shares,outside_positive_below_2b_market_cap
LCCCR,Lakeshore Acquisition III Corp. Rights,outside_positive_below_2b_market_cap
LCFYW,Locafy Limited Warrant,non_common_instrument
LCII,LCI Industries,outside_positive_below_2b_market_cap
LCLN,Lincoln International Inc. Class A Common Stock,outside_positive_below_2b_market_cap
LDOS,Leidos Holdings Inc. Common Stock,outside_positive_below_2b_market_cap
LDP,Cohen & Steers Limited Duration Preferred and Income Fund Inc.,outside_positive_below_2b_market_cap
LEA,Lear Corporation Common Stock,outside_positive_below_2b_market_cap
LECO,Lincoln Electric Holdings Inc. Common Shares,outside_positive_below_2b_market_cap
LEDRU,Leader's Advantage Acquisition Corp. Units,outside_positive_below_2b_market_cap
LEGN,Legend Biotech Corporation American Depositary Shares,outside_positive_below_2b_market_cap
LEN,Lennar Corporation Class A Common Stock,outside_positive_below_2b_market_cap
LEU,Centrus Energy Corp. Class A Common Stock,outside_positive_below_2b_market_cap
LEVI,Levi Strauss & Co Class A Common Stock,outside_positive_below_2b_market_cap
LFAC,Leapfrog Acquisition Corporation Class A Ordinary Shares,outside_positive_below_2b_market_cap
LFMDP,LifeMD Inc. 8.875% Series A Cumulative Perpetual Preferred Stock,non_common_instrument
LFST,LifeStance Health Group Inc. Common Stock,outside_positive_below_2b_market_cap
LFT^A,Lument Finance Trust Inc. 7.875% Series A Cumulative Redeemable Preferred Stock,missing_or_invalid_market_cap
LFTO,Liftoff Mobile Inc. Common Stock,outside_positive_below_2b_market_cap
LFUS,Littelfuse Inc. Common Stock,outside_positive_below_2b_market_cap
LGI,Lazard Global Total Return and Income Fund Common Stock,outside_positive_below_2b_market_cap
LGN,Legence Corp. Class A Common stock,outside_positive_below_2b_market_cap
LGND,Ligand Pharmaceuticals Incorporated Common Stock,outside_positive_below_2b_market_cap
LH,Labcorp Holdings Inc. Common Stock,outside_positive_below_2b_market_cap
LHX,L3Harris Technologies Inc. Common Stock,outside_positive_below_2b_market_cap
LI,Li Auto Inc. American Depositary Shares,outside_positive_below_2b_market_cap
LIF,Life360 Inc. Common Stock,outside_positive_below_2b_market_cap
LIFE,Ethos Technologies Inc. Class A Common Stock,outside_positive_below_2b_market_cap
LII,Lennox International Inc. Common Stock,outside_positive_below_2b_market_cap
LILAP,Liberty Latin America Ltd. 9.0% Fixed Rate Cumulative Perpetual Redeemable Series A Preference Shares,outside_positive_below_2b_market_cap
LIN,Linde plc Ordinary Shares,outside_positive_below_2b_market_cap
LIND,Lindblad Expeditions Holdings Inc. Common Stock,outside_positive_below_2b_market_cap
LINE,Lineage Inc. Common Stock,outside_positive_below_2b_market_cap
LION,Lionsgate Studios Corp Common Shares,outside_positive_below_2b_market_cap
LITE,Lumentum Holdings Inc. Common Stock,outside_positive_below_2b_market_cap
LIVN,LivaNova PLC Ordinary Shares,outside_positive_below_2b_market_cap
LKQ,LKQ Corporation Common Stock,outside_positive_below_2b_market_cap
LKSP,Lake Superior Acquisition Corp. Class A Ordinary Shares,outside_positive_below_2b_market_cap
LKSPR,Lake Superior Acquisition Corp. Rights,outside_positive_below_2b_market_cap
LLY,Eli Lilly and Company Common Stock,outside_positive_below_2b_market_cap
LLYVA,Liberty Live Holdings Inc. Series A Liberty Live Group Common Stock,outside_positive_below_2b_market_cap
LLYVK,Liberty Live Holdings Inc. Series C Liberty Live Group Common Stock,outside_positive_below_2b_market_cap
LMND,Lemonade Inc. Common Stock,outside_positive_below_2b_market_cap
LMT,Lockheed Martin Corporation Common Stock,outside_positive_below_2b_market_cap
LNC,Lincoln National Corporation Common Stock,outside_positive_below_2b_market_cap
LNC^D,Lincoln National Corporation Depositary Shares Each Representing a 1/1000th Interest in a Share of 9.000% Non-Cumulative Preferred Stock Series D,missing_or_invalid_market_cap
LNG,Cheniere Energy Inc. Common Stock,outside_positive_below_2b_market_cap
LNT,Alliant Energy Corporation Common Stock,outside_positive_below_2b_market_cap
LNTH,Lantheus Holdings Inc. Common Stock,outside_positive_below_2b_market_cap
LNZAW,LanzaTech Global Inc. Warrant,non_common_instrument
LOAR,Loar Holdings Inc. Common Stock,outside_positive_below_2b_market_cap
LOB^A,Live Oak Bancshares Inc. Depositary Shares Each Representing a 1/40th Interest in a Share of 8.375% Fixed Rate Series A Non-Cumulative Perpetual Preferred Stock,missing_or_invalid_market_cap
LOGI,Logitech International S.A. Ordinary Shares,outside_positive_below_2b_market_cap
LOPE,Grand Canyon Education Inc. Common Stock,outside_positive_below_2b_market_cap
LOVIU,Live Oak Acquisition Corp. VI Units,outside_positive_below_2b_market_cap
LOW,Lowe's Companies Inc. Common Stock,outside_positive_below_2b_market_cap
LPAA,Launch One Acquisition Corp. Class A Ordinary shares,outside_positive_below_2b_market_cap
LPAAU,Launch One Acquisition Corp. Unit,outside_positive_below_2b_market_cap
LPBB,Launch Two Acquisition Corp. Class A Ordinary Shares,outside_positive_below_2b_market_cap
LPBBW,Launch Two Acquisition Corp. Warrant,outside_positive_below_2b_market_cap
LPCV,Launchpad Cadenza Acquisition Corp I Class A Ordinary Share,outside_positive_below_2b_market_cap
LPCVU,Launchpad Cadenza Acquisition Corp I Unit,outside_positive_below_2b_market_cap
LPG,Dorian LPG Ltd. Common Stock,outside_positive_below_2b_market_cap
LPL,LG Display Co Ltd AMERICAN DEPOSITORY SHARES,outside_positive_below_2b_market_cap
LPLA,LPL Financial Holdings Inc. Common Stock,outside_positive_below_2b_market_cap
LPX,Louisiana-Pacific Corporation Common Stock,outside_positive_below_2b_market_cap
LQDA,Liquidia Corporation Common Stock,outside_positive_below_2b_market_cap
LRCX,Lam Research Corporation Common Stock,outside_positive_below_2b_market_cap
LRN,Stride Inc. Common Stock,outside_positive_below_2b_market_cap
LSCC,Lattice Semiconductor Corporation Common Stock,outside_positive_below_2b_market_cap
LSTR,Landstar System Inc. Common Stock,outside_positive_below_2b_market_cap
LTC,LTC Properties Inc. Common Stock,outside_positive_below_2b_market_cap
LTGR,Long Table Growth Corp. Class A Ordinary Shares,outside_positive_below_2b_market_cap
LTGRW,Long Table Growth Corp. Warrants,outside_positive_below_2b_market_cap
LTH,Life Time Group Holdings Inc. Common Stock,outside_positive_below_2b_market_cap
LTM,LATAM Airlines Group S.A. American Depositary Shares (each representing two thousand (2000) shares of Common Stock),outside_positive_below_2b_market_cap
LTRYW,Sports Entertainment Gaming Global Corporation Warrants,non_common_instrument
LUCYW,Innovative Eyewear Inc. Series A Warrants 8/16/27,non_common_instrument
LULU,lululemon athletica inc. Common Stock,outside_positive_below_2b_market_cap
LUMN,Lumen Technologies Inc. Common Stock,outside_positive_below_2b_market_cap
LUNR,Intuitive Machines Inc. Class A Common Stock,outside_positive_below_2b_market_cap
LUV,Southwest Airlines Company Common Stock,outside_positive_below_2b_market_cap
LVS,Las Vegas Sands Corp. Common Stock,outside_positive_below_2b_market_cap
LW,Lamb Weston Holdings Inc. Common Stock ,outside_positive_below_2b_market_cap
LWAC,LightWave Acquisition Corp. Class A Ordinary Shares,outside_positive_below_2b_market_cap
LWACU,LightWave Acquisition Corp. Units,outside_positive_below_2b_market_cap
LWACW,LightWave Acquisition Corp. Warrants,outside_positive_below_2b_market_cap
LXP,LXP Industrial Trust Common Stock (Maryland REIT),outside_positive_below_2b_market_cap
LXP^C,LXP Industrial Trust 6.5% Series C Cumulative Convertible Preferred Stock,missing_or_invalid_market_cap
LYB,LyondellBasell Industries NV Ordinary Shares Class A (Netherlands),outside_positive_below_2b_market_cap
LYFT,Lyft Inc. Class A Common Stock,outside_positive_below_2b_market_cap
LYG,Lloyds Banking Group Plc American Depositary Shares,outside_positive_below_2b_market_cap
LYV,Live Nation Entertainment Inc. Common Stock,outside_positive_below_2b_market_cap
M,Macy's Inc Common Stock,outside_positive_below_2b_market_cap
MA,Mastercard Incorporated Common Stock,outside_positive_below_2b_market_cap
MAA,Mid-America Apartment Communities Inc. Common Stock,outside_positive_below_2b_market_cap
MAAS,Maase Inc. Class A Ordinary Shares,outside_positive_below_2b_market_cap
MAC,Macerich Company (The) Common Stock,outside_positive_below_2b_market_cap
MACI,Melar Acquisition Corp. I Class A Ordinary Shares,outside_positive_below_2b_market_cap
MACIW,Melar Acquisition Corp. I Warrant,outside_positive_below_2b_market_cap
MAIN,Main Street Capital Corporation Common Stock,outside_positive_below_2b_market_cap
MAIR,Madison Air Solutions Corporation Class A Common Stock,outside_positive_below_2b_market_cap
MAN,ManpowerGroup Common Stock,outside_positive_below_2b_market_cap
MANE,Veradermics Incorporated Common Stock,outside_positive_below_2b_market_cap
MANH,Manhattan Associates Inc. Common Stock,outside_positive_below_2b_market_cap
MANU,Manchester United Ltd. Class A Ordinary Shares,outside_positive_below_2b_market_cap
MAR,Marriott International Class A Common Stock,outside_positive_below_2b_market_cap
MARA,MARA Holdings Inc. Common Stock,outside_positive_below_2b_market_cap
MARPS,Marine Petroleum Trust Units of Beneficial Interest,ambiguous_or_pooled_beneficial_interest
MAS,Masco Corporation Common Stock,outside_positive_below_2b_market_cap
MAT,Mattel Inc. Common Stock,outside_positive_below_2b_market_cap
MATX,Matson Inc. Common Stock,outside_positive_below_2b_market_cap
MBGL,Mobility Global Inc. Common Stock,outside_positive_below_2b_market_cap
MBIN,Merchants Bancorp Common Stock,outside_positive_below_2b_market_cap
MBINL,Merchants Bancorp Depositary Shares Each Representing a 1/40thInterest in a Share of 7.25% Fixed Rate Series E Non-CumulativePerpetual Preferred Stock without par value,non_common_instrument
MBINM,Merchants Bancorp Depositary Shares Each Representing a 1/40th Interest in a Share of 8.25% Fixed-Rate Reset Series D Non-Cumulative Perpetual Preferred Stock,non_common_instrument
MBINN,Merchants Bancorp Depositary Shares Preferred Series C,non_common_instrument
MBLY,Mobileye Global Inc. Class A Common Stock,outside_positive_below_2b_market_cap
MBNKO,Medallion Bank Fixed-Rate Reset Non-Cumulative Perpetual Preferred Stock Series G par value $1.00 per share,non_common_instrument
MBVI,M3-Brigade Acquisition VI Corp. Class A Ordinary Shares,outside_positive_below_2b_market_cap
MBVIW,M3-Brigade Acquisition VI Corp. Warrant,outside_positive_below_2b_market_cap
MBX,MBX Biosciences Inc. Common Stock,outside_positive_below_2b_market_cap
MC,Moelis & Company Class A Common Stock,outside_positive_below_2b_market_cap
MCAH,Mountain Crest Acquisition 6 Corp. Ordinary Shares,outside_positive_below_2b_market_cap
MCAHU,Mountain Crest Acquisition 6 Corp. Units,outside_positive_below_2b_market_cap
MCD,McDonald's Corporation Common Stock,outside_positive_below_2b_market_cap
MCGA,Yorkville Acquisition Corp. Class A Ordinary Share,outside_positive_below_2b_market_cap
MCGAW,Yorkville Acquisition Corp. Warrant,outside_positive_below_2b_market_cap
MCHB,Mechanics Bancorp Class A Common Stock,outside_positive_below_2b_market_cap
MCHP,Microchip Technology Incorporated Common Stock,outside_positive_below_2b_market_cap
MCHPP,Microchip Technology Incorporated Depositary Shares Each Representing a 1/20th Interest in a Share of 7.50% Series A Mandatory Convertible Preferred Stock,outside_positive_below_2b_market_cap
MCK,McKesson Corporation Common Stock,outside_positive_below_2b_market_cap
MCN,XAI Madison Equity Premium Income Fund Common Shares,outside_positive_below_2b_market_cap
MCO,Moody's Corporation Common Stock,outside_positive_below_2b_market_cap
MCRI,Monarch Casino & Resort Inc. Common Stock,outside_positive_below_2b_market_cap
MCY,Mercury General Corporation Common Stock,outside_positive_below_2b_market_cap
MD,Pediatrix Medical Group Inc. Common Stock,outside_positive_below_2b_market_cap
MDA,MDA Space Ltd. Common Shares,outside_positive_below_2b_market_cap
MDB,MongoDB Inc. Class A Common Stock,outside_positive_below_2b_market_cap
MDBH,MDB Capital Holdings LLC Class A common,unclassified_security_type
MDGL,Madrigal Pharmaceuticals Inc. Common Stock,outside_positive_below_2b_market_cap
MDLN,Medline Inc. Class A Common Stock,outside_positive_below_2b_market_cap
MDLZ,Mondelez International Inc. Class A Common Stock,outside_positive_below_2b_market_cap
MDT,Medtronic plc. Ordinary Shares,outside_positive_below_2b_market_cap
MDU,MDU Resources Group Inc. Common Stock (Holding Company),outside_positive_below_2b_market_cap
MEDP,Medpace Holdings Inc. Common Stock,outside_positive_below_2b_market_cap
MEGI,NYLIM CBRE Global Infrastructure Megatrends Term Fund Common Shares,outside_positive_below_2b_market_cap
MELI,MercadoLibre Inc. Common Stock,outside_positive_below_2b_market_cap
MEOH,Methanex Corporation Common Stock,outside_positive_below_2b_market_cap
MER^K,Bank of America Corporation Income Capital Obligation Notes initially due December 15 2066,missing_or_invalid_market_cap
MESH,Meshflow Acquisition Corp. Class A Ordinary Shares,outside_positive_below_2b_market_cap
MESHW,Meshflow Acquisition Corp. Warrants,outside_positive_below_2b_market_cap
MET,MetLife Inc. Common Stock,outside_positive_below_2b_market_cap
MET^A,MetLife Inc. Preferred Series A Floating Rate,missing_or_invalid_market_cap
MET^E,MetLife Inc. Depositary Shares ,missing_or_invalid_market_cap
MET^F,MetLife Inc. Depositary Shares each representing a 1/1000th interest in a share of 4.75% Non-Cumulative Preferred Stock Series F,missing_or_invalid_market_cap
META,Meta Platforms Inc. Class A Common Stock,outside_positive_below_2b_market_cap
METCI,Ramaco Resources Inc. 8.250% Senior Notes due 2030,outside_positive_below_2b_market_cap
METCZ,Ramaco Resources Inc. 8.375% Senior Notes due 2029,outside_positive_below_2b_market_cap
MEVO,M Evo Global Acquisition Corp II Class A Ordinary Shares,outside_positive_below_2b_market_cap
MFA,MFA Financial Inc.,unclassified_security_type
MFA^B,MFA Financial Inc. Preferred Series B,missing_or_invalid_market_cap
MFA^C,MFA Financial Inc. 6.50% Series C Fixed-to-Floating Rate Cumulative Redeemable Preferred Stock,missing_or_invalid_market_cap
MFAN,MFA Financial Inc. 8.875% Senior Notes due 2029,outside_positive_below_2b_market_cap
MFAO,MFA Financial Inc. 9.000% Senior Notes due 2029,outside_positive_below_2b_market_cap
MFC,Manulife Financial Corporation Common Stock,outside_positive_below_2b_market_cap
MFG,Mizuho Financial Group Inc. Sponosred ADR (Japan),outside_positive_below_2b_market_cap
MFIC,MidCap Financial Investment Corporation Common Stock,fund_or_income_trust
MFICL,MidCap Financial Investment Corporation 8.00% Notes due 2028,outside_positive_below_2b_market_cap
MFM,Aberdeen Municipal Income Fund Common Shares of Beneficial Interest,fund_or_income_trust
MGA,Magna International Inc. Common Stock,outside_positive_below_2b_market_cap
MGEE,MGE Energy Inc,outside_positive_below_2b_market_cap
MGF,Aberdeen Government Markets Income Fund Common Shares of Beneficial Interest,fund_or_income_trust
MGM,MGM Resorts International Common Stock,outside_positive_below_2b_market_cap
MGNI,Magnite Inc. Common Stock,outside_positive_below_2b_market_cap
MGR,Affiliated Managers Group Inc. 5.875% Junior Subordinated Notes due 2059,non_common_instrument
MGRB,Affiliated Managers Group Inc. 4.750% Junior Subordinated Notes due 2060,non_common_instrument
MGRC,McGrath RentCorp Common Stock,outside_positive_below_2b_market_cap
MGRD,Affiliated Managers Group Inc. 4.200% Junior Subordinated Notes due 2061,non_common_instrument
MGRE,Affiliated Managers Group Inc. 6.750% Junior Subordinated Notes due 2064,non_common_instrument
MGY,Magnolia Oil & Gas Corporation Class A Common Stock,outside_positive_below_2b_market_cap
MH,McGraw Hill Inc. Common Stock,outside_positive_below_2b_market_cap
MHD,Blackrock MuniHoldings Fund Inc. Common Stock,fund_or_income_trust
MHF,Western Asset Municipal High Income Fund Inc. Common Stock,outside_positive_below_2b_market_cap
MHK,Mohawk Industries Inc. Common Stock,outside_positive_below_2b_market_cap
MHLA,Maiden Holdings Ltd. 6.625% Notes due 2046,non_common_instrument
MHNC,Maiden Holdings North America Ltd. 7.75% Notes due 2043,non_common_instrument
MHO,M/I Homes Inc. Common Stock,outside_positive_below_2b_market_cap
MIAC,Meridian3 Industrials Acquisition Corp Class A Ordinary Shares,outside_positive_below_2b_market_cap
MIAX,Miami International Holdings Inc. Common Stock,outside_positive_below_2b_market_cap
MICC,The Magnum Ice Cream Company N.V. Ordinary Shares,outside_positive_below_2b_market_cap
MIDD,Middleby Corporation (The) Common Stock,outside_positive_below_2b_market_cap
MIN,Aberdeen Intermediate Income Fund Common Shares of Beneficial Interest,fund_or_income_trust
MIR,Mirion Technologies Inc. Class A Common Stock,outside_positive_below_2b_market_cap
MIRM,Mirum Pharmaceuticals Inc. Common Stock,outside_positive_below_2b_market_cap
MITN,TPG Mortgage Investment Trust Inc. 9.500% Senior Notes due 2029,non_common_instrument
MITP,TPG Mortgage Investment Trust Inc. 9.500% Senior Notes due 2029,non_common_instrument
MITT^A,TPG Mortgage Investment Trust Inc. 8.25% Series A Cumulative Redeemable Preferred Stock,missing_or_invalid_market_cap
MITT^B,TPG Mortgage Investment Trust Inc. 8.00% Series B Cumulative Redeemable Preferred Stock,missing_or_invalid_market_cap
MITT^C,TPG Mortgage Investment Trust Inc. 8.00% Series C Fixed-to-Floating Rate Cumulative Redeemable Preferred Stock $0.01 par value per share,missing_or_invalid_market_cap
MIY,Blackrock MuniYield Michigan Quality Fund Inc. Common Stock,fund_or_income_trust
MKC,McCormick & Company Incorporated Common Stock,outside_positive_below_2b_market_cap
MKL,Markel Group Inc. Common Stock,outside_positive_below_2b_market_cap
MKLY,McKinley Acquisition Corporation Class A Ordinary Shares,outside_positive_below_2b_market_cap
MKSI,MKS Inc. Common Stock,outside_positive_below_2b_market_cap
MKTX,MarketAxess Holdings Inc. Common Stock,outside_positive_below_2b_market_cap
MLAA,Mountain Lake Acquisition Corp. II Class A Ordinary Shares,outside_positive_below_2b_market_cap
MLAAW,Mountain Lake Acquisition Corp. II Warrants,outside_positive_below_2b_market_cap
MLCIL,Mount Logan Capital Inc. 8.00% Notes Due 2031,outside_positive_below_2b_market_cap
MLECW,Moolec Science SA Warrant,non_common_instrument
MLI,Mueller Industries Inc. Common Stock,outside_positive_below_2b_market_cap
MLM,Martin Marietta Materials Inc. Common Stock,outside_positive_below_2b_market_cap
MLYS,Mineralys Therapeutics Inc. Common Stock,outside_positive_below_2b_market_cap
MMD,NYLIM MacKay DefinedTerm Muni Opportunities Fund Common Shares,outside_positive_below_2b_market_cap
MMED,MiniMed Group Inc. Common Stock,outside_positive_below_2b_market_cap
MMM,3M Company Common Stock,outside_positive_below_2b_market_cap
MMS,Maximus Inc. Common Stock,outside_positive_below_2b_market_cap
MMSI,Merit Medical Systems Inc. Common Stock,outside_positive_below_2b_market_cap
MMT,Aberdeen Multi-Market Income Fund Common Shares of Beneficial Interest,fund_or_income_trust
MMTX,Miluna Acquisition Corp Class A Ordinary Share,outside_positive_below_2b_market_cap
MMTXW,Miluna Acquisition Corp Warrant,outside_positive_below_2b_market_cap
MMU,Western Asset Managed Municipals Fund Inc. Common Stock,outside_positive_below_2b_market_cap
MMYT,MakeMyTrip Limited Ordinary Shares,outside_positive_below_2b_market_cap
MNDY,monday.com Ltd. Ordinary Shares,outside_positive_below_2b_market_cap
MNSBP,MainStreet Bancshares Inc. Depositary Shares,unclassified_security_type
MNSO,MINISO Group Holding Limited American Depositary Shares each representing four Ordinary Shares,outside_positive_below_2b_market_cap
MNST,Monster Beverage Corporation,outside_positive_below_2b_market_cap
MNYWW,MoneyHero Limited Warrants,non_common_instrument
MO,Altria Group Inc.,outside_positive_below_2b_market_cap
MOBBW,Mobilicom Limited Warrants,non_common_instrument
MOBXW,Mobix Labs Inc Warrants,non_common_instrument
MOD,Modine Manufacturing Company Common Stock,outside_positive_below_2b_market_cap
MOH,Molina Healthcare Inc Common Stock,outside_positive_below_2b_market_cap
MORN,Morningstar Inc. Common Stock,outside_positive_below_2b_market_cap
MOS,Mosaic Company (The) Common Stock,outside_positive_below_2b_market_cap
MP,MP Materials Corp. Common Stock,outside_positive_below_2b_market_cap
MPA,Blackrock MuniYield Pennsylvania Quality Fund Common Stock,outside_positive_below_2b_market_cap
MPC,Marathon Petroleum Corporation Common Stock,outside_positive_below_2b_market_cap
MPLX,MPLX LP Common Units Representing Limited Partner Interests,outside_positive_below_2b_market_cap
MPWR,Monolithic Power Systems Inc. Common Stock,outside_positive_below_2b_market_cap
MQY,Blackrock MuniYield Quality Fund Inc. Common Stock,fund_or_income_trust
MRCO,Mercator Acquisition Corp. Class A Ordinary Shares,outside_positive_below_2b_market_cap
MRCOU,Mercator Acquisition Corp. Units,outside_positive_below_2b_market_cap
MRCY,Mercury Systems Inc Common Stock,outside_positive_below_2b_market_cap
MRK,Merck & Company Inc. Common Stock (new),outside_positive_below_2b_market_cap
MRNA,Moderna Inc. Common Stock,outside_positive_below_2b_market_cap
MRNOW,Murano Global Investments PLC Warrants,non_common_instrument
MRP,Millrose Properties Inc. Class A Common Stock,outside_positive_below_2b_market_cap
MRSH,Marsh Common Stock,outside_positive_below_2b_market_cap
MRVI,Maravai LifeSciences Holdings Inc. Class A Common Stock,outside_positive_below_2b_market_cap
MRVL,Marvell Technology Inc. Common Stock,outside_positive_below_2b_market_cap
MRX,Marex Group Limited Ordinary Shares,outside_positive_below_2b_market_cap
MS,Morgan Stanley Common Stock,outside_positive_below_2b_market_cap
MS^A,Morgan Stanley Dep Shs repstg 1/1000 Pfd Ser A,missing_or_invalid_market_cap
MS^E,Morgan Stanley DEPOSITARY SHARES REP 1/1000TH SHARES FIXED/FLTG PREFERRED STOCK SERIES E,missing_or_invalid_market_cap
MS^F,Morgan Stanley Dep Shs Rpstg 1/1000th Int Prd Ser F Fxd to Flag,missing_or_invalid_market_cap
MS^I,Morgan Stanley Depository Shares Representing 1/1000th Preferred Series 1 Fixed to Floating Non (Cum),missing_or_invalid_market_cap
MS^K,Morgan Stanley Depositary Shares each representing 1/1000th of a share of Fixed-to-Floating Rate Non-Cumulative Preferred Stock  Series K,missing_or_invalid_market_cap
MS^L,Morgan Stanley Depositary Shares each representing 1/1000th of a share of 4.875% Non-Cumulative Preferred Stock Series L,missing_or_invalid_market_cap
MS^O,Morgan Stanley Depositary Shares each representing 1/1000th of a share of 4.250% Non-Cumulative Preferred Stock Series O,missing_or_invalid_market_cap
MS^P,Morgan Stanley Depositary Shares each representing 1/1000th of a share of 6.500% Non-Cumulative Preferred Stock Series P,missing_or_invalid_market_cap
MS^Q,Morgan Stanley Depositary Shares each representing 1/1000th of a share of 6.625% Non-Cumulative Preferred Stock Series Q,missing_or_invalid_market_cap
MSA,MSA Safety Incorporated Common Stock,outside_positive_below_2b_market_cap
MSBIP,Midland States Bancorp Inc. Depositary Shares Each Representing a 1/40th Interest in a Share of 7.750% Fixed-Rate Reset Non-Cumulative Perpetual Preferred Stock Series A,non_common_instrument
MSCI,MSCI Inc. Common Stock,outside_positive_below_2b_market_cap
MSD,Morgan Stanley Emerging Markets Debt Fund Inc. Common Stock,outside_positive_below_2b_market_cap
MSDL,Morgan Stanley Direct Lending Fund Common Stock,outside_positive_below_2b_market_cap
MSFT,Microsoft Corporation Common Stock,outside_positive_below_2b_market_cap
MSGE,Madison Square Garden Entertainment Corp. Class A Common Stock,outside_positive_below_2b_market_cap
MSGS,Madison Square Garden Sports Corp. Class A Common Stock (New),outside_positive_below_2b_market_cap
MSI,Motorola Solutions Inc. Common Stock,outside_positive_below_2b_market_cap
MSIF,MSC Income Fund Inc. Common Stock,fund_or_income_trust
MSM,MSC Industrial Direct Company Inc. Common Stock,outside_positive_below_2b_market_cap
MSTR,Strategy Inc Common Stock Class A,outside_positive_below_2b_market_cap
MT,Arcelor Mittal NY Registry Shares NEW,outside_positive_below_2b_market_cap
MTAK,Market Technology Acquisition Corp Class A Ordinary Shares,outside_positive_below_2b_market_cap
MTAKU,Market Technology Acquisition Corp Unit,outside_positive_below_2b_market_cap
MTAKW,Market Technology Acquisition Corp Warrants,outside_positive_below_2b_market_cap
MTB,M&T Bank Corporation Common Stock,outside_positive_below_2b_market_cap
MTB^H,M&T Bank Corporation Perpetual Fixed-to-Floating Rate Non-Cumulative Preferred Stock Series H,missing_or_invalid_market_cap
MTB^J,M&T Bank Corporation Depositary Shares each representing a 1/400th ownership interest in a share of Perpetual 7.500% Non-Cumulative Preferred Stock Series J,missing_or_invalid_market_cap
MTB^K,M&T Bank Corporation Depositary Shares each representing a 1/400th interest in a share of Perpetual 6.350% Non-Cumulative Preferred Stock Series K,missing_or_invalid_market_cap
MTB^L,M&T Bank Corporation Depositary Shares each representing a 1/400th ownership interest in a share of Perpetual 6.625% Non-Cumulative Preferred Stock Series L,missing_or_invalid_market_cap
MTCH,Match Group Inc. Common Stock,outside_positive_below_2b_market_cap
MTD,Mettler-Toledo International Inc. Common Stock,outside_positive_below_2b_market_cap
MTDR,Matador Resources Company Common Stock,outside_positive_below_2b_market_cap
MTG,MGIC Investment Corporation Common Stock,outside_positive_below_2b_market_cap
MTH,Meritage Homes Corporation Common Stock,outside_positive_below_2b_market_cap
MTN,Vail Resorts Inc. Common Stock,outside_positive_below_2b_market_cap
MTNE,CH4 Natural Solutions Corporation Class A Ordinary Shares,outside_positive_below_2b_market_cap
MTRN,Materion Corporation,outside_positive_below_2b_market_cap
MTSI,MACOM Technology Solutions Holdings Inc. Common Stock,outside_positive_below_2b_market_cap
MTX,Minerals Technologies Inc. Common Stock,outside_positive_below_2b_market_cap
MTZ,MasTec Inc. Common Stock,outside_positive_below_2b_market_cap
MU,Micron Technology Inc. Common Stock,outside_positive_below_2b_market_cap
MUA,Blackrock MuniAssets Fund Inc Common Stock,fund_or_income_trust
MUC,Blackrock MuniHoldings California Quality Fund Inc.  Common Stock,fund_or_income_trust
MUFG,Mitsubishi UFJ Financial Group Inc. Common Stock,outside_positive_below_2b_market_cap
MUJ,Blackrock MuniHoldings New Jersey Quality Fund Inc. Common Stock,fund_or_income_trust
MUR,Murphy Oil Corporation Common Stock,outside_positive_below_2b_market_cap
MUSA,Murphy USA Inc. Common Stock,outside_positive_below_2b_market_cap
MUZE,Muzero Acquisition Corp Class A Ordinary Shares,outside_positive_below_2b_market_cap
MUZEW,Muzero Acquisition Corp Warrant,outside_positive_below_2b_market_cap
MWA,MUELLER WATER PRODUCTS Common Stock,outside_positive_below_2b_market_cap
MWH,SOLV Energy Inc. Class A Common Stock,outside_positive_below_2b_market_cap
MXE,Mexico Equity and Income Fund Inc. (The) Common Stock,outside_positive_below_2b_market_cap
MXF,Mexico Fund Inc. (The) Common Stock,outside_positive_below_2b_market_cap
MXL,MaxLinear Inc. Common Stock,outside_positive_below_2b_market_cap
MYI,Blackrock MuniYield Quality Fund III Inc Common Stock,fund_or_income_trust
MYN,Blackrock MuniYield New York Quality Fund Inc.Common Stock,outside_positive_below_2b_market_cap
MYRG,MYR Group Inc. Common Stock,outside_positive_below_2b_market_cap
MYX,Maywood Acquisition Corp. 2 Class A Ordinary Share,outside_positive_below_2b_market_cap
MYXXR,Maywood Acquisition Corp. 2 Rights,outside_positive_below_2b_market_cap
MZTI,The Marzetti Company Common Stock,outside_positive_below_2b_market_cap
MZYX,MOZAYYX Acquisition Corp. Class A Ordinary Shares,outside_positive_below_2b_market_cap
NAC,Nuveen California Quality Municipal Income Fund,outside_positive_below_2b_market_cap
NAD,Nuveen Quality Municipal Income Fund Common Stock,outside_positive_below_2b_market_cap
NAMMW,Namib Minerals Warrants,non_common_instrument
NAMS,NewAmsterdam Pharma Company N.V. Ordinary Shares,outside_positive_below_2b_market_cap
NAN,Nuveen New York Quality Municipal Income Fund Common Stock,outside_positive_below_2b_market_cap
NATL,NCR Atleos Corporation Common Stock,outside_positive_below_2b_market_cap
NAVN,Navan Inc. Class A Common Stock,outside_positive_below_2b_market_cap
NAZ,Nuveen Arizona Quality Municipal Income Fund Common Stock,outside_positive_below_2b_market_cap
NBB,Nuveen Taxable Municipal Income Fund Common Shares of Beneficial Interest,outside_positive_below_2b_market_cap
NBH,Neuberger Municipal Fund Inc. Common Stock,outside_positive_below_2b_market_cap
NBIS,Nebius Group N.V. Class A Ordinary Shares,outside_positive_below_2b_market_cap
NBIX,Neurocrine Biosciences Inc. Common Stock,outside_positive_below_2b_market_cap
NBR,Nabors Industries Ltd.,unclassified_security_type
NBRG,Newbridge Acquisition Limited Class A Ordinary Share,outside_positive_below_2b_market_cap
NBTB,NBT Bancorp Inc. Common Stock,outside_positive_below_2b_market_cap
NBXG,Neuberger Next Generation Connectivity Fund Inc. Common Stock,outside_positive_below_2b_market_cap
NCA,Nuveen California Municipal Value Fund,outside_positive_below_2b_market_cap
NCLH,Norwegian Cruise Line Holdings Ltd. Ordinary Shares,outside_positive_below_2b_market_cap
NCO,Southern Cross Acquisition I Corp. Ordinary Shares,outside_positive_below_2b_market_cap
NCV,Virtus Convertible & Income Fund Common Shares of Beneficial Interest,fund_or_income_trust
NCV^A,Virtus Convertible & Income Fund 5.625% Series A Cumulative Preferred Shares,missing_or_invalid_market_cap
NCZ,Virtus Convertible & Income Fund II Common Shares of Beneficial Interest,fund_or_income_trust
NCZ^A,Virtus Convertible & Income Fund II 5.50% Series A Cumulative Preferred Shares,missing_or_invalid_market_cap
NDAQ,Nasdaq Inc. Common Stock,outside_positive_below_2b_market_cap
NDMO,Nuveen Dynamic Municipal Opportunities Fund Common Shares of Beneficial Interest,fund_or_income_trust
NDSN,Nordson Corporation Common Stock,outside_positive_below_2b_market_cap
NE,Noble Corporation plc A Ordinary Shares,outside_positive_below_2b_market_cap
NEA,Nuveen AMT-Free Quality Municipal Income Fund Common Shares of Beneficial Interest Par Value $.01,outside_positive_below_2b_market_cap
NEE,NextEra Energy Inc. Common Stock,outside_positive_below_2b_market_cap
NEE^N,NextEra Energy Capital Holdings Inc. Series N Junior Subordinated Debentures due March 1 2079,missing_or_invalid_market_cap
NEE^S,NextEra Energy Inc. 7.299% Corporate Units,missing_or_invalid_market_cap
NEE^T,NextEra Energy Inc. 7.234% Corporate Units,missing_or_invalid_market_cap
NEE^U,NextEra Energy Inc. Series U Junior Subordinated Debentures due June 1 2085,missing_or_invalid_market_cap
NEE^V,NextEra Energy Inc. 7.375% Corporate Units,missing_or_invalid_market_cap
NEE^W,NextEra Energy Capital Holdings Inc. Series Z Junior Subordinated Debentures due April 15 2086,missing_or_invalid_market_cap
NEM,Newmont Corporation,outside_positive_below_2b_market_cap
NEN,New England Realty Associates Limited Partnership Class A Depositary Receipts Evidencing Units of Limited Partnership,unclassified_security_type
NEO,NeoGenomics Inc. Common Stock,outside_positive_below_2b_market_cap
NEOG,Neogen Corporation Common Stock,outside_positive_below_2b_market_cap
NEOVW,NeoVolta Inc. Warrant,non_common_instrument
NESR,National Energy Services Reunited Corp Ordinary Shares,outside_positive_below_2b_market_cap
NET,Cloudflare Inc. Class A Common Stock,outside_positive_below_2b_market_cap
NEU,NewMarket Corp Common Stock,outside_positive_below_2b_market_cap
NEWTG,NewtekOne Inc. 8.50% Fixed Rate Senior Notes due 2029,non_common_instrument
NEWTH,NewtekOne Inc. 8.625% Fixed Rate Senior Notes due 2029,outside_positive_below_2b_market_cap
NEWTI,NewtekOne Inc. 8.00% Fixed Rate Senior Notes due 2028,non_common_instrument
NEWTO,NewtekOne Inc. 8.50% Fixed Rate Senior Notes due 2031,outside_positive_below_2b_market_cap
NEWTP,NewtekOne Inc. Depositary Shares Non-Cumulative Perpetual Preferred Stock Series B,non_common_instrument
NEXRW,Nexera Technologies Ltd Warrant,non_common_instrument
NFEGP,New Fortress Energy Inc. Series A Mandatorily Convertible Preferred Stock,outside_positive_below_2b_market_cap
NFG,National Fuel Gas Company Common Stock,outside_positive_below_2b_market_cap
NFJ,Virtus Dividend Interest & Premium Strategy Fund Common Shares of Beneficial Interest,outside_positive_below_2b_market_cap
NFLX,Netflix Inc. Common Stock,outside_positive_below_2b_market_cap
NG,Novagold Resources Inc.,outside_positive_below_2b_market_cap
NGG,National Grid Transco PLC National Grid PLC (NEW) American Depositary Shares,outside_positive_below_2b_market_cap
NGL,NGL ENERGY PARTNERS LP Common Units representing Limited Partner Interests,outside_positive_below_2b_market_cap
NGL^B,NGL ENERGY PARTNERS LP 9.00% Class B Fixed-to-Floating Rate Cumulative Redeemable Perpetual Preferred Units representing limited partnership interests,missing_or_invalid_market_cap
NGL^C,NGL ENERGY PARTNERS LP 9.625% Class C Fixed-to-Floating Rate Cumulative  Redeemable Perpetual Preferred Units representing  limited partner interests,missing_or_invalid_market_cap
NGVT,Ingevity Corporation Common Stock ,outside_positive_below_2b_market_cap
NHC,National HealthCare Corporation Common Stock,outside_positive_below_2b_market_cap
NHI,National Health Investors Inc. Common Stock,outside_positive_below_2b_market_cap
NHIV,NewHold Investment Corp IV Class A Ordinary Shares,outside_positive_below_2b_market_cap
NHIVU,NewHold Investment Corp IV Units,outside_positive_below_2b_market_cap
NHPBP,National Healthcare Properties Inc. 7.125% Series B Cumulative Redeemable Perpetual Preferred Stock,non_common_instrument
NHS,Neuberger High Yield Strategies Fund Inc. Common Stock,outside_positive_below_2b_market_cap
NI,NiSource Inc Common Stock,outside_positive_below_2b_market_cap
NIC,Nicolet Bankshares Inc. Common Stock,outside_positive_below_2b_market_cap
NICE,NICE Ltd American Depositary Shares,outside_positive_below_2b_market_cap
NIE,Virtus Equity & Convertible Income Fund Common Shares of Beneficial Interest,fund_or_income_trust
NIM,Nuveen Select Maturities Municipal Fund Common Stock,outside_positive_below_2b_market_cap
NIO,NIO Inc. American depositary shares each  representing one Class A ordinary share,outside_positive_below_2b_market_cap
NIOBW,NioCorp Developments Ltd. Warrant,non_common_instrument
NIQ,NIQ Global Intelligence plc Ordinary Shares,outside_positive_below_2b_market_cap
NIVFW,NewGenIvf Group Limited Warrants,non_common_instrument
NJR,NewJersey Resources Corporation Common Stock,outside_positive_below_2b_market_cap
NKE,Nike Inc. Common Stock,outside_positive_below_2b_market_cap
NKX,Nuveen California AMT-Free Quality Municipal Income Fund,outside_positive_below_2b_market_cap
NLY,Annaly Capital Management Inc. Common Stock,outside_positive_below_2b_market_cap
NLY^F,Annaly Capital Management Inc 6.95% Series F,missing_or_invalid_market_cap
NLY^G,Annaly Capital Management Inc 6.50% Series G Fixed-to-Floating Rate Cumulative Redeemable Preferred Stock,missing_or_invalid_market_cap
NLY^J,Annaly Capital Management Inc. 8.875% Series J Fixed-Rate Cumulative Redeemable Preferred Stock,missing_or_invalid_market_cap
NMAI,Nuveen Multi-Asset Income Fund Common Shares of Beneficial Interest,outside_positive_below_2b_market_cap
NMCO,Nuveen Municipal Credit Opportunities Fund Common Shares,fund_or_income_trust
NMFCZ,New Mountain Finance Corporation 8.250% Notes due 2028,outside_positive_below_2b_market_cap
NMI,Nuveen Municipal Income Fund Inc. Common Stock,outside_positive_below_2b_market_cap
NMIH,NMI Holdings Inc. Common Stock,outside_positive_below_2b_market_cap
NML,Neuberger Energy Infrastructure and Income Fund Inc. Common Stock,outside_positive_below_2b_market_cap
NMM,Navios Maritime Partners LP Common Units Representing Limited Partner Interests,outside_positive_below_2b_market_cap
NMP,NMP Acquisition Corp. Class A Ordinary Shares,outside_positive_below_2b_market_cap
NMPAR,NMP Acquisition Corp. Right,outside_positive_below_2b_market_cap
NMR,Nomura Holdings Inc ADR American Depositary Shares,outside_positive_below_2b_market_cap
NMRK,Newmark Group Inc. Class A Common Stock,outside_positive_below_2b_market_cap
NMS,Nuveen Minnesota Quality Municipal Income Fund ,outside_positive_below_2b_market_cap
NMT,Nuveen Massachusetts Quality Municipal Income Fund Common Stock,outside_positive_below_2b_market_cap
NMZ,Nuveen Municipal High Income Opportunity Fund Common Stock $0.01 par value per share,outside_positive_below_2b_market_cap
NN,NextNav Inc. Common Stock,outside_positive_below_2b_market_cap
NNI,Nelnet Inc. Common Stock,outside_positive_below_2b_market_cap
NNN,NNN REIT Inc. Common Stock,outside_positive_below_2b_market_cap
NNY,Nuveen New York Municipal Value Fund Common Stock,outside_positive_below_2b_market_cap
NOC,Northrop Grumman Corporation Common Stock,outside_positive_below_2b_market_cap
NOEM,CO2 Energy Transition Corp. Common Stock,outside_positive_below_2b_market_cap
NOEMU,CO2 Energy Transition Corp. Unit,outside_positive_below_2b_market_cap
NOEMW,CO2 Energy Transition Corp. Warrant,outside_positive_below_2b_market_cap
NOG,Northern Oil and Gas Inc. Common Stock,outside_positive_below_2b_market_cap
NOK,Nokia Corporation Sponsored American Depositary Shares,outside_positive_below_2b_market_cap
NOV,NOV Inc. Common Stock,outside_positive_below_2b_market_cap
NOVT,Novanta Inc. Common Stock,outside_positive_below_2b_market_cap
NOVTU,Novanta Inc. Tangible Equity Units,outside_positive_below_2b_market_cap
NOW,ServiceNow Inc. Common Stock,outside_positive_below_2b_market_cap
NP,Neptune Insurance Holdings Inc. Class A Common Stock,outside_positive_below_2b_market_cap
NPAC,New Providence Acquisition Corp. III Class A Ordinary Shares,outside_positive_below_2b_market_cap
NPACU,New Providence Acquisition Corp. III Units,outside_positive_below_2b_market_cap
NPACW,New Providence Acquisition Corp. III Warrants,outside_positive_below_2b_market_cap
NPCT,Nuveen Core Plus Impact Fund Common Shares of Beneficial Interest,outside_positive_below_2b_market_cap
NPFD,Nuveen Variable Rate Preferred & Income Fund Common Shares,outside_positive_below_2b_market_cap
NPO,Enpro Inc. Common Stock,outside_positive_below_2b_market_cap
NPV,Nuveen Virginia Quality Municipal Income Fund Common Stock,outside_positive_below_2b_market_cap
NREF^A,NexPoint Real Estate Finance Inc. 8.50% Series A Cumulative Redeemable Preferred Stock,missing_or_invalid_market_cap
NRG,NRG Energy Inc. Common Stock,outside_positive_below_2b_market_cap
NRIX,Nurix Therapeutics Inc. Common stock,outside_positive_below_2b_market_cap
NRK,Nuveen New York AMT-Free Quality Municipal Income Fund ,outside_positive_below_2b_market_cap
NRO,Neuberger Real Estate Securities Income Fund Inc. Common Stock,outside_positive_below_2b_market_cap
NRP,Natural Resource Partners LP Limited Partnership,unclassified_security_type
NRSNW,NeuroSense Therapeutics Ltd. Warrant,non_common_instrument
NRUC,National Rural Utilities Cooperative Finance Corporation 5.500% Subordinated Notes due 2064 (Subordinated Deferrable Interest Notes),outside_positive_below_2b_market_cap
NSAI,NorthStrive Acquisition Corp I. Class A Ordinary Shares,outside_positive_below_2b_market_cap
NSAIU,NorthStrive Acquisition Corp I. Units,outside_positive_below_2b_market_cap
NSAIW,NorthStrive Acquisition Corp I. Warrants,outside_positive_below_2b_market_cap
NSC,Norfolk Southern Corporation Common Stock,outside_positive_below_2b_market_cap
NSIT,Insight Enterprises Inc. Common Stock,outside_positive_below_2b_market_cap
NSLR,Neostellar Capital Corp. Common Stock,fund_or_income_trust
NSLRL,Neostellar Capital Corp. 6.00% Notes due 2026,non_common_instrument
NTAP,NetApp Inc. Common Stock,outside_positive_below_2b_market_cap
NTB,Bank of N.T. Butterfield & Son Limited (The) Voting Ordinary Shares,outside_positive_below_2b_market_cap
NTCT,NetScout Systems Inc. Common Stock,outside_positive_below_2b_market_cap
NTES,NetEase Inc. American Depositary Shares,outside_positive_below_2b_market_cap
NTNX,Nutanix Inc. Class A Common Stock,outside_positive_below_2b_market_cap
NTR,Nutrien Ltd. Common Shares,outside_positive_below_2b_market_cap
NTRA,Natera Inc. Common Stock,outside_positive_below_2b_market_cap
NTRS,Northern Trust Corporation Common Stock,outside_positive_below_2b_market_cap
NTRSO,Northern Trust Corporation Depositary Shares Each Representing a 1/1000th Interest in a Share of Series E Non-Cumulative Perpetual Preferred Stock,outside_positive_below_2b_market_cap
NTSK,Netskope Inc. Class A Common Stock,outside_positive_below_2b_market_cap
NTWO,Newbury Street II Acquisition Corp Class A Ordinary Shares,outside_positive_below_2b_market_cap
NTWOW,Newbury Street II Acquisition Corp Warrant,outside_positive_below_2b_market_cap
NU,Nu Holdings Ltd. Class A Ordinary Shares,outside_positive_below_2b_market_cap
NUAIW,New Era Energy & Digital Inc. Warrants,non_common_instrument
NUCLW,Eagle Nuclear Energy Corp. Warrants,non_common_instrument
NUE,Nucor Corporation Common Stock,outside_positive_below_2b_market_cap
NUV,Nuveen Municipal Value Fund Inc. Common Stock,outside_positive_below_2b_market_cap
NUW,Nuveen AMT-Free Municipal Value Fund,outside_positive_below_2b_market_cap
NVDA,NVIDIA Corporation Common Stock,outside_positive_below_2b_market_cap
NVG,Nuveen AMT-Free Municipal Credit Income Fund ,outside_positive_below_2b_market_cap
NVMI,Nova Ltd. Ordinary Shares,outside_positive_below_2b_market_cap
NVO,Novo Nordisk A/S Common Stock,outside_positive_below_2b_market_cap
NVR,NVR Inc. Common Stock,outside_positive_below_2b_market_cap
NVS,Novartis AG Common Stock,outside_positive_below_2b_market_cap
NVST,Envista Holdings Corporation Common Stock,outside_positive_below_2b_market_cap
NVT,nVent Electric plc Ordinary Shares ,outside_positive_below_2b_market_cap
NVTS,Navitas Semiconductor Corporation Common Stock,outside_positive_below_2b_market_cap
NWAX,New America Acquisition I Corp. Class A Common Stock,outside_positive_below_2b_market_cap
NWBI,Northwest Bancshares Inc. Common Stock,outside_positive_below_2b_market_cap
NWCL,newcleo plc Ordinary Shares,outside_positive_below_2b_market_cap
NWCLW,newcleo plc Warrants,non_common_instrument
NWE,NorthWestern Energy Group Inc. Common Stock,outside_positive_below_2b_market_cap
NWG,NatWest Group plc American Depositary Shares (each representing two (2) Ordinary Shares),outside_positive_below_2b_market_cap
NWL,Newell Brands Inc. Common Stock,outside_positive_below_2b_market_cap
NWS,News Corporation Class B Common Stock,outside_positive_below_2b_market_cap
NWSA,News Corporation Class A Common Stock,outside_positive_below_2b_market_cap
NXB,NextBoat Inc. Common Stcok,unclassified_security_type
NXDT^A,NexPoint Diversified Real Estate Trust 5.50% Series A Cumulative Preferred Shares ($25.00 liquidation preference per share),missing_or_invalid_market_cap
NXE,Nexgen Energy Ltd. Common Shares,outside_positive_below_2b_market_cap
NXG,NXG NextGen Infrastructure Income Fund Common Shares of Beneficial Interest,fund_or_income_trust
NXGLW,NexGel Inc Warrant,non_common_instrument
NXPI,NXP Semiconductors N.V. Common Stock,outside_positive_below_2b_market_cap
NXST,Nexstar Media Group Inc. Common Stock,outside_positive_below_2b_market_cap
NXT,Nextpower Inc. Common Stock,outside_positive_below_2b_market_cap
NYT,New York Times Company (The) Common Stock,outside_positive_below_2b_market_cap
NZF,Nuveen Municipal Credit Income Fund ,outside_positive_below_2b_market_cap
O,Realty Income Corporation Common Stock,outside_positive_below_2b_market_cap
OABIW,OmniAb Inc. Warrant,non_common_instrument
OACC,Oaktree Acquisition Corp. III Life Sciences Class A Ordinary Share,outside_positive_below_2b_market_cap
OACCU,Oaktree Acquisition Corp. III Life Sciences Unit,outside_positive_below_2b_market_cap
OACCW,Oaktree Acquisition Corp. III Life Sciences Warrant,outside_positive_below_2b_market_cap
OAK^A,Brookfield Oaktree Holdings LLC 6.625% Series A Preferred Units,missing_or_invalid_market_cap
OAK^B,Brookfield Oaktree Holdings LLC 6.550% Series B Preferred Units,missing_or_invalid_market_cap
OBA,Oxley Bridge Acquisition Limited Class A Ordinary Shares,outside_positive_below_2b_market_cap
OBAI,Our Bond Inc. Common Stock,non_common_instrument
OBAWW,Oxley Bridge Acquisition Limited Warrants,outside_positive_below_2b_market_cap
OBDC,Blue Owl Capital Corporation Common Stock,outside_positive_below_2b_market_cap
OC,Owens Corning Inc Common Stock New,outside_positive_below_2b_market_cap
OCAC,Ocean Capital Acquisition Corporation Ordinary Shares,outside_positive_below_2b_market_cap
OCCI,OFS Credit Company Inc. Common Stock,fund_or_income_trust
OCCIM,OFS Credit Company Inc. 7.875% Series F Term Preferred Stock,outside_positive_below_2b_market_cap
OCCIN,OFS Credit Company Inc. 5.25% Series E Term Preferred Stock Due 2026,non_common_instrument
OCLT,OceanLight Acquisition Corporation Ordinary Shares,outside_positive_below_2b_market_cap
OCLTU,OceanLight Acquisition Corporation Units,outside_positive_below_2b_market_cap
OCSAW,Oculis Holding AG Warrants,non_common_instrument
OCSL,Oaktree Specialty Lending Corporation Common Stock,fund_or_income_trust
OCTV,Octave Intelligence plc Class B Ordinary Shares,outside_positive_below_2b_market_cap
ODFL,Old Dominion Freight Line Inc. Common Stock,outside_positive_below_2b_market_cap
OFG,OFG Bancorp Common Stock,outside_positive_below_2b_market_cap
OFS,OFS Capital Corporation Common Stock,fund_or_income_trust
OFSSH,OFS Capital Corporation 4.95% Notes due 2028,non_common_instrument
OFSSO,OFS Capital Corporation 7.50% Notes due 2028,outside_positive_below_2b_market_cap
OGC,OceanaGold Corporation Common Shares,outside_positive_below_2b_market_cap
OGE,OGE Energy Corp Common Stock,outside_positive_below_2b_market_cap
OGGWZ,Osisko Gold Group Inc. Warrant expiring 5/27/2027,non_common_instrument
OGN,Organon & Co. Common Stock ,outside_positive_below_2b_market_cap
OGS,ONE Gas Inc. Common Stock,outside_positive_below_2b_market_cap
OHAC,Oceanhawk Acquisition Corp. Class A Ordinary Shares,outside_positive_below_2b_market_cap
OHACU,Oceanhawk Acquisition Corp. Units,outside_positive_below_2b_market_cap
OHI,Omega Healthcare Investors Inc. Common Stock,outside_positive_below_2b_market_cap
OIA,Invesco Municipal Income Opportunities Trust Common Stock,fund_or_income_trust
OII,Oceaneering International Inc. Common Stock,outside_positive_below_2b_market_cap
OIM,OneIM Acquisition Corp. Class A Ordinary Shares,outside_positive_below_2b_market_cap
OIMAW,OneIM Acquisition Corp. Warrant,outside_positive_below_2b_market_cap
OKE,ONEOK Inc. Common Stock,outside_positive_below_2b_market_cap
OKLO,Oklo Inc. Class A common stock,outside_positive_below_2b_market_cap
OKTA,Okta Inc. Class A Common Stock,outside_positive_below_2b_market_cap
OLED,Universal Display Corporation Common Stock,outside_positive_below_2b_market_cap
OLLI,Ollie's Bargain Outlet Holdings Inc. Common Stock,outside_positive_below_2b_market_cap
OMAB,Grupo Aeroportuario del Centro Norte S.A.B. de C.V. ADS,outside_positive_below_2b_market_cap
OMC,Omnicom Group Inc. Common Stock,outside_positive_below_2b_market_cap
OMF,OneMain Holdings Inc. Common Stock,outside_positive_below_2b_market_cap
ON,ON Semiconductor Corporation Common Stock,outside_positive_below_2b_market_cap
ONB,Old National Bancorp Common Stock,outside_positive_below_2b_market_cap
ONBPO,Old National Bancorp Depositary Shares Each Representing a 1/40th Interest in a Share of Series C Preferred Stock,outside_positive_below_2b_market_cap
ONBPP,Old National Bancorp Depositary Shares Each Representing a 1/40th Interest in a Share of Series A Preferred Stock,outside_positive_below_2b_market_cap
ONC,BeOne Medicines Ltd. American Depositary Shares,outside_positive_below_2b_market_cap
ONCH,1RT Acquisition Corp. Class A Ordinary Share,outside_positive_below_2b_market_cap
ONCHU,1RT Acquisition Corp. Units,outside_positive_below_2b_market_cap
ONCHW,1RT Acquisition Corp. Warrant,outside_positive_below_2b_market_cap
ONDS,Ondas Inc. Common Stock,outside_positive_below_2b_market_cap
ONFOW,Onfolio Holdings Inc. Warrant,non_common_instrument
ONMDW,OneMedNet Corp Warrant,non_common_instrument
ONON,On Holding AG Class A Ordinary Shares,outside_positive_below_2b_market_cap
ONTO,Onto Innovation Inc. Common Stock,outside_positive_below_2b_market_cap
OPCH,Option Care Health Inc. Common Stock,outside_positive_below_2b_market_cap
OPEN,Opendoor Technologies Inc Common Stock,outside_positive_below_2b_market_cap
OPENL,Opendoor Technologies Inc  Series A Warrants each whole warrant exercisable to purchase one share of Common Stock at an exercise price of $13.00 per warrant,non_common_instrument
OPENW,Opendoor Technologies Inc  Series K Warrants each whole warrant exercisable to purchase one share of Common Stock at an exercise price of $9.00 per warrant,non_common_instrument
OPENZ,Opendoor Technologies Inc  Series Z Warrants each whole warrant exercisable to purchase one share of Common Stock at an exercise price of $17.00 per warrant,non_common_instrument
OPLN,OPENLANE Inc. Common Stock,outside_positive_below_2b_market_cap
OPP,RiverNorth/DoubleLine Strategic Opportunity Fund Inc. Common Stock,outside_positive_below_2b_market_cap
OPP^A,RiverNorth/DoubleLine Strategic Opportunity Fund Inc. 4.375% Series A Cumulative Preferred Stock,missing_or_invalid_market_cap
OPP^B,RiverNorth/DoubleLine Strategic Opportunity Fund Inc. 4.75% Series B Cumulative Preferred Stock,missing_or_invalid_market_cap
OPP^C,RiverNorth/DoubleLine Strategic Opportunity Fund Inc. 6.00% Series C Term Preferred Stock (Liquidation Preference $10.00 per share),missing_or_invalid_market_cap
OPTXW,Syntec Optics Holdings Inc. Warrant,non_common_instrument
OR,OR Royalties Inc. Common Shares,outside_positive_below_2b_market_cap
ORA,Ormat Technologies Inc. Common Stock,outside_positive_below_2b_market_cap
ORCL,Oracle Corporation Common Stock,outside_positive_below_2b_market_cap
ORCL^D,Oracle Corporation Depositary Shares each representing a 1/2000th interest in a sh of 6.50% Series D Mandatory Convertible Preferred Stock,missing_or_invalid_market_cap
ORI,Old Republic International Corporation Common Stock,outside_positive_below_2b_market_cap
ORIQ,Origin Investment Corp I Ordinary Shares,outside_positive_below_2b_market_cap
ORIQU,Origin Investment Corp I Units,unclassified_security_type
ORIQW,Origin Investment Corp I Warrant.,outside_positive_below_2b_market_cap
ORKA,Oruka Therapeutics Inc. Common Stock,outside_positive_below_2b_market_cap
ORLY,O'Reilly Automotive Inc. Common Stock,outside_positive_below_2b_market_cap
ORN,Orion Group Holdings Inc. Common,unclassified_security_type
OSCR,Oscar Health Inc. Class A Common Stock,outside_positive_below_2b_market_cap
OSIS,OSI Systems Inc. Common Stock (DE),outside_positive_below_2b_market_cap
OSK,Oshkosh Corporation (Holding Company)Common Stock,outside_positive_below_2b_market_cap
OSPR,Osprey Acquisition Corp. III Class A Ordinary Shares,outside_positive_below_2b_market_cap
OSPRU,Osprey Acquisition Corp. III Units,outside_positive_below_2b_market_cap
OSW,OneSpaWorld Holdings Limited Common Shares,outside_positive_below_2b_market_cap
OTAI,Starlink AI Acquisition Corporation Ordinary Shares,outside_positive_below_2b_market_cap
OTEX,Open Text Corporation Common Shares,outside_positive_below_2b_market_cap
OTF,Blue Owl Technology Finance Corp. Common Stock,outside_positive_below_2b_market_cap
OTGA,OTG Acquisition Corp. I Class A Ordinary Share ,outside_positive_below_2b_market_cap
OTIS,Otis Worldwide Corporation Common Stock ,outside_positive_below_2b_market_cap
OTTR,Otter Tail Corporation Common Stock,outside_positive_below_2b_market_cap
OUST,Ouster Inc. Common Stock,outside_positive_below_2b_market_cap
OUT,OUTFRONT Media Inc. Common Stock,outside_positive_below_2b_market_cap
OVV,Ovintiv Inc. (DE),outside_positive_below_2b_market_cap
OWL,Blue Owl Capital Inc. Class A Common Stock,outside_positive_below_2b_market_cap
OXBRW,Oxbridge Re Holdings Limited Warrant expiring 3/26/2029,non_common_instrument
OXLC,Oxford Lane Capital Corp. Common Stock,fund_or_income_trust
OXLCG,Oxford Lane Capital Corp. 7.95% Notes due 2032,outside_positive_below_2b_market_cap
OXLCI,Oxford Lane Capital Corp. 8.75% Notes due 2030,outside_positive_below_2b_market_cap
OXLCL,Oxford Lane Capital Corp. 6.75% Notes due 2031,outside_positive_below_2b_market_cap
OXLCM,Oxford Lane Capital Corp. Preferred Stock Shares 8.25% Series 2031,outside_positive_below_2b_market_cap
OXLCN,Oxford Lane Capital Corp. 7.125% Series 2029 Term Preferred Stock,outside_positive_below_2b_market_cap
OXLCO,Oxford Lane Capital Corp. Preferred Stock Shares 6.00% Series 2029,outside_positive_below_2b_market_cap
OXLCZ,Oxford Lane Capital Corp. 5.00% Notes due 2027,outside_positive_below_2b_market_cap
OXSQ,Oxford Square Capital Corp. Common Stock,fund_or_income_trust
OXSQG,Oxford Square Capital Corp. 5.50% Notes due 2028,non_common_instrument
OXSQH,Oxford Square Capital Corp. 7.75% Notes due 2030,outside_positive_below_2b_market_cap
OXY,Occidental Petroleum Corporation Common Stock,outside_positive_below_2b_market_cap
OYSE,Oyster Enterprises II Acquisition Corp Class A Ordinary Shares,outside_positive_below_2b_market_cap
OYSER,Oyster Enterprises II Acquisition Corp Rights,outside_positive_below_2b_market_cap
OZ,Belpointe PREP LLC Class A Units,unclassified_security_type
OZK,Bank OZK Common Stock,outside_positive_below_2b_market_cap
OZKAP,Bank OZK 4.625% Series A Non-Cumulative Perpetual Preferred Stock,non_common_instrument
P,Everpure Inc. Class A common stock,outside_positive_below_2b_market_cap
PAA,Plains All American Pipeline L.P. Common Units representing Limited Partner Interests,outside_positive_below_2b_market_cap
PAACU,Proem Acquisition Corp I Units,outside_positive_below_2b_market_cap
PAACW,Proem Acquisition Corp I Warrants,outside_positive_below_2b_market_cap
PAAS,Pan American Silver Corp. Common Stock,outside_positive_below_2b_market_cap
PAC,Grupo Aeroportuario Del Pacifico S.A. B. de C.V. Grupo Aeroportuario Del Pacifico S.A. de C.V. (each representing 10 Series B shares),outside_positive_below_2b_market_cap
PACH,Pioneer Acquisition I Corp Class A Ordinary Shares,outside_positive_below_2b_market_cap
PACHW,Pioneer Acquisition I Corp Warrants,outside_positive_below_2b_market_cap
PACS,PACS Group Inc. Common Stock,outside_positive_below_2b_market_cap
PAG,Penske Automotive Group Inc. Common Stock,outside_positive_below_2b_market_cap
PAGP,Plains GP Holdings L.P. Class A Units representing Limited Partner Interests,outside_positive_below_2b_market_cap
PAGS,PagSeguro Digital Ltd. Class A Common Shares,outside_positive_below_2b_market_cap
PAI,Western Asset Investment Grade Income Fund Inc.,outside_positive_below_2b_market_cap
PAII,Pyrophyte Acquisition Corp. II Class A Ordinary Shares,outside_positive_below_2b_market_cap
PALO,Paloma Acquisition Corp I Class A Ordinary Shares,outside_positive_below_2b_market_cap
PAM,Pampa Energia S.A.,outside_positive_below_2b_market_cap
PANW,Palo Alto Networks Inc. Common Stock,outside_positive_below_2b_market_cap
PARA,Banzai International Inc. Class A Common Stock,missing_or_invalid_market_cap
PARAW,Banzai International Inc. Warrant,non_common_instrument
PARR,Par Pacific Holdings Inc.  Common Stock,outside_positive_below_2b_market_cap
PATH,UiPath Inc. Class A Common Stock,outside_positive_below_2b_market_cap
PATK,Patrick Industries Inc. Common Stock,outside_positive_below_2b_market_cap
PAXS,PIMCO Access Income Fund Common Shares of Beneficial Interest,outside_positive_below_2b_market_cap
PAY,Paymentus Holdings Inc. Class A Common Stock,outside_positive_below_2b_market_cap
PAYC,Paycom Software Inc. Common Stock,outside_positive_below_2b_market_cap
PAYO,Payoneer Global Inc. Common Stock,outside_positive_below_2b_market_cap
PAYP,PayPay Corporation American Depository Shares,outside_positive_below_2b_market_cap
PAYX,Paychex Inc. Common Stock,outside_positive_below_2b_market_cap
PB,Prosperity Bancshares Inc. Common Stock,outside_positive_below_2b_market_cap
PBA,Pembina Pipeline Corp. Ordinary Shares (Canada),outside_positive_below_2b_market_cap
PBF,PBF Energy Inc. Class A Common Stock,outside_positive_below_2b_market_cap
PBH,Prestige Consumer Healthcare Inc. Common Stock,outside_positive_below_2b_market_cap
PBI,Pitney Bowes Inc. Common Stock,outside_positive_below_2b_market_cap
PBI^B,Pitney Bowes Inc 6.70% Notes Due 2043,missing_or_invalid_market_cap
PBLS,Parabilis Medicines Inc. Common Stock,outside_positive_below_2b_market_cap
PBR,Petroleo Brasileiro S.A. Petrobras ADS,outside_positive_below_2b_market_cap
PCAP,ProCap Acquisition Corp Class A Ordinary Shares,outside_positive_below_2b_market_cap
PCAPU,ProCap Acquisition Corp Unit,outside_positive_below_2b_market_cap
PCAR,PACCAR Inc. Common Stock,outside_positive_below_2b_market_cap
PCF,High Income Securities Fund Common Stock,outside_positive_below_2b_market_cap
PCG,Pacific Gas & Electric Co. Common Stock,outside_positive_below_2b_market_cap
PCG^A,Pacific Gas & Electric Co. 6% Preferred Stock,missing_or_invalid_market_cap
PCG^B,Pacific Gas & Electric Co. 5 1/2% Preferred Stock,missing_or_invalid_market_cap
PCG^C,Pacific Gas & Electric Co. 5% 1st Preferred Stock,missing_or_invalid_market_cap
PCG^D,Pacific Gas & Electric Co. 5% 1st  Red. Preferred Stock,missing_or_invalid_market_cap
PCG^E,Pacific Gas & Electric Co. 5% 1st A Preferred Stock,missing_or_invalid_market_cap
PCG^G,Pacific Gas & Electric Co. 4.80% 1st Preferred Stock,missing_or_invalid_market_cap
PCG^H,Pacific Gas & Electric Co. 4.50% 1st Preferred Stock,missing_or_invalid_market_cap
PCG^I,Pacific Gas & Electric Co. 4.36% 1st Preferred Stock,missing_or_invalid_market_cap
PCG^X,PG&E Corp 6.000% Series A Mandatory Convertible Preferred Stock,missing_or_invalid_market_cap
PCM,PCM Fund Inc. Common Stock,outside_positive_below_2b_market_cap
PCN,Pimco Corporate & Income Strategy Fund Common Stock,outside_positive_below_2b_market_cap
PCOR,Procore Technologies Inc. Common Stock,outside_positive_below_2b_market_cap
PCQ,PIMCO California Municipal Income Fund Common Stock,outside_positive_below_2b_market_cap
PCTTW,PureCycle Technologies Inc. Warrant,non_common_instrument
PCTY,Paylocity Holding Corporation Common Stock,outside_positive_below_2b_market_cap
PCVX,Vaxcyte Inc. Common Stock,outside_positive_below_2b_market_cap
PDCC,Pearl Diver Credit Company Inc. Common Stock,outside_positive_below_2b_market_cap
PDD,PDD Holdings Inc. American Depositary Shares,outside_positive_below_2b_market_cap
PDFS,PDF Solutions Inc. Common Stock,outside_positive_below_2b_market_cap
PDI,PIMCO Dynamic Income Fund Common Stock,outside_positive_below_2b_market_cap
PDO,PIMCO Dynamic Income Opportunities Fund Common Shares of Beneficial Interest,fund_or_income_trust
PDPA,Pearl Diver Credit Company Inc. 8.00% Series A Preferred Stock Due 2029,outside_positive_below_2b_market_cap
PDT,John Hancock Premium Dividend Fund,outside_positive_below_2b_market_cap
PDX,PIMCO Dynamic Income Strategy Fund Common Shares of Beneficial Interest,fund_or_income_trust
PEB,Pebblebrook Hotel Trust Common Shares of Beneficial Interest,outside_positive_below_2b_market_cap
PEB^E,Pebblebrook Hotel Trust 6.375% Series E Cumulative Redeemable Preferred Shares of Beneficial Interest,missing_or_invalid_market_cap
PEB^F,Pebblebrook Hotel Trust 6.3% Series F Cumulative Redeemable Preferred Shares of Beneficial Interest,missing_or_invalid_market_cap
PEB^G,Pebblebrook Hotel Trust 6.375% Series G Cumulative Redeemable Preferred Shares of Beneficial Interest,missing_or_invalid_market_cap
PEB^H,Pebblebrook Hotel Trust 5.700% Series H Cumulative Redeemable Preferred Shares of Beneficial Interest,missing_or_invalid_market_cap
PECE,Peace Acquisition Corp Ordinary Shares,outside_positive_below_2b_market_cap
PECEU,Peace Acquisition Corp Units,outside_positive_below_2b_market_cap
PECO,Phillips Edison & Company Inc. Common Stock,outside_positive_below_2b_market_cap
PEG,Public Service Enterprise Group Incorporated Common Stock,outside_positive_below_2b_market_cap
PEGA,Pegasystems Inc. Common Stock,outside_positive_below_2b_market_cap
PEN,Penumbra Inc. Common Stock,outside_positive_below_2b_market_cap
PENG,Penguin Solutions Inc. Common Stock,outside_positive_below_2b_market_cap
PEO,Adams Natural Resources Fund Inc. Common Stock,outside_positive_below_2b_market_cap
PEP,PepsiCo Inc. Common Stock,outside_positive_below_2b_market_cap
PFBC,Preferred Bank Common Stock,non_common_instrument
PFD,Flaherty & Crumrine Preferred and Income Fund Incorporated,outside_positive_below_2b_market_cap
PFE,Pfizer Inc. Common Stock,outside_positive_below_2b_market_cap
PFG,Principal Financial Group Inc Common Stock,outside_positive_below_2b_market_cap
PFGC,Performance Food Group Company Common Stock,outside_positive_below_2b_market_cap
PFH,Prudential Financial Inc. 4.125% Junior Subordinated Notes due 2060,outside_positive_below_2b_market_cap
PFL,PIMCO Income Strategy Fund Shares of Beneficial Interest,outside_positive_below_2b_market_cap
PFLA,PennantPark Floating Rate Capital Ltd. 7.375% Notes Due 2031,outside_positive_below_2b_market_cap
PFN,PIMCO Income Strategy Fund II,outside_positive_below_2b_market_cap
PFO,Flaherty & Crumrine Preferred and Income Opportunity Fund Incorporated,outside_positive_below_2b_market_cap
PFS,Provident Financial Services Inc Common Stock,outside_positive_below_2b_market_cap
PFSI,PennyMac Financial Services Inc. Common Stock,outside_positive_below_2b_market_cap
PFXNZ,PhenixFIN Corporation  5.25% Notes due 2028,non_common_instrument
PG,Procter & Gamble Company (The) Common Stock,outside_positive_below_2b_market_cap
PGAC,Pantages Capital Acquisition Corporation Class A Ordinary Shares,outside_positive_below_2b_market_cap
PGACU,Pantages Capital Acquisition Corporation Unit,outside_positive_below_2b_market_cap
PGEN,Precigen Inc. Common Stock,outside_positive_below_2b_market_cap
PGP,Pimco Global StocksPlus & Income Fund Common Shares of Beneficial Interest,outside_positive_below_2b_market_cap
PGR,Progressive Corporation (The) Common Stock,outside_positive_below_2b_market_cap
PGYWW,Pagaya Technologies Ltd. Warrants,non_common_instrument
PGZ,Principal Real Estate Income Fund Common Shares of Beneficial Interest,outside_positive_below_2b_market_cap
PH,Parker-Hannifin Corporation Common Stock,outside_positive_below_2b_market_cap
PHG,Koninklijke Philips N.V. NY Registry Shares,outside_positive_below_2b_market_cap
PHI,PLDT Inc. Sponsored ADR,outside_positive_below_2b_market_cap
PHIN,PHINIA Inc. Common Stock,outside_positive_below_2b_market_cap
PHK,Pimco High Income Fund,outside_positive_below_2b_market_cap
PHM,PulteGroup Inc. Common Stock,outside_positive_below_2b_market_cap
PHVS,Pharvaris N.V. Ordinary Shares,outside_positive_below_2b_market_cap
PHXE^,Phoenix Energy One LLC Series A Cumulative Redeemable Preferred Shares,missing_or_invalid_market_cap
PI,Impinj Inc. Common Stock,outside_positive_below_2b_market_cap
PII,Polaris Inc. Common Stock,outside_positive_below_2b_market_cap
PIIIW,P3 Health Partners Inc. Warrant,non_common_instrument
PIM,Franklin Master Intermediate Income Trust Shares of Beneficial Interest,fund_or_income_trust
PINE^A,Alpine Income Property Trust Inc. 8.00% Series A Cumulative Redeemable Preferred Stock,missing_or_invalid_market_cap
PINS,Pinterest Inc. Class A Common Stock,outside_positive_below_2b_market_cap
PIPR,Piper Sandler Companies Common Stock,outside_positive_below_2b_market_cap
PJT,PJT Partners Inc. Class A Common Stock,outside_positive_below_2b_market_cap
PK,Park Hotels & Resorts Inc. Common Stock ,outside_positive_below_2b_market_cap
PKG,Packaging Corporation of America Common Stock,outside_positive_below_2b_market_cap
PKX,POSCO HOLDINGS INC. American Depositary Shares (Each representing 1/4th of a share of Common Stock),outside_positive_below_2b_market_cap
PL,Planet Labs PBC Class A Common Stock,outside_positive_below_2b_market_cap
PLBL,Polibeli Group Ltd Class A Ordinary Shares,outside_positive_below_2b_market_cap
PLCI,Pelican Acquisition II Corporation Ordinary Shares,outside_positive_below_2b_market_cap
PLD,Prologis Inc. Common Stock,outside_positive_below_2b_market_cap
PLGO,Pelagos Insurance Capital Limited Common Shares,outside_positive_below_2b_market_cap
PLMK,Plum Acquisition Corp. IV Class A Ordinary Shares,outside_positive_below_2b_market_cap
PLMKW,Plum Acquisition Corp. IV Warrants,outside_positive_below_2b_market_cap
PLMR,Palomar Holdings Inc. Common stock,outside_positive_below_2b_market_cap
PLNT,Planet Fitness Inc. Common Stock,outside_positive_below_2b_market_cap
PLPC,Preformed Line Products Company Common Stock,outside_positive_below_2b_market_cap
PLSE,Pulse Biosciences Inc Common Stock (DE),outside_positive_below_2b_market_cap
PLTR,Palantir Technologies Inc. Class A Common Stock,outside_positive_below_2b_market_cap
PLUG,Plug Power Inc. Common Stock,outside_positive_below_2b_market_cap
PLUN,Plutonian Acquisition Corp II Class A Ordinary Shares,outside_positive_below_2b_market_cap
PLUS,ePlus inc. Common Stock,outside_positive_below_2b_market_cap
PLXS,Plexus Corp. Common Stock,outside_positive_below_2b_market_cap
PM,Philip Morris International Inc Common Stock,outside_positive_below_2b_market_cap
PML,Pimco Municipal Income Fund II Common Shares of Beneficial Interest,outside_positive_below_2b_market_cap
PMM,Franklin Managed Municipal Income Trust Shares of Beneficial Interest,fund_or_income_trust
PMO,Franklin Municipal Opportunities Trust Shares of Beneficial Interest,fund_or_income_trust
PMT^A,PennyMac Mortgage Investment Trust 8.125% Series A Fixed-to-Floating Rate Cumulative Redeemable Preferred Shares of Beneficial Interest,missing_or_invalid_market_cap
PMT^B,PennyMac Mortgage Investment Trust 8.00% Series B Fixed-to-Floating Rate Cumulative Redeemable Preferred Shares of Beneficial Interest,missing_or_invalid_market_cap
PMT^C,PennyMac Mortgage Investment Trust 6.75% Series C Cumulative Redeemable Preferred Shares of Beneficial Interest,missing_or_invalid_market_cap
PMTR,Perimeter Acquisition Corp. I Class A Ordinary Shares,outside_positive_below_2b_market_cap
PMTRU,Perimeter Acquisition Corp. I Unit,outside_positive_below_2b_market_cap
PMTU,PennyMac Mortgage Investment Trust 8.50% Senior Notes due 2028,outside_positive_below_2b_market_cap
PMTV,PennyMac Mortgage Investment Trust 9.00% Senior Notes due 2030,outside_positive_below_2b_market_cap
PMTW,PennyMac Mortgage Investment Trust 9.00% Senior Notes due 2030,outside_positive_below_2b_market_cap
PNAQ,Pinnacle Acquisition Corporation Class A Ordinary Shares,outside_positive_below_2b_market_cap
PNC,PNC Financial Services Group Inc. (The) Common Stock,outside_positive_below_2b_market_cap
PNFP,Pinnacle Financial Partners Inc. Common stock,outside_positive_below_2b_market_cap
PNFP^A,Pinnacle Financial Partners Inc. Fixed-to-Floating Rate Non-Cumulative Perpetual Preferred Stock Series A,missing_or_invalid_market_cap
PNFP^B,Pinnacle Financial Partners Inc. Fixed-to-Floating Rate Non-Cumulative Perpetual Preferred Stock Series B,missing_or_invalid_market_cap
PNFP^C,Pinnacle Financial Partners Inc. Fixed-to-Floating Rate Non-Cumulative Perpetual Preferred Stock Series C,missing_or_invalid_market_cap
PNI,Pimco New York Municipal Income Fund II Common Shares of Beneficial Interest,outside_positive_below_2b_market_cap
PNR,Pentair plc. Ordinary Share,outside_positive_below_2b_market_cap
PNW,Pinnacle West Capital Corporation Common Stock,outside_positive_below_2b_market_cap
PODD,Insulet Corporation Common Stock,outside_positive_below_2b_market_cap
POLE,Andretti Acquisition Corp. II Class A Ordinary Shares,outside_positive_below_2b_market_cap
POLEU,Andretti Acquisition Corp. II Unit,outside_positive_below_2b_market_cap
POLEW,Andretti Acquisition Corp. II Warrant,outside_positive_below_2b_market_cap
PONO,Pono Capital Four Inc. Class A Ordinary Shares,outside_positive_below_2b_market_cap
PONY,Pony AI Inc. American Depositary Shares ,outside_positive_below_2b_market_cap
POOL,Pool Corporation Common Stock,outside_positive_below_2b_market_cap
POR,Portland General Electric Co Common Stock,outside_positive_below_2b_market_cap
POST,Post Holdings Inc. Common Stock,outside_positive_below_2b_market_cap
POWI,Power Integrations Inc. Common Stock,outside_positive_below_2b_market_cap
POWL,Powell Industries Inc. Common Stock,outside_positive_below_2b_market_cap
POWWP,Outdoor Holding Company 8.75% Series A Cumulative Redeemable Perpetual Preferred Stock,outside_positive_below_2b_market_cap
PPC,Pilgrim's Pride Corporation Common Stock,outside_positive_below_2b_market_cap
PPG,PPG Industries Inc. Common Stock,outside_positive_below_2b_market_cap
PPL,PPL Corporation Common Stock,outside_positive_below_2b_market_cap
PPLC,PPL Corporation Corporate Units,outside_positive_below_2b_market_cap
PPLI,People Incorporated Common Stock,outside_positive_below_2b_market_cap
PPT,Franklin Premier Income Trust Shares of Beneficial Interest,fund_or_income_trust
PPTA,Perpetua Resources Corp. Common Shares,outside_positive_below_2b_market_cap
PR,Permian Resources Corporation Class A Common Stock,outside_positive_below_2b_market_cap
PRAX,Praxis Precision Medicines Inc. Common Stock,outside_positive_below_2b_market_cap
PRCH,Porch Group Inc. Common Stock,outside_positive_below_2b_market_cap
PRENW,Prenetics Global Limited Warrant,non_common_instrument
PRH,Prudential Financial Inc. 5.950% Junior Subordinated Notes due 2062,outside_positive_below_2b_market_cap
PRHIZ,Presurance Holdings Inc. 9.75% Senior Unsecured Notes due 2028,non_common_instrument
PRI,Primerica Inc. Common Stock,outside_positive_below_2b_market_cap
PRIF^D,Priority Income Fund Inc. 7.00% Series D Term Preferred Stock due 2029,missing_or_invalid_market_cap
PRIF^K,Priority Income Fund Inc. 7.000% Series K Cumulative Preferred Stock,missing_or_invalid_market_cap
PRIF^L,Priority Income Fund Inc. 6.375% Series L Term Preferred Stock Due 2029,missing_or_invalid_market_cap
PRIM,Primoris Services Corporation Common Stock,outside_positive_below_2b_market_cap
PRK,Park National Corporation Common Stock,outside_positive_below_2b_market_cap
PRLB,Proto Labs Inc. Common stock,outside_positive_below_2b_market_cap
PRM,Perimeter Solutions SA Common Stock,outside_positive_below_2b_market_cap
PRMB,Primo Brands Corporation Class A Common Stock,outside_positive_below_2b_market_cap
PRS,Prudential Financial Inc. 5.625% Junior Subordinated Notes due 2058,outside_positive_below_2b_market_cap
PRT,PermRock Royalty Trust Units of Beneficial Interest,ambiguous_or_pooled_beneficial_interest
PRU,Prudential Financial Inc. Common Stock,outside_positive_below_2b_market_cap
PRVA,Privia Health Group Inc. Common Stock,outside_positive_below_2b_market_cap
PS,Pershing Square Inc. Common Stock,outside_positive_below_2b_market_cap
PSA,Public Storage Common Stock,outside_positive_below_2b_market_cap
PSA^F,Public Storage Depositary Shares Each Representing 1/1000 of a 5.15% Cumulative Preferred Share of Beneficial Interest Series F par value $0.01 per share,missing_or_invalid_market_cap
PSA^G,Public Storage Depositary Shares Each Representing 1/1000 of a 5.05% Cumulative Preferred Share of Beneficial Interest Series G,missing_or_invalid_market_cap
PSA^H,Public Storage Depositary Shares Each Representing 1/1000 of a  5.60% Cumulative Preferred  Share of Beneficial Interest Series H,missing_or_invalid_market_cap
PSA^I,Public Storage Depositary Shares Each Representing 1/1000 of a 4.875% Cumulative Preferred Share of Beneficial Interest Series I par value $0.01 per share,missing_or_invalid_market_cap
PSA^J,Public Storage Depositary Shares Each Representing 1/1000 of a 4.700% Cumulative Preferred Share of Beneficial Interest Series J par value $0.01 per share,missing_or_invalid_market_cap
PSA^K,Public Storage Depositary Shares Each Representing 1/1000 of a 4.75% Cumulative Preferred Share of Beneficial Interest Series K,missing_or_invalid_market_cap
PSA^L,Public Storage Depositary Shares Each Representing 1/1000 of a 4.625% Cumulative Preferred Share of Beneficial Interest Series L par value $0.01 per share,missing_or_invalid_market_cap
PSA^M,Public Storage Depositary Shares Each Representing 1/1000 of a 4.125% Cumulative Preferred Share of Beneficial Interest Series M,missing_or_invalid_market_cap
PSA^N,Public Storage Depositary Shares Each Representing 1/1000 of a 3.875% Cumulative Preferred Share of Beneficial Interest Series N,missing_or_invalid_market_cap
PSA^O,Public Storage Depositary Shares Each Representing 1/1000 of a 3.900% Cumulative Preferred Share of Beneficial Interest Series O,missing_or_invalid_market_cap
PSA^P,Public Storage Depositary Shares Each Representing 1/1000 of a 4.000% Cumulative Preferred Share of Bene cial Interest Series P,missing_or_invalid_market_cap
PSA^Q,Public Storage Depositary Shares Each Representing 1/1000 of a 3.950% Cumulative Preferred Share of Beneficial Interest Series Q par value $0.01 per share,missing_or_invalid_market_cap
PSA^R,Public Storage Depositary Shares Each Representing 1/1000 of a 4.00% Cumulative Preferred Share of Bene cial Interest Series R,missing_or_invalid_market_cap
PSA^S,Public Storage Depositary Shares Each Representing 1/1000 of a 4.100% Cumulative Preferred Share of Beneficial Interest Series S,missing_or_invalid_market_cap
PSA^T,Public Storage 6.000% Cumulative Preferred Shares of beneficial interest Series T,missing_or_invalid_market_cap
PSA^U,Public Storage 6.000% Cumulative Preferred Shares of Beneficial Interest Series U,missing_or_invalid_market_cap
PSBD,Palmer Square Capital BDC Inc. Common Stock,outside_positive_below_2b_market_cap
PSEC,Prospect Capital Corporation Common Stock,fund_or_income_trust
PSEC^A,Prospect Capital Corporation 5.35% Series A Fixed Rate Cumulative Perpetual Preferred Stock,missing_or_invalid_market_cap
PSF,Cohen & Steers Select Preferred and Income Fund Inc. Common Stock,non_common_instrument
PSKY,Paramount Skydance Corporation Class B Common Stock,outside_positive_below_2b_market_cap
PSMT,PriceSmart Inc. Common Stock,outside_positive_below_2b_market_cap
PSN,Parsons Corporation Common Stock,outside_positive_below_2b_market_cap
PSNYW,Polestar Automotive Holding UK PLC Class C-1 ADS (ADW),non_common_instrument
PSO,Pearson Plc Common Stock,outside_positive_below_2b_market_cap
PSQLW,Pasqal Holding SA Warrant,non_common_instrument
PSX,Phillips 66 Common Stock,outside_positive_below_2b_market_cap
PTA,Cohen & Steers Tax-Advantaged Preferred Securities and Income Fund Common Shares of Beneficial Interest,non_common_instrument
PTAC,Patriot Acquisition Corp. Class A Ordinary Shares,outside_positive_below_2b_market_cap
PTACW,Patriot Acquisition Corp. Warrants,outside_positive_below_2b_market_cap
PTC,PTC Inc. Common Stock,outside_positive_below_2b_market_cap
PTCT,PTC Therapeutics Inc. Common Stock,outside_positive_below_2b_market_cap
PTEN,Patterson-UTI Energy Inc. Common Stock,outside_positive_below_2b_market_cap
PTGX,Protagonist Therapeutics Inc. Common Stock,outside_positive_below_2b_market_cap
PTON,Peloton Interactive Inc. Class A Common Stock,outside_positive_below_2b_market_cap
PTOR,Praetorian Acquisition Corp. Class A Ordinary Shares,outside_positive_below_2b_market_cap
PTORW,Praetorian Acquisition Corp. Warrant,outside_positive_below_2b_market_cap
PTRN,Pattern Group Inc. Series A Common Stock,outside_positive_below_2b_market_cap
PTY,Pimco Corporate & Income Opportunity Fund,outside_positive_below_2b_market_cap
PUK,Prudential Public Limited Company Common Stock,outside_positive_below_2b_market_cap
PURR,Hyperliquid Strategies Inc Common Stock,outside_positive_below_2b_market_cap
PVH,PVH Corp. Common Stock,outside_positive_below_2b_market_cap
PVL,Permianville Royalty Trust Units of Beneficial Interest,ambiguous_or_pooled_beneficial_interest
PWR,Quanta Services Inc. Common Stock,outside_positive_below_2b_market_cap
PWRL,Powerlaw Corp. Common Stock,outside_positive_below_2b_market_cap
PYPL,PayPal Holdings Inc. Common Stock,outside_positive_below_2b_market_cap
PYT,PPlus Tr GSC-2 Tr Ctf Fltg Rate,outside_positive_below_2b_market_cap
Q,Qnity Electronics Inc. Common Stock,outside_positive_below_2b_market_cap
QADR,QDRO Acquisition Corp. Class A Ordinary Shares,outside_positive_below_2b_market_cap
QBTS,D-Wave Quantum Inc. Common Stock,outside_positive_below_2b_market_cap
QCOM,QUALCOMM Incorporated Common Stock,outside_positive_below_2b_market_cap
QETA,Quetta Acquisition Corporation Common Stock,outside_positive_below_2b_market_cap
QETAR,Quetta Acquisition Corporation Right,outside_positive_below_2b_market_cap
QGEN,Qiagen N.V. Common Shares,outside_positive_below_2b_market_cap
QLEP,Quantum Leap Acquisition Corp Class A Ordinary Shares,outside_positive_below_2b_market_cap
QLYS,Qualys Inc. Common Stock,outside_positive_below_2b_market_cap
QNT,Quantinuum Inc. Class A Common Stock,outside_positive_below_2b_market_cap
QQQX,Nuveen NASDAQ 100 Dynamic Overwrite Fund Shares of Beneficial Interest,outside_positive_below_2b_market_cap
QRED,QuasarEdge Acquisition Corporation Ordinary Shares,outside_positive_below_2b_market_cap
QRVO,Qorvo Inc. Common Stock,outside_positive_below_2b_market_cap
QS,QuantumScape Corporation Class A Common Stock,outside_positive_below_2b_market_cap
QSEA,Quartzsea Acquisition Corporation Ordinary Shares,outside_positive_below_2b_market_cap
QSR,Restaurant Brands International Inc. Common Shares,outside_positive_below_2b_market_cap
QTWO,Q2 Holdings Inc. Common Stock,outside_positive_below_2b_market_cap
QUMS,Quantumsphere Acquisition Corp. Ordinary Shares,outside_positive_below_2b_market_cap
QXO,QXO Inc. Common Stock,outside_positive_below_2b_market_cap
QXO^B,QXO Inc.  Depositary Shares each representing a 1/20th interest in a share of 5.50% Series B Mandatory Convertible Preferred Stock,missing_or_invalid_market_cap
R,Ryder System Inc. Common Stock,outside_positive_below_2b_market_cap
RA,Brookfield Real Assets Income Fund Inc. Common Stock,outside_positive_below_2b_market_cap
RAC,Rithm Acquisition Corp. Class A Ordinary Shares,outside_positive_below_2b_market_cap
RAC/WS,Rithm Acquisition Corp.,missing_or_invalid_market_cap
RACC,Research Alliance Corporation III Class A Ordinary Shares,outside_positive_below_2b_market_cap
RACD,Research Alliance Corporation IV Class A Ordinary Shares,outside_positive_below_2b_market_cap
RACE,Ferrari N.V. Common Shares,outside_positive_below_2b_market_cap
RAINW,Rain Enhancement Technologies Holdco Inc. Warrants,non_common_instrument
RAL,Ralliant Corporation Common Stock,outside_positive_below_2b_market_cap
RAMP,LiveRamp Holdings Inc. Common Stock,outside_positive_below_2b_market_cap
RAND,Rand Capital Corporation Common Stock,fund_or_income_trust
RANG,Range Capital Acquisition Corp. Ordinary Shares,outside_positive_below_2b_market_cap
RANGR,Range Capital Acquisition Corp. Rights,outside_positive_below_2b_market_cap
RBA,RB Global Inc. Common Stock,outside_positive_below_2b_market_cap
RBC,RBC Bearings Incorporated Common Stock,outside_positive_below_2b_market_cap
RBLX,Roblox Corporation Class A Common Stock,outside_positive_below_2b_market_cap
RBRK,Rubrik Inc. Class A Common Stock,outside_positive_below_2b_market_cap
RC^C,Ready Capital Corporation 6.25% Series C Cumulative Convertible Preferred Stock,missing_or_invalid_market_cap
RC^E,Ready Capital Corporation 6.50% Series E Cumulative Redeemable Preferred Stock,missing_or_invalid_market_cap
RCD,Ready Capital Corporation 9.00% Senior Notes due 2029,outside_positive_below_2b_market_cap
RCG,RENN Fund Inc Common Stock,outside_positive_below_2b_market_cap
RCI,Rogers Communication Inc. Common Stock,outside_positive_below_2b_market_cap
RCL,Royal Caribbean Cruises Ltd. Common Stock,outside_positive_below_2b_market_cap
RCS,PIMCO Strategic Income Fund Inc.,outside_positive_below_2b_market_cap
RCUS,Arcus Biosciences Inc. Common Stock,outside_positive_below_2b_market_cap
RDAC,Rising Dragon Acquisition Corp. Ordinary Shares,outside_positive_below_2b_market_cap
RDACR,Rising Dragon Acquisition Corp. Rights,outside_positive_below_2b_market_cap
RDACU,Rising Dragon Acquisition Corp. Unit,outside_positive_below_2b_market_cap
RDAG,Republic Digital Acquisition Company Class A Ordinary Shares,outside_positive_below_2b_market_cap
RDAGW,Republic Digital Acquisition Company Warrants,outside_positive_below_2b_market_cap
RDDT,Reddit Inc. Class A Common Stock,outside_positive_below_2b_market_cap
RDN,Radian Group Inc. Common Stock,outside_positive_below_2b_market_cap
RDNT,RadNet Inc. Common Stock,outside_positive_below_2b_market_cap
RDW,Redwire Corporation Common Stock,outside_positive_below_2b_market_cap
RDY,Dr. Reddy's Laboratories Ltd Common Stock,outside_positive_below_2b_market_cap
RDZNW,Roadzen Inc. Warrants,non_common_instrument
REG,Regency Centers Corporation Common Stock,outside_positive_below_2b_market_cap
REGCO,Regency Centers Corporation 5.875% Series B Cumulative Redeemable Preferred Stock,outside_positive_below_2b_market_cap
REGCP,Regency Centers Corporation 6.25% Series A Cumulative Redeemable Preferred Stock,outside_positive_below_2b_market_cap
REGN,Regeneron Pharmaceuticals Inc. Common Stock,outside_positive_below_2b_market_cap
RELX,RELX PLC PLC American Depositary Shares (Each representing One Ordinary Share),outside_positive_below_2b_market_cap
RELY,Remitly Global Inc. Common Stock,outside_positive_below_2b_market_cap
REVBW,Revelation Biosciences Inc. Warrant,non_common_instrument
REX,REX American Resources Corporation,unclassified_security_type
REXR,Rexford Industrial Realty Inc. Common Stock,outside_positive_below_2b_market_cap
REXR^B,Rexford Industrial Realty Inc. 5.875% Series B Cumulative Redeemable Preferred Stock,missing_or_invalid_market_cap
REXR^C,Rexford Industrial Realty Inc. 5.625% Series C Cumulative Redeemable Preferred Stock par value $0.01 per share,missing_or_invalid_market_cap
REYN,Reynolds Consumer Products Inc. Common Stock,outside_positive_below_2b_market_cap
REZI,Resideo Technologies Inc. Common Stock ,outside_positive_below_2b_market_cap
RF,Regions Financial Corporation Common Stock,outside_positive_below_2b_market_cap
RF^C,Regions Financial Corporation Depositary Shares each Representing a 1/40th Interest in a  Share of 5.700% Fixed-to-Floating Rate Non-Cumulative  Perpetual Preferred Stock Series C,missing_or_invalid_market_cap
RF^E,Regions Financial Corporation Depositary Shares Each Representing a 1/40th Interest in a Share of 4.45% Non-Cumulative Perpetual Preferred Stock Series E,missing_or_invalid_market_cap
RF^F,Regions Financial Corporation Depositary Shares Each Representing a 1/40th Interest in a Share of Non-Cumulative Perpetual Preferred Stock Series F,missing_or_invalid_market_cap
RFAI,RF Acquisition Corp II Ordinary Shares,outside_positive_below_2b_market_cap
RFAIR,RF Acquisition Corp II Right,outside_positive_below_2b_market_cap
RFAM,RF Acquisition Corp III Ordinary Shares,outside_positive_below_2b_market_cap
RFI,Cohen & Steers Total Return Realty Fund Inc. Common Stock,fund_or_income_trust
RFM,RiverNorth Flexible Municipal Income Fund Inc. Common Stock,fund_or_income_trust
RFMZ,RiverNorth Flexible Municipal Income Fund II Inc. Common Stock,fund_or_income_trust
RGA,Reinsurance Group of America Incorporated Common Stock,outside_positive_below_2b_market_cap
RGC,Regencell Bioscience Holdings Limited Ordinary Shares,outside_positive_below_2b_market_cap
RGEN,Repligen Corporation Common Stock,outside_positive_below_2b_market_cap
RGLD,Royal Gold Inc. Common Stock,outside_positive_below_2b_market_cap
RGTI,Rigetti Computing Inc. Common Stock,outside_positive_below_2b_market_cap
RGTIW,Rigetti Computing Inc. Warrants,non_common_instrument
RH,RH Common Stock,outside_positive_below_2b_market_cap
RHI,Robert Half Inc. Common Stock,outside_positive_below_2b_market_cap
RHP,Ryman Hospitality Properties Inc. (REIT),outside_positive_below_2b_market_cap
RIBB,Ribbon Acquisition Corp Class A Ordinary Shares,outside_positive_below_2b_market_cap
RIBBR,Ribbon Acquisition Corp Rights,outside_positive_below_2b_market_cap
RIBBU,Ribbon Acquisition Corp Unit,outside_positive_below_2b_market_cap
RIG,Transocean Ltd (Switzerland) Common Stock,outside_positive_below_2b_market_cap
RILYG,BRC Group Holdings Inc. 5.00% Senior Notes due 2026,non_common_instrument
RILYL,BRC Group Holdings Inc. Depositary Shares each representing 1/1000th in a share of 7.375% Series B Cumulative Perpetual Preferred Stock par value $0.0001,non_common_instrument
RILYP,BRC Group Holdings Inc. Depositary Shares each representing a 1/1000th fractional interest in a share of Series A Cumulative Perpetual Preferred Stock,non_common_instrument
RILYT,BRC Group Holdings Inc. 6.00% Senior Notes Due 2028,non_common_instrument
RILYZ,BRC Group Holdings Inc. 5.25% Senior Notes due 2028,non_common_instrument
RIO,Rio Tinto Plc Common Stock,outside_positive_below_2b_market_cap
RIOT,Riot Platforms Inc. Common Stock ,outside_positive_below_2b_market_cap
RITM,Rithm Capital Corp. Common Stock,outside_positive_below_2b_market_cap
RITM^A,Rithm Capital Corp. 7.50% Series A Fixed-to-Floating Rate Cumulative Redeemable Preferred Stock,missing_or_invalid_market_cap
RITM^B,Rithm Capital Corp. 7.125% Series B Fixed-to-Floating Rate Cumulative Redeemable Preferred Stock,missing_or_invalid_market_cap
RITM^C,Rithm Capital Corp. 6.375% Series C Fixed-to-Floating Rate Cumulative Redeemable Preferred Stock,missing_or_invalid_market_cap
RITM^D,Rithm Capital Corp. 7.00% Fixed-Rate Reset Series D Cumulative Redeemable Preferred Stock,missing_or_invalid_market_cap
RITM^E,Rithm Capital Corp. 8.75% Series E Fixed-Rate Cumulative Redeemable Preferred Stock,missing_or_invalid_market_cap
RITM^F,Rithm Capital Corp. 8.750% Series F Fixed-Rate Reset Cumulative Redeemable Preferred Stock,missing_or_invalid_market_cap
RIV,RiverNorth Opportunities Fund Inc. Common Stock,outside_positive_below_2b_market_cap
RIV^A,RiverNorth Opportunities Fund Inc. 6.00% Series A Perpetual Preferred Stock,missing_or_invalid_market_cap
RIVN,Rivian Automotive Inc. Class A Common Stock,outside_positive_below_2b_market_cap
RJF,Raymond James Financial Inc. Common Stock,outside_positive_below_2b_market_cap
RKLB,Rocket Lab Corporation Common Stock,outside_positive_below_2b_market_cap
RKT,Rocket Companies Inc. Class A Common Stock,outside_positive_below_2b_market_cap
RL,Ralph Lauren Corporation Common Stock,outside_positive_below_2b_market_cap
RLAY,Relay Therapeutics Inc. Common Stock,outside_positive_below_2b_market_cap
RLI,RLI Corp. Common Stock (DE),outside_positive_below_2b_market_cap
RLJ^A,RLJ Lodging Trust $1.95 Series A Cumulative Convertible  Preferred Shares,missing_or_invalid_market_cap
RLTY,Cohen & Steers Real Estate Opportunities and Income Fund Common Shares of Beneficial Interest,outside_positive_below_2b_market_cap
RLX,RLX Technology Inc. American Depositary Shares each representing the right to receive one (1) Class A ordinary share,outside_positive_below_2b_market_cap
RMBS,Rambus Inc. Common Stock,outside_positive_below_2b_market_cap
RMCOW,Royalty Management Holding Corporation Warrant,non_common_instrument
RMD,ResMed Inc. Common Stock,outside_positive_below_2b_market_cap
RMI,RiverNorth Opportunistic Municipal Income Fund Inc. Common Stock,fund_or_income_trust
RMM,RiverNorth Managed Duration Municipal Income Fund Inc. Common Stock,fund_or_income_trust
RMMZ,RiverNorth Managed Duration Municipal Income Fund II Inc. Common Stock,fund_or_income_trust
RMSGW,Real Messenger Corporation Warrants,non_common_instrument
RNAQ,Rainier Acquisition Corporation Class A Ordinary Shares,outside_positive_below_2b_market_cap
RNAQU,Rainier Acquisition Corporation Units,outside_positive_below_2b_market_cap
RNG,RingCentral Inc. Class A Common Stock,outside_positive_below_2b_market_cap
RNGT,Range Capital Acquisition Corp II Class A Ordinary Shares,outside_positive_below_2b_market_cap
RNP,Cohen & Steers REIT and Preferred and Income Fund Inc. Common Shares,non_common_instrument
RNR,RenaissanceRe Holdings Ltd. Common Stock,outside_positive_below_2b_market_cap
RNR^F,RenaissanceRe Holdings Ltd. Depositary Shares each Representing a 1/1000th Interest in a 5.750% Series F Preference Share,missing_or_invalid_market_cap
RNR^G,RenaissanceRe Holdings Ltd. Depositary Shares each representing a 1/1000th interest in a share of 4.20% Series G Preference Shares,missing_or_invalid_market_cap
RNST,Renasant Corporation Common Stock,outside_positive_below_2b_market_cap
RNW,ReNew Energy Global plc Class A Ordinary Shares,outside_positive_below_2b_market_cap
ROAD,Construction Partners Inc. Class A Common Stock,outside_positive_below_2b_market_cap
ROG,Rogers Corporation Common Stock,outside_positive_below_2b_market_cap
ROIV,Roivant Sciences Ltd. Common Shares,outside_positive_below_2b_market_cap
ROK,Rockwell Automation Inc. Common Stock,outside_positive_below_2b_market_cap
ROKU,Roku Inc. Class A Common Stock,outside_positive_below_2b_market_cap
ROL,Rollins Inc. Common Stock,outside_positive_below_2b_market_cap
ROP,Roper Technologies Inc. Common Stock,outside_positive_below_2b_market_cap
ROST,Ross Stores Inc. Common Stock,outside_positive_below_2b_market_cap
RPM,RPM International Inc. Common Stock,outside_positive_below_2b_market_cap
RPRX,Royalty Pharma plc Class A Ordinary Shares ,outside_positive_below_2b_market_cap
RPT^C,Rithm Property Trust Inc. 9.875% Series C Fixed-to-Floating Rate Cumulative Redeemable Preferred Stock,missing_or_invalid_market_cap
RQI,Cohen & Steers Quality Income Realty Fund Inc Common Shares,fund_or_income_trust
RRC,Range Resources Corporation Common Stock,outside_positive_below_2b_market_cap
RREV,RRE Ventures Acquisition Corp. Class A Ordinary Shares,outside_positive_below_2b_market_cap
RREVW,RRE Ventures Acquisition Corp. Warrants,outside_positive_below_2b_market_cap
RRR,Red Rock Resorts Inc. Class A Common Stock,outside_positive_below_2b_market_cap
RRX,Regal Rexnord Corporation Common Stock,outside_positive_below_2b_market_cap
RS,Reliance Inc. Common Stock,outside_positive_below_2b_market_cap
RSF,RiverNorth Capital and Income Fund Common Stock,fund_or_income_trust
RSG,Republic Services Inc. Common Stock,outside_positive_below_2b_market_cap
RSI,Rush Street Interactive Inc. Class A Common Stock,outside_positive_below_2b_market_cap
RTAC,Renatus Tactical Acquisition Corp I Class A Ordinary Shares,outside_positive_below_2b_market_cap
RTACU,Renatus Tactical Acquisition Corp I Unit,outside_positive_below_2b_market_cap
RTACW,Renatus Tactical Acquisition Corp I Warrant,outside_positive_below_2b_market_cap
RTO,Rentokil Initial plc American Depositary Shares (each representing five (5) Ordinary Shares),outside_positive_below_2b_market_cap
RTX,RTX Corporation Common Stock,outside_positive_below_2b_market_cap
RUM,RUM Group Inc. Class A Common Stock,outside_positive_below_2b_market_cap
RUMBW,RUM Group Inc. Warrant,non_common_instrument
RUSHA,Rush Enterprises Inc. Common Stock Cl A,outside_positive_below_2b_market_cap
RUSHB,Rush Enterprises Inc. Class B,outside_positive_below_2b_market_cap
RVI,Robinhood Ventures Fund I Common Shares of Beneficial Interest,outside_positive_below_2b_market_cap
RVII,Robinhood Ventures Fund II Common Shares of Beneficial Interest,fund_or_income_trust
RVMD,Revolution Medicines Inc. Common Stock,outside_positive_below_2b_market_cap
RVMDW,Revolution Medicines Inc. Warrant,outside_positive_below_2b_market_cap
RVSNW,Rail Vision Ltd. Warrant,non_common_instrument
RVTY,Revvity Inc. Common Stock,outside_positive_below_2b_market_cap
RWAYI,Runway Growth Finance Corp. 7.25% Notes due 2031,outside_positive_below_2b_market_cap
RWAYL,Runway Growth Finance Corp. 7.50% Notes due 2027,non_common_instrument
RWT^A,Redwood Trust Inc. 10.00% Series A Fixed-Rate Reset Cumulative Redeemable Preferred Stock,missing_or_invalid_market_cap
RWTN,Redwood Trust Inc. 9.125% Senior Notes Due 2029,outside_positive_below_2b_market_cap
RWTO,Redwood Trust Inc. 9.00% Senior Notes Due 2029,outside_positive_below_2b_market_cap
RWTP,Redwood Trust Inc. 9.125% Senior Notes Due 2030,outside_positive_below_2b_market_cap
RWTQ,Redwood Trust Inc. 9.500% Senior Notes Due 2030,outside_positive_below_2b_market_cap
RWTS,Redwood Trust Inc. 9.75% Senior Notes Due 2031,outside_positive_below_2b_market_cap
RXO,RXO Inc. Common Stock,outside_positive_below_2b_market_cap
RXRX,Recursion Pharmaceuticals Inc. Class A Common Stock,outside_positive_below_2b_market_cap
RY,Royal Bank Of Canada Common Stock,outside_positive_below_2b_market_cap
RYAAY,Ryanair Holdings plc American Depositary Shares,outside_positive_below_2b_market_cap
RYAN,Ryan Specialty Holdings Inc. Class A Common Stock,outside_positive_below_2b_market_cap
RYN,Rayonier Inc. REIT Common Stock,outside_positive_below_2b_market_cap
RYTM,Rhythm Pharmaceuticals Inc. Common Stock,outside_positive_below_2b_market_cap
RZC,Reinsurance Group of America Incorporated 7.125% Fixed-Rate Reset Subordinated Debentures due 2052,non_common_instrument
RZLVW,Rezolve AI PLC Warrants,non_common_instrument
S,SentinelOne Inc. Class A Common Stock,outside_positive_below_2b_market_cap
SA,Seabridge Gold Inc. Common Shares New,outside_positive_below_2b_market_cap
SAAQ,Space Asset Acquisition Corp. Class A Ordinary Shares,outside_positive_below_2b_market_cap
SAAQU,Space Asset Acquisition Corp. Units,outside_positive_below_2b_market_cap
SAAQW,Space Asset Acquisition Corp. Warrants,outside_positive_below_2b_market_cap
SABA,Saba Capital Income & Opportunities Fund II Shares of Beneficial Interest,outside_positive_below_2b_market_cap
SABSW,SAB Biotherapeutics Inc. Warrant,non_common_instrument
SAC,Safeguard Acquisition Corp. Class A Ordinary Shares,outside_positive_below_2b_market_cap
SACH^A,Sachem Capital Corp. 7.75% Series A Cumulative Redeemable Preferred Stock,missing_or_invalid_market_cap
SAGU,Shreya Acquisition Group Class A Ordinary Shares,outside_positive_below_2b_market_cap
SAIA,Saia Inc. Common Stock,outside_positive_below_2b_market_cap
SAIC,Science Applications International Corporation Common Stock,outside_positive_below_2b_market_cap
SAIHW,SAIHEAT Limited Warrant,non_common_instrument
SAIL,SailPoint Inc. Common Stock,outside_positive_below_2b_market_cap
SAJ,Saratoga Investment Corp 8.00% Notes due 2027,non_common_instrument
SAMO,Samos Energy Acquisition Corporation Class A Ordinary Shares,outside_positive_below_2b_market_cap
SAN,Banco Santander S.A. Sponsored ADR (Spain),outside_positive_below_2b_market_cap
SANM,Sanmina Corporation Common Stock,outside_positive_below_2b_market_cap
SAP,SAP  SE ADS,outside_positive_below_2b_market_cap
SAR,Saratoga Investment Corp New,unclassified_security_type
SARO,StandardAero Inc. Common Stock,outside_positive_below_2b_market_cap
SATA,Strive Inc. Variable Rate Series A Perpetual Preferred Stock,outside_positive_below_2b_market_cap
SATLW,Satellogic Inc. Warrant,non_common_instrument
SAV,Saratoga Investment Corp 7.50% Notes due 2031,outside_positive_below_2b_market_cap
SAX,Saratoga Investment Corp 8.00% Notes due 2031,outside_positive_below_2b_market_cap
SAY,Saratoga Investment Corp 8.125% Notes due 2027,non_common_instrument
SAZ,Saratoga Investment Corp 8.50% Notes due 2028,non_common_instrument
SB^C,Safe Bulkers Inc Cumulative Redeemable Perpetual Preferred Series C (Marshall Islands),missing_or_invalid_market_cap
SB^D,Safe Bulkers Inc Perpetual Preferred Series D (Marshall Islands),missing_or_invalid_market_cap
SBAC,SBA Communications Corporation Class A Common Stock,outside_positive_below_2b_market_cap
SBCF,Seacoast Banking Corporation of Florida Common Stock,outside_positive_below_2b_market_cap
SBCWW,SBC Medical Group Holdings Incorporated Warrants,non_common_instrument
SBET,Sharplink Inc. Common Stock,outside_positive_below_2b_market_cap
SBFMW,Sunshine Biopharma Inc. Warrant,non_common_instrument
SBI,Western Asset Intermediate Muni Fund Inc Common Stock,outside_positive_below_2b_market_cap
SBLK,Star Bulk Carriers Corp. Common Shares,outside_positive_below_2b_market_cap
SBRA,Sabra Health Care REIT Inc. Common Stock,outside_positive_below_2b_market_cap
SBS,Companhia de saneamento Basico Do Estado De Sao Paulo - Sabesp American Depositary Shares (Each repstg 250 Common Shares),outside_positive_below_2b_market_cap
SBSW,D/B/A Sibanye-Stillwater Limited ADS,outside_positive_below_2b_market_cap
SBUX,Starbucks Corporation Common Stock,outside_positive_below_2b_market_cap
SBXE,SilverBox Corp V Class A Ordinary Shares,outside_positive_below_2b_market_cap
SCAGW,Scage Future Warrants,non_common_instrument
SCATU,Southern Cross Acquisition II Corp. Units,outside_positive_below_2b_market_cap
SCCD,Sachem Capital Corp. 6.00% Notes due 2026,non_common_instrument
SCCE,Sachem Capital Corp. 6.00% Notes due 2027,non_common_instrument
SCCF,Sachem Capital Corp. 7.125% Notes due 2027,non_common_instrument
SCCG,Sachem Capital Corp. 8.00% Notes due 2027,non_common_instrument
SCCO,Southern Copper Corporation Common Stock,outside_positive_below_2b_market_cap
SCD,LMP Capital and Income Fund Inc. Common Stock,outside_positive_below_2b_market_cap
SCE^G,SCE Trust II Trust Preferred Securities,missing_or_invalid_market_cap
SCE^L,SCE TRUST VI,missing_or_invalid_market_cap
SCE^M,SCE Trust VII 7.50% Trust Preference Securities,missing_or_invalid_market_cap
SCE^N,SCE Trust VIII 6.95% Trust Preference Securities,missing_or_invalid_market_cap
SCHW,Charles Schwab Corporation (The) Common Stock,outside_positive_below_2b_market_cap
SCHW^D,The Charles Schwab Corporation Depositary Shares each representing 1/40th interest in a share of 5.95% Non-Cumulative Perpetual Preferred Stock Series D,missing_or_invalid_market_cap
SCHW^J,The Charles Schwab Corporation Depositary Shares Each Representing a 1/40th Interest in a Share of 4.450% Non-Cumulative Perpetual Preferred Stock Series J,missing_or_invalid_market_cap
SCI,Service Corporation International Common Stock,outside_positive_below_2b_market_cap
SCII,SC II Acquisition Corp. Class A ordinary share,outside_positive_below_2b_market_cap
SCLXW,Scilex Holding Company Warrant,non_common_instrument
SCPQ,Social Commerce Partners Corporation Class A Ordinary Shares,outside_positive_below_2b_market_cap
SCPQU,Social Commerce Partners Corporation Unit,outside_positive_below_2b_market_cap
SCPQW,Social Commerce Partners Corporation Warrant,outside_positive_below_2b_market_cap
SDGR,Schrodinger Inc. Common Stock,outside_positive_below_2b_market_cap
SDHI,Siddhi Acquisition Corp Class A Common stock,outside_positive_below_2b_market_cap
SDHIR,Siddhi Acquisition Corp Right,outside_positive_below_2b_market_cap
SDHY,PGIM Short Duration High Yield Opportunities Fund Common Shares,fund_or_income_trust
SDRL,Seadrill Limited Common Shares,outside_positive_below_2b_market_cap
SE,Sea Limited American Depositary Shares each representing one Class A Ordinary Share,outside_positive_below_2b_market_cap
SEAL^A,Seapeak LLC 9.00% Series A Cumulative Redeemable Perpetual Preferred Units,missing_or_invalid_market_cap
SEAL^B,Seapeak LLC 8.50% Series B Fixed-to-Floating Rate Cumulative Redeemable Perpetual Preferred Units,missing_or_invalid_market_cap
SEB,Seaboard Corporation Common Stock,outside_positive_below_2b_market_cap
SECZ,Securitize Corp. Common Stock,outside_positive_below_2b_market_cap
SEDG,SolarEdge Technologies Inc. Common Stock,outside_positive_below_2b_market_cap
SEI,Solaris Energy Infrastructure Inc. Class A Common Stock,outside_positive_below_2b_market_cap
SEIC,SEI Investments Company Common Stock,outside_positive_below_2b_market_cap
SEZL,Sezzle Inc. Common Stock,outside_positive_below_2b_market_cap
SF,Stifel Financial Corporation Common Stock,outside_positive_below_2b_market_cap
SF^B,Stifel Financial Corporation Depositary Shares Each Representing 1/1000th  Interest in a Share of 6.25% Non-Cumulative  Preferred Stock Series B,missing_or_invalid_market_cap
SF^C,Stifel Financial Corporation Depositary Shares Each Representing 1/1000th Interest in a Share of 6.125% Non Cumulative Preferred Stock Series C,missing_or_invalid_market_cap
SF^D,Stifel Financial Corporation Depositary Shares Each Representing 1/1000th Interest in a Share of 4.50% Non-Cumulative Preferred Stock Series D,missing_or_invalid_market_cap
SFB,Stifel Financial Corporation 5.20% Senior Notes due 2047,non_common_instrument
SFBS,ServisFirst Bancshares Inc. Common Stock,outside_positive_below_2b_market_cap
SFD,Smithfield Foods Inc. Common Stock,outside_positive_below_2b_market_cap
SFL,SFL Corporation Ltd,unclassified_security_type
SFM,Sprouts Farmers Market Inc. Common Stock,outside_positive_below_2b_market_cap
SFNC,Simmons First National Corporation Class A Common Stock,outside_positive_below_2b_market_cap
SGHC,Super Group (SGHC) Limited Ordinary Shares,outside_positive_below_2b_market_cap
SGI,Somnigroup International Inc. Common Stock,outside_positive_below_2b_market_cap
SHAK,Shake Shack Inc. Class A Common Stock,outside_positive_below_2b_market_cap
SHC,Sotera Health Company Common Stock,outside_positive_below_2b_market_cap
SHEL,Shell PLC American Depositary Shares (each representing two (2) Ordinary Shares) ,outside_positive_below_2b_market_cap
SHFSW,SHF Holdings Inc. Warrants,non_common_instrument
SHG,Shinhan Financial Group Co Ltd American Depositary Shares,outside_positive_below_2b_market_cap
SHMDW,SCHMID Group N.V. Warrants,non_common_instrument
SHO,Sunstone Hotel Investors Inc. Sunstone Hotel Investors Inc. Common Shares,outside_positive_below_2b_market_cap
SHO^H,Sunstone Hotel Investors Inc. 6.125% Series H Cumulative Redeemable Preferred Stock,missing_or_invalid_market_cap
SHO^I,Sunstone Hotel Investors Inc. 5.70% Series I Cumulative Redeemable Preferred Stock,missing_or_invalid_market_cap
SHOO,Steven Madden Ltd. Common Stock,outside_positive_below_2b_market_cap
SHOP,Shopify Inc. Class A Subordinate Voting Shares,outside_positive_below_2b_market_cap
SHOT,RMG ML Sports Holdings Class A Ordinary Shares,outside_positive_below_2b_market_cap
SHOTR,RMG ML Sports Holdings Rights,outside_positive_below_2b_market_cap
SHOTU,RMG ML Sports Holdings Unit,outside_positive_below_2b_market_cap
SHW,Sherwin-Williams Company (The) Common Stock,outside_positive_below_2b_market_cap
SIG,Signet Jewelers Limited Common Shares,outside_positive_below_2b_market_cap
SIGI,Selective Insurance Group Inc. Common Stock,outside_positive_below_2b_market_cap
SIGIP,Selective Insurance Group Inc. Depositary Shares each representing a 1/1000th interest in a share of 4.60% Non-Cumulative Preferred Stock Series B,non_common_instrument
SII,Sprott Inc. Common Shares,outside_positive_below_2b_market_cap
SIM,Grupo Simec S.A.B. de C.V. American Depositary Shares,outside_positive_below_2b_market_cap
SIMA,SIM Acquisition Corp. I Class A Ordinary Shares,outside_positive_below_2b_market_cap
SIMAU,SIM Acquisition Corp. I Unit,outside_positive_below_2b_market_cap
SIMO,Silicon Motion Technology Corporation American Depositary Shares,outside_positive_below_2b_market_cap
SIND,Sinda Ltd. Common Stock,outside_positive_below_2b_market_cap
SIRI,SiriusXM Holdings Inc. Common Stock,outside_positive_below_2b_market_cap
SITE,SiteOne Landscape Supply Inc. Common Stock,outside_positive_below_2b_market_cap
SITM,SiTime Corporation Common Stock,outside_positive_below_2b_market_cap
SJM,The J.M. Smucker Company Common Stock,outside_positive_below_2b_market_cap
SKE,Skeena Resources Limited Common Shares,outside_positive_below_2b_market_cap
SKHY,SK hynix Inc. American Depositary Shares,outside_positive_below_2b_market_cap
SKM,SK Telecom Co. Ltd. Common Stock,outside_positive_below_2b_market_cap
SKT,Tanger Inc. Common Stock,outside_positive_below_2b_market_cap
SKWD,Skyward Specialty Insurance Group Inc. Common Stock,outside_positive_below_2b_market_cap
SKY,Champion Homes Inc. Common Stock,outside_positive_below_2b_market_cap
SKYAW,SkyAI Inc. Warrant,non_common_instrument
SKYW,SkyWest Inc. Common Stock,outside_positive_below_2b_market_cap
SLAB,Silicon Laboratories Inc. Common Stock,outside_positive_below_2b_market_cap
SLB,SLB Limited Common Shares,outside_positive_below_2b_market_cap
SLDE,Slide Insurance Holdings Inc. Common Stock,outside_positive_below_2b_market_cap
SLDPW,Solid Power Inc. Warrant,non_common_instrument
SLF,Sun Life Financial Inc. Common Stock,outside_positive_below_2b_market_cap
SLG,SL Green Realty Corp Common Stock,outside_positive_below_2b_market_cap
SLG^I,SL Green Realty Corporation Preferred Series I,missing_or_invalid_market_cap
SLGN,Silgan Holdings Inc. Common Stock,outside_positive_below_2b_market_cap
SLM,SLM Corporation Common Stock,outside_positive_below_2b_market_cap
SLMBP,SLM Corporation Floating Rate Non-Cumulative Preferred Stock Series B,outside_positive_below_2b_market_cap
SLNHP,Soluna Holdings Inc 9.0% Series A Cumulative Perpetual Preferred Stock ,outside_positive_below_2b_market_cap
SLRC,SLR Investment Corp. Common Stock,fund_or_income_trust
SLS,SELLAS Life Sciences Group Inc. Common Stock,outside_positive_below_2b_market_cap
SLXNW,Silexion Therapeutics Corp Warrant,non_common_instrument
SM,SM Energy Company Common Stock,outside_positive_below_2b_market_cap
SMCI,Super Micro Computer Inc. Common Stock,outside_positive_below_2b_market_cap
SMCIP,Super Micro Computer Inc. Depositary Shares representing a 1/20th Interest in a Share of 7% Series A Mandatory Convertible Preferred Stock,outside_positive_below_2b_market_cap
SMFG,Sumitomo Mitsui Financial Group Inc Unsponsored American Depositary Shares (Japan),outside_positive_below_2b_market_cap
SMG,Scotts Miracle-Gro Company (The) Common Stock,outside_positive_below_2b_market_cap
SMMT,Summit Therapeutics Inc. Common Stock ,outside_positive_below_2b_market_cap
SMR,NuScale Power Corporation Class A Common Stock,outside_positive_below_2b_market_cap
SMTC,Semtech Corporation Common Stock,outside_positive_below_2b_market_cap
SMXWW,SMX (Security Matters) Public Limited Company Warrant,non_common_instrument
SN,SharkNinja Inc. Ordinary Shares,outside_positive_below_2b_market_cap
SNA,Snap-On Incorporated Common Stock,outside_positive_below_2b_market_cap
SNAP,Snap Inc. Class A Common Stock,outside_positive_below_2b_market_cap
SNDK,Sandisk Corporation Common Stock,outside_positive_below_2b_market_cap
SNDR,Schneider National Inc. Common Stock,outside_positive_below_2b_market_cap
SNEX,StoneX Group Inc. Common Stock,outside_positive_below_2b_market_cap
SNN,Smith & Nephew SNATS Inc. Common Stock,outside_positive_below_2b_market_cap
SNOW,Snowflake Inc. Common Stock,outside_positive_below_2b_market_cap
SNPS,Synopsys Inc. Common Stock,outside_positive_below_2b_market_cap
SNUS^H,Santander Holdings USA Inc. Depositary Shares Each Representing a 1/1000th Interest in a Share of Fixed-Rate Reset Non-Cumulative Perpetual Preferred Stock Series H,missing_or_invalid_market_cap
SNUS^I,Santander Holdings USA Inc. Depositary Shares Each Representing a 1/40th Interest in a Share of Fixed-Rate Reset Non-Cumulative Perpetual Preferred Stock Series I,missing_or_invalid_market_cap
SNX,TD SYNNEX Corporation Common Stock,outside_positive_below_2b_market_cap
SNY,Sanofi ADS,outside_positive_below_2b_market_cap
SO,Southern Company (The) Common Stock,outside_positive_below_2b_market_cap
SOBO,South Bow Corporation Common Shares,outside_positive_below_2b_market_cap
SOCA,Solarius Capital Acquisition Corp. Class A Ordinary Share,outside_positive_below_2b_market_cap
SOCAU,Solarius Capital Acquisition Corp. Units,outside_positive_below_2b_market_cap
SOFI,SoFi Technologies Inc. Common Stock  ,outside_positive_below_2b_market_cap
SOJC,Southern Company (The) Series 2017B 5.25% Junior Subordinated Notes due December 1 2077,outside_positive_below_2b_market_cap
SOJD,Southern Company (The) Series 2020A 4.95% Junior Subordinated Notes due January 30 2080,outside_positive_below_2b_market_cap
SOJE,Southern Company (The) Series 2020C 4.20% Junior Subordinated Notes due October 15 2060,outside_positive_below_2b_market_cap
SOJF,Southern Company (The) Series 2025A 6.50% Junior Subordinated Notes due March 15 2085,outside_positive_below_2b_market_cap
SOLS,Solstice Advanced Materials Inc. Common Stock ,outside_positive_below_2b_market_cap
SOLV,Solventum Corporation Common Stock,outside_positive_below_2b_market_cap
SOMN,Southern Company (The) 2025 Series A Corporate Units,outside_positive_below_2b_market_cap
SON,Sonoco Products Company Common Stock,outside_positive_below_2b_market_cap
SONO,Sonos Inc. Common Stock,outside_positive_below_2b_market_cap
SONY,Sony Group Corporation American Depositary Shares ,outside_positive_below_2b_market_cap
SOR,Source Capital Inc. Cmn Shs of BI,unclassified_security_type
SORN,Soren Acquisition Corp. Class A Ordinary Shares,outside_positive_below_2b_market_cap
SOUL,Soulpower Acquisition Corporation Class A Ordinary Shares,outside_positive_below_2b_market_cap
SOUN,SoundHound AI Inc Class A Common Stock,outside_positive_below_2b_market_cap
SOUNW,SoundHound AI Inc. Warrant,non_common_instrument
SPCX,Space Exploration Technologies Corp. Class A Common Stock,outside_positive_below_2b_market_cap
SPE,Special Opportunities Fund Inc Common Stock,outside_positive_below_2b_market_cap
SPE^C,Special Opportunities Fund Inc. 2.75% Convertible Preferred Stock Series C,missing_or_invalid_market_cap
SPEG,Silver Pegasus Acquisition Corp Class A Ordinary Shares,outside_positive_below_2b_market_cap
SPEGR,Silver Pegasus Acquisition Corp Rights.,outside_positive_below_2b_market_cap
SPG,Simon Property Group Inc. Common Stock,outside_positive_below_2b_market_cap
SPG^J,Simon Property Group Inc. Simon Property Group 8 3/8% Series J Cumulative Redeemable Preferred Stock,missing_or_invalid_market_cap
SPGI,S&P Global Inc. Common Stock,outside_positive_below_2b_market_cap
SPHR,Sphere Entertainment Co. Class A Common Stock,outside_positive_below_2b_market_cap
SPKL,Spark I Acquisition Corp. Class A Ordinary Share,outside_positive_below_2b_market_cap
SPKLU,Spark I Acquisition Corp. Unit,outside_positive_below_2b_market_cap
SPKLW,Spark I Acquisition Corp. Warrant,outside_positive_below_2b_market_cap
SPMA,Sound Point Meridian Capital Inc. 8.00% Series A Preferred Shares Due 2029,outside_positive_below_2b_market_cap
SPMC,Sound Point Meridian Capital Inc. Common Stock,outside_positive_below_2b_market_cap
SPME,Sound Point Meridian Capital Inc. 7.875% Series B Preferred Shares due 2030,outside_positive_below_2b_market_cap
SPNT,SiriusPoint Ltd. Common Shares,outside_positive_below_2b_market_cap
SPOT,Spotify Technology S.A. Ordinary Shares,outside_positive_below_2b_market_cap
SPSC,SPS Commerce Inc. Common Stock,outside_positive_below_2b_market_cap
SPWRW,SunPower Inc. Warrants,non_common_instrument
SPXC,SPX Technologies Inc. Common Stock,outside_positive_below_2b_market_cap
SPXX,Nuveen S&P 500 Dynamic Overwrite Fund,outside_positive_below_2b_market_cap
SQFTP,Presidio Property Trust Inc. 9.375% Series D Cumulative Redeemable Perpetual Preferred Stock $0.01 par value per share,non_common_instrument
SQFTW,Presidio Property Trust Inc. Series A Common Stock Purchase Warrants,non_common_instrument
SQM,Sociedad Quimica y Minera S.A. Common Stock,outside_positive_below_2b_market_cap
SR,Spire Inc. Common Stock,outside_positive_below_2b_market_cap
SRAD,Sportradar Group AG Class A Ordinary Shares,outside_positive_below_2b_market_cap
SRCE,1st Source Corporation Common Stock,outside_positive_below_2b_market_cap
SRE,DBA Sempra Common Stock,outside_positive_below_2b_market_cap
SREA,DBA Sempra 5.750% Junior Subordinated Notes due 2079,outside_positive_below_2b_market_cap
SRG^A,Seritage Growth Properties 7.00% Series A Cumulative Redeemable Preferred Shares of Beneficial Interest,missing_or_invalid_market_cap
SRJN,Spire Inc. 6.375% Junior Subordinated Notes due 2086,outside_positive_below_2b_market_cap
SRL,Scully Royalty Ltd.,unclassified_security_type
SRRK,Scholar Rock Holding Corporation Common Stock,outside_positive_below_2b_market_cap
SRV,NXG Cushing Midstream Energy Fund Common Shares of Beneficial Interest,outside_positive_below_2b_market_cap
SSAC,SPACSphere Acquisition Corp. Class A Ordinary Shares,outside_positive_below_2b_market_cap
SSACU,SPACSphere Acquisition Corp. Unit,outside_positive_below_2b_market_cap
SSACW,SPACSphere Acquisition Corp. Warrant,outside_positive_below_2b_market_cap
SSB,SouthState Bank Corporation Common Stock,outside_positive_below_2b_market_cap
SSD,Simpson Manufacturing Company Inc. Common Stock,outside_positive_below_2b_market_cap
SSEA,Starry Sea Acquisition Corp	Ordinary Shares,outside_positive_below_2b_market_cap
SSL,Sasol Ltd. American Depositary Shares,outside_positive_below_2b_market_cap
SSMR,Sunshine Silver Mining & Refining Company Common Stock,outside_positive_below_2b_market_cap
SSNC,SS&C Technologies Holdings Inc. Common Stock,outside_positive_below_2b_market_cap
SSRM,SSR Mining Inc. Common Stock,outside_positive_below_2b_market_cap
ST,Sensata Technologies Holding plc Ordinary Shares,outside_positive_below_2b_market_cap
STAG,Stag Industrial Inc. Common Stock,outside_positive_below_2b_market_cap
STE,STERIS plc (Ireland) Ordinary Shares,outside_positive_below_2b_market_cap
STEP,StepStone Group Inc. Class A Common Stock,outside_positive_below_2b_market_cap
STEW,SRH Total Return Fund Inc. Common Stock,outside_positive_below_2b_market_cap
STGW,Stagwell Inc. Class A Common Stock,outside_positive_below_2b_market_cap
STK,Columbia Seligman Premium Technology Growth Fund Inc,outside_positive_below_2b_market_cap
STLA,Stellantis N.V. Common Shares,outside_positive_below_2b_market_cap
STLD,Steel Dynamics Inc.,outside_positive_below_2b_market_cap
STLNW,Starling Oncology Inc. Warrant,non_common_instrument
STM,STMicroelectronics N.V. Common Stock,outside_positive_below_2b_market_cap
STN,Stantec Inc Common Stock,outside_positive_below_2b_market_cap
STNE,StoneCo Ltd. Class A Common Shares,outside_positive_below_2b_market_cap
STNG,Scorpio Tankers Inc. Common Shares,outside_positive_below_2b_market_cap
STRC,Strategy Inc Variable Rate Series A Perpetual Stretch Preferred Stock,outside_positive_below_2b_market_cap
STRD,Strategy Inc 10.00% Series A Perpetual Stride Preferred Stock,outside_positive_below_2b_market_cap
STRF,Strategy Inc 10.00% Series A Perpetual Strife Preferred Stock,outside_positive_below_2b_market_cap
STRK,Strategy Inc 8.00% Series A Perpetual Strike Preferred Stock,outside_positive_below_2b_market_cap
STRL,Sterling Infrastructure Inc. Common Stock,outside_positive_below_2b_market_cap
STRRP,Star Equity Holdings Inc. 10% Series A Cumulative Perpetual Preferred Stock,non_common_instrument
STT,State Street Corporation Common Stock,outside_positive_below_2b_market_cap
STT^G,State Street Corporation Depositary shares each representing a 1/4000th ownership interest in a share of Fixed-to-Floating Rate Non-Cumulative,missing_or_invalid_market_cap
STUB,StubHub Holdings Inc. Class A Common Stock,outside_positive_below_2b_market_cap
STVN,Stevanato Group S.p.A. Ordinary Shares,outside_positive_below_2b_market_cap
STWD,STARWOOD PROPERTY TRUST INC. Starwood Property Trust Inc.,outside_positive_below_2b_market_cap
STX,Seagate Technology Holdings PLC Ordinary Shares (Ireland),outside_positive_below_2b_market_cap
STZ,Constellation Brands Inc. Common Stock,outside_positive_below_2b_market_cap
SU,Suncor Energy  Inc. Common Stock,outside_positive_below_2b_market_cap
SUI,Sun Communities Inc. Common Stock,outside_positive_below_2b_market_cap
SUMA,SUMA Acquisition Corporation Class A Ordinary Shares,outside_positive_below_2b_market_cap
SUNB,Sunbelt Rentals Holdings Inc. Common Stock,outside_positive_below_2b_market_cap
SUPN,Supernus Pharmaceuticals Inc. Common Stock,outside_positive_below_2b_market_cap
SUZ,Suzano S.A. American Depositary Shares (each representing One Ordinary Share),outside_positive_below_2b_market_cap
SVAQ,Silicon Valley Acquisition Corp. Class A Ordinary Shares,outside_positive_below_2b_market_cap
SVAQU,Silicon Valley Acquisition Corp. Units,outside_positive_below_2b_market_cap
SVAQW,Silicon Valley Acquisition Corp. Warrants,outside_positive_below_2b_market_cap
SVCC,Stellar V Capital Corp. Class A Ordinary Shares,outside_positive_below_2b_market_cap
SVCCU,Stellar V Capital Corp. Unit,outside_positive_below_2b_market_cap
SVIAW,Silvia Inc. Warrant,non_common_instrument
SVIV,Spring Valley Acquisition Corp. IV Class A Ordinary Shares,outside_positive_below_2b_market_cap
SVIVU,Spring Valley Acquisition Corp. IV Units,outside_positive_below_2b_market_cap
SVM,Silvercorp Metals Inc. Common Shares,outside_positive_below_2b_market_cap
SVREW,SaverOne 2014 Ltd. Warrant,non_common_instrument
SW,Smurfit WestRock plc Ordinary Shares,outside_positive_below_2b_market_cap
SWAGW,Stran & Company Inc. Warrant,non_common_instrument
SWK,Stanley Black & Decker Inc. Common Stock,outside_positive_below_2b_market_cap
SWKHL,SWK Holdings Corporation 9.00% Senior Notes due 2027,non_common_instrument
SWKS,Skyworks Solutions Inc. Common Stock,outside_positive_below_2b_market_cap
SWVLW,Swvl Holdings Corp Warrant,non_common_instrument
SWX,Southwest Gas Holdings Inc. Common Stock (DE),outside_positive_below_2b_market_cap
SWZ,Total Return Securities Fund Common Stock,outside_positive_below_2b_market_cap
SXI,Standex International Corporation Common Stock,outside_positive_below_2b_market_cap
SXT,Sensient Technologies Corporation Common Stock,outside_positive_below_2b_market_cap
SXTPW,60 Degrees Pharmaceuticals Inc. Warrant,non_common_instrument
SYBT,Stock Yards Bancorp Inc. Common Stock,outside_positive_below_2b_market_cap
SYF,Synchrony Financial Common Stock,outside_positive_below_2b_market_cap
SYF^A,Synchrony Financial Depositary Shares each Representing a 1/40th Interest in a Share of 5.625% Fixed Rate Non-Cumulative Perpetual Preferred Stock Series A,missing_or_invalid_market_cap
SYF^B,Synchrony Financial Depositary Shares Each Representing a 1/40th Interest in a Share of 8.250% Fixed Rate Reset Non-Cumulative Perpetual Preferred Stock Series B,missing_or_invalid_market_cap
SYK,Stryker Corporation Common Stock,outside_positive_below_2b_market_cap
SYM,Symbotic Inc. Class A Common Stock,outside_positive_below_2b_market_cap
SYNA,Synaptics Incorporated Common Stock $0.001 Par Value,outside_positive_below_2b_market_cap
SYRE,Spyre Therapeutics Inc. Common Stock,outside_positive_below_2b_market_cap
SYY,Sysco Corporation Common Stock,outside_positive_below_2b_market_cap
SZZL,Sizzle Acquisition Corp. II Class A ordinary shares,outside_positive_below_2b_market_cap
SZZLR,Sizzle Acquisition Corp. II Right,outside_positive_below_2b_market_cap
T,AT&T Inc.,outside_positive_below_2b_market_cap
T^A,AT&T Inc. Depositary Shares each representing a 1/1000th interest in a share of 5.000% Perpetual Preferred Stock Series A,missing_or_invalid_market_cap
T^C,AT&T Inc. Depositary Shares each representing a 1/1000th interest in a share of 4.750% Perpetual Preferred Stock Series C,missing_or_invalid_market_cap
TAC,TransAlta Corporation Ordinary Shares,outside_positive_below_2b_market_cap
TACH,Titan Acquisition Corp. Class A Ordinary Shares,outside_positive_below_2b_market_cap
TACHW,Titan Acquisition Corp. Warrants,outside_positive_below_2b_market_cap
TAK,Takeda Pharmaceutical Company Limited American Depositary Shares (each representing 1/2 of a share of Common Stock),outside_positive_below_2b_market_cap
TAL,TAL Education Group American Depositary Shares,outside_positive_below_2b_market_cap
TALO,Talos Energy Inc. Common Stock,outside_positive_below_2b_market_cap
TAP,Molson Coors Beverage Company Class B Common Stock,outside_positive_below_2b_market_cap
TARS,Tarsus Pharmaceuticals Inc. Common Stock,outside_positive_below_2b_market_cap
TAVI,Tavia Acquisition Corp. Ordinary Shares,outside_positive_below_2b_market_cap
TAVIU,Tavia Acquisition Corp. Unit,outside_positive_below_2b_market_cap
TBB,AT&T Inc. 5.350% Global Notes due 2066,outside_positive_below_2b_market_cap
TBBB,BBB Foods Inc. Class A Common Shares,outside_positive_below_2b_market_cap
TBCVU,Thunder Bridge Capital Partners V Ltd. Units,outside_positive_below_2b_market_cap
TBLD,Thornburg Income Builder Opportunities Trust Common Stock,fund_or_income_trust
TCBI,Texas Capital Bancshares Inc. Common Stock,outside_positive_below_2b_market_cap
TCBIO,Texas Capital Bancshares Inc. Depositary Shares 5.75% Fixed Rate Non-Cumulative Perpetual Preferred Stock Series B,non_common_instrument
TCGX,TCGX Acquisition Corp. Class A Ordinary Shares,outside_positive_below_2b_market_cap
TCOM,Trip.com Group Limited American Depositary Shares,outside_positive_below_2b_market_cap
TCPA,TransCanada PipeLines Limited 6.250% Junior Subordinated Notes due 2085,outside_positive_below_2b_market_cap
TCPC,BlackRock TCP Capital Corp. Common Stock,fund_or_income_trust
TD,Toronto Dominion Bank (The) Common Stock,outside_positive_below_2b_market_cap
TDAC,Translational Development Acquisition Corp. Ordinary Shares,outside_positive_below_2b_market_cap
TDACU,Translational Development Acquisition Corp. Units,outside_positive_below_2b_market_cap
TDACW,Translational Development Acquisition Corp. Warrants,outside_positive_below_2b_market_cap
TDC,Teradata Corporation Common Stock,outside_positive_below_2b_market_cap
TDF,Templeton Dragon Fund Inc. Common Stock,outside_positive_below_2b_market_cap
TDG,Transdigm Group Incorporated Common Stock,outside_positive_below_2b_market_cap
TDS,Telephone and Data Systems Inc. Common Shares,outside_positive_below_2b_market_cap
TDS^U,Telephone and Data Systems Inc. Depositary Shares Each Representing a 1/1000th Interest in a 6.625% Series UU Cumulative Redeemable Perpetual Preferred Stock,missing_or_invalid_market_cap
TDS^V,Telephone and Data Systems Inc. Depositary Shares Each Representing a 1/1000th Interest in a 6.000% Series VV Cumulative Redeemable Perpetual Preferred Stock,missing_or_invalid_market_cap
TDW,Tidewater Inc. Common Stock,outside_positive_below_2b_market_cap
TDWD,Tailwind 2.0 Acquisition Corp. Class A Ordinary Shares,outside_positive_below_2b_market_cap
TDY,Teledyne Technologies Incorporated Common Stock,outside_positive_below_2b_market_cap
TEAM,Atlassian Corporation Class A Common Stock,outside_positive_below_2b_market_cap
TECH,Bio-Techne Corp Common Stock,outside_positive_below_2b_market_cap
TECK,Teck Resources Ltd Ordinary Shares,outside_positive_below_2b_market_cap
TEI,Templeton Emerging Markets Income Fund Inc. Common Stock,outside_positive_below_2b_market_cap
TEL,TE Connectivity plc Ordinary Shares,outside_positive_below_2b_market_cap
TEM,Tempus AI Inc. Class A Common Stock,outside_positive_below_2b_market_cap
TEN^E,Tsakos Energy Navigation Ltd Series E Fixed-to-Floating Rate Cumulative Redeemable Perpetual Preferred Shares par value $1.00,missing_or_invalid_market_cap
TEN^F,Tsakos Energy Navigation Ltd Series F Fixed-to-Floating Rate Cumulative Redeemable Perpetual Preferred Shares par value $1.00,missing_or_invalid_market_cap
TENB,Tenable Holdings Inc. Common Stock,outside_positive_below_2b_market_cap
TEO,Telecom Argentina SA,outside_positive_below_2b_market_cap
TER,Teradyne Inc. Common Stock,outside_positive_below_2b_market_cap
TEVA,Teva Pharmaceutical Industries Limited Ordinary Shares,outside_positive_below_2b_market_cap
TEX,Terex Corporation Common Stock,outside_positive_below_2b_market_cap
TFC,Truist Financial Corporation Common Stock,outside_positive_below_2b_market_cap
TFC^I,Truist Financial Corporation Depositary Shares,missing_or_invalid_market_cap
TFC^O,Truist Financial Corporation Depositary Shares Each Representing a 1/1000th Interest in a Share of Series O Non-Cumulative Perpetual Preferred Stock,missing_or_invalid_market_cap
TFC^R,Truist Financial Corporation Depositary Shares each representing 1/1000th interest in a share of Series R Non-Cumulative Perpetual Preferred Stock,missing_or_invalid_market_cap
TFII,TFI International Inc. Common Shares,outside_positive_below_2b_market_cap
TFIN^,Triumph Financial Inc. Depositary Shares Each Representing a 1/40th Interest in a Share of 7.125% Series C Fixed-Rate Non-Cumulative Perpetual Preferred Stock,missing_or_invalid_market_cap
TFPM,Triple Flag Precious Metals Corp. Common Shares,outside_positive_below_2b_market_cap
TFSL,TFS Financial Corporation Common Stock,outside_positive_below_2b_market_cap
TFX,Teleflex Incorporated Common Stock,outside_positive_below_2b_market_cap
TGB,Trekor Metals Limited Common Shares,outside_positive_below_2b_market_cap
TGS,Transportadora de Gas del Sur SA TGS Common Stock,outside_positive_below_2b_market_cap
TGT,Target Corporation Common Stock,outside_positive_below_2b_market_cap
TGTX,TG Therapeutics Inc. Common Stock,outside_positive_below_2b_market_cap
THC,Tenet Healthcare Corporation Common Stock,outside_positive_below_2b_market_cap
THEO,BOA Acquisition Corp. II Class A Ordinary Shares,outside_positive_below_2b_market_cap
THG,Hanover Insurance Group Inc,outside_positive_below_2b_market_cap
THO,Thor Industries Inc. Common Stock,outside_positive_below_2b_market_cap
THQ,abrdn Healthcare Opportunities Fund Shares of Beneficial Interest,outside_positive_below_2b_market_cap
THW,abrdn World Healthcare Fund Shares of Beneficial Interest,outside_positive_below_2b_market_cap
TIGO,Millicom International Cellular S.A. Common Stock,outside_positive_below_2b_market_cap
TILE,Interface Inc. Common Stock,outside_positive_below_2b_market_cap
TIMB,TIM S.A. American Depositary Shares (Each representing 5 Common Shares) ,outside_positive_below_2b_market_cap
TJX,TJX Companies Inc. (The) Common Stock,outside_positive_below_2b_market_cap
TKC,Turkcell Iletisim Hizmetleri AS Common Stock,outside_positive_below_2b_market_cap
TKO,TKO Group Holdings Inc. Class A Common Stock,outside_positive_below_2b_market_cap
TKR,Timken Company (The) Common Stock,outside_positive_below_2b_market_cap
TLAC,Three Lions Acquisition Corp. Ordinary Shares,outside_positive_below_2b_market_cap
TLACU,Three Lions Acquisition Corp. Units,outside_positive_below_2b_market_cap
TLK,PT Telekomunikasi Indonesia Tbk,outside_positive_below_2b_market_cap
TLN,Talen Energy Corporation Common Stock,outside_positive_below_2b_market_cap
TLNC,Talon Capital Corp. Class A Ordinary Shares,outside_positive_below_2b_market_cap
TLNCW,Talon Capital Corp. Warrants,outside_positive_below_2b_market_cap
TLSIW,TriSalus Life Sciences Inc. Warrant,non_common_instrument
TLX,Telix Pharmaceuticals Limited American Depositary Shares,outside_positive_below_2b_market_cap
TM,Toyota Motor Corporation Common Stock,outside_positive_below_2b_market_cap
TMDX,TransMedics Group Inc. Common Stock,outside_positive_below_2b_market_cap
TME,Tencent Music Entertainment Group American Depositary Shares each representing two Class A Ordinary Shares,outside_positive_below_2b_market_cap
TMO,Thermo Fisher Scientific Inc Common Stock,outside_positive_below_2b_market_cap
TMSWW,Teamshares Inc. Warrants,non_common_instrument
TMTS,Spartacus Acquisition Corp. II Class A Ordinary Shares,outside_positive_below_2b_market_cap
TMUS,T-Mobile US Inc. Common Stock,outside_positive_below_2b_market_cap
TMUSI,T-Mobile US Inc. 5.500% Senior Notes due June 2070,outside_positive_below_2b_market_cap
TMUSL,T-Mobile US Inc. 6.250% Senior Notes due 2069,outside_positive_below_2b_market_cap
TMUSZ,T-Mobile US Inc. 5.500% Senior Notes due March 2070,outside_positive_below_2b_market_cap
TNET,TriNet Group Inc. Common Stock,outside_positive_below_2b_market_cap
TNGX,Tango Therapeutics Inc.,outside_positive_below_2b_market_cap
TNK,Teekay Tankers Ltd.,outside_positive_below_2b_market_cap
TNL,Travel   Leisure Co. Common  Stock,outside_positive_below_2b_market_cap
TNONW,Tenon Medical Inc. Warrant,non_common_instrument
TOL,Toll Brothers Inc. Common Stock,outside_positive_below_2b_market_cap
TONT,Graf Global Corp. Class A ordinary shares,outside_positive_below_2b_market_cap
TOST,Toast Inc. Class A Common Stock,outside_positive_below_2b_market_cap
TOWN,TowneBank Common Stock,outside_positive_below_2b_market_cap
TPC,Tutor Perini Corporation Common Stock,outside_positive_below_2b_market_cap
TPG,TPG Inc. Class A Common Stock,outside_positive_below_2b_market_cap
TPGXL,TPG Operating Group II L.P. 6.950% Fixed-Rate Junior Subordinated Notes due 2064,outside_positive_below_2b_market_cap
TPL,Texas Pacific Land Corporation Common Stock,outside_positive_below_2b_market_cap
TPR,Tapestry Inc. Common Stock,outside_positive_below_2b_market_cap
TPTS,Terra Property Trust Inc. 7.00% Senior Secured Notes due 2029,outside_positive_below_2b_market_cap
TR,Tootsie Roll Industries Inc. Common Stock,outside_positive_below_2b_market_cap
TRAD,APEX Tech Acquisition Inc. Ordinary Shares,outside_positive_below_2b_market_cap
TREX,Trex Company Inc. Common Stock,outside_positive_below_2b_market_cap
TRGP,Targa Resources Inc. Common Stock,outside_positive_below_2b_market_cap
TRGS,TRG Latin America Acquisitions Corp. Class A Ordinary Shares,outside_positive_below_2b_market_cap
TRI,Thomson Reuters Corporation Common Shares,outside_positive_below_2b_market_cap
TRLV,Trulieve Cannabis Corp. Subordinate Voting Shares,outside_positive_below_2b_market_cap
TRMB,Trimble Inc. Common Stock,outside_positive_below_2b_market_cap
TRMD,TORM plc Class A Common Stock,outside_positive_below_2b_market_cap
TRMK,Trustmark Corporation Common Stock,outside_positive_below_2b_market_cap
TRN,Trinity Industries Inc. Common Stock,outside_positive_below_2b_market_cap
TRNI,Trinity Capital Inc. 7.875% Notes Due 2029,non_common_instrument
TRNO,Terreno Realty Corporation Common Stock,outside_positive_below_2b_market_cap
TRNZ,Trinity Capital Inc. 7.875% Notes due 2029,non_common_instrument
TROW,T. Rowe Price Group Inc. Common Stock,outside_positive_below_2b_market_cap
TRP,TC Energy Corporation Common Stock,outside_positive_below_2b_market_cap
TRTN^A,Triton International Limited 8.50% Series A Cumulative Redeemable Perpetual  Preference Shares,missing_or_invalid_market_cap
TRTN^B,Triton International Limited 8.00% Series B Cumulative Redeemable Perpetual Preference Shares,missing_or_invalid_market_cap
TRTN^C,Triton International Limited 7.375% Series C Cumulative Redeemable Perpetual Preference Shares,missing_or_invalid_market_cap
TRTN^D,Triton International Limited 6.875% Series D Cumulative Redeemable Perpetual Preference Shares,missing_or_invalid_market_cap
TRTN^E,Triton International Limited 5.75% Series E Cumulative Redeemable Perpetual Preference Shares,missing_or_invalid_market_cap
TRTN^F,Triton International Limited 7.625% Series F Cumulative Redeemable Perpetual Preference Shares,missing_or_invalid_market_cap
TRTN^G,Triton International Limited 7.500% Series G Cumulative Redeemable Perpetual Preference Shares,missing_or_invalid_market_cap
TRTX^C,TPG RE Finance Trust Inc. 6.25% Series C Cumulative Redeemable Preferred Stock $0.001 par value per share,missing_or_invalid_market_cap
TRU,TransUnion Common Stock,outside_positive_below_2b_market_cap
TRV,The Travelers Companies Inc. Common Stock,outside_positive_below_2b_market_cap
TS,Tenaris S.A. American Depositary Shares,outside_positive_below_2b_market_cap
TSCO,Tractor Supply Company Common Stock,outside_positive_below_2b_market_cap
TSEM,Tower Semiconductor Ltd. Ordinary Shares,outside_positive_below_2b_market_cap
TSI,TCW Strategic Income Fund Inc. Common Stock,outside_positive_below_2b_market_cap
TSLA,Tesla Inc. Common Stock,outside_positive_below_2b_market_cap
TSM,Taiwan Semiconductor Manufacturing Company Ltd.,outside_positive_below_2b_market_cap
TSN,Tyson Foods Inc. Common Stock,outside_positive_below_2b_market_cap
TT,Trane Technologies plc,outside_positive_below_2b_market_cap
TTAM,Titan America SA Common Shares,outside_positive_below_2b_market_cap
TTAN,ServiceTitan Inc. Class A Common Stock,outside_positive_below_2b_market_cap
TTC,Toro Company (The) Common Stock,outside_positive_below_2b_market_cap
TTD,The Trade Desk Inc. Class A Common Stock,outside_positive_below_2b_market_cap
TTE,TotalEnergies SE Ordinary Shares,outside_positive_below_2b_market_cap
TTEK,Tetra Tech Inc. Common Stock,outside_positive_below_2b_market_cap
TTMI,TTM Technologies Inc. Common Stock,outside_positive_below_2b_market_cap
TTWO,Take-Two Interactive Software Inc. Common Stock,outside_positive_below_2b_market_cap
TU,Telus Corporation Ordinary Shares,outside_positive_below_2b_market_cap
TVA,Texas Ventures Acquisition III Corp Class A Ordinary Share,outside_positive_below_2b_market_cap
TVACU,Texas Ventures Acquisition III Corp Unit,outside_positive_below_2b_market_cap
TVACW,Texas Ventures Acquisition III Corp Warrants,outside_positive_below_2b_market_cap
TVAI,Thayer Ventures Acquisition Corporation II Class A Ordinary Shares,outside_positive_below_2b_market_cap
TVAIR,Thayer Ventures Acquisition Corporation II Rights,outside_positive_below_2b_market_cap
TVC,Tennessee Valley Authority Common Stock,outside_positive_below_2b_market_cap
TVE,Tennessee Valley Authority,outside_positive_below_2b_market_cap
TVGNW,Tevogen Inc. Warrant,non_common_instrument
TVIV,Texas Ventures Acquisition IV Corp Class A Ordinary Shares,outside_positive_below_2b_market_cap
TVTX,Travere Therapeutics Inc. Common Stock,outside_positive_below_2b_market_cap
TW,Tradeweb Markets Inc. Class A Common Stock,outside_positive_below_2b_market_cap
TWLO,Twilio Inc. Class A Common Stock,outside_positive_below_2b_market_cap
TWLV,Twelve Seas Investment Company III Class A Ordinary Shares,outside_positive_below_2b_market_cap
TWLVR,Twelve Seas Investment Company III Rights,outside_positive_below_2b_market_cap
TWN,Taiwan Fund Inc. (The) Common Stock,outside_positive_below_2b_market_cap
TWST,Twist Bioscience Corporation Common Stock,outside_positive_below_2b_market_cap
TX,Ternium S.A. Ternium S.A. American Depositary Shares (each representing ten shares USD1.00 par value),outside_positive_below_2b_market_cap
TXG,10x Genomics Inc. Class A Common Stock,outside_positive_below_2b_market_cap
TXN,Texas Instruments Incorporated Common Stock,outside_positive_below_2b_market_cap
TXNM,TXNM Energy Inc. Common Stock,outside_positive_below_2b_market_cap
TXRH,Texas Roadhouse Inc. Common Stock,outside_positive_below_2b_market_cap
TXT,Textron Inc. Common Stock,outside_positive_below_2b_market_cap
TY^,Tri Continental Corporation Preferred Stock,missing_or_invalid_market_cap
TYL,Tyler Technologies Inc. Common Stock,outside_positive_below_2b_market_cap
U,Unity Software Inc. Common Stock,outside_positive_below_2b_market_cap
UAA,Under Armour Inc. Class A Common Stock,outside_positive_below_2b_market_cap
UAC,United Acquisition Corp. I Class A Ordinary Shares,outside_positive_below_2b_market_cap
UAL,United Airlines Holdings Inc. Common Stock,outside_positive_below_2b_market_cap
UBER,Uber Technologies Inc. Common Stock,outside_positive_below_2b_market_cap
UBS,UBS Group AG Registered Ordinary Shares,outside_positive_below_2b_market_cap
UBSI,United Bankshares Inc. Common Stock,outside_positive_below_2b_market_cap
UCB,United Community Banks Inc. Common Stock,outside_positive_below_2b_market_cap
UCTT,Ultra Clean Holdings Inc. Common Stock,outside_positive_below_2b_market_cap
UDR,UDR Inc. Common Stock,outside_positive_below_2b_market_cap
UE,Urban Edge Properties Common Shares of Beneficial Interest,outside_positive_below_2b_market_cap
UEC,Uranium Energy Corp. Common Stock,outside_positive_below_2b_market_cap
UFPI,UFP Industries Inc. Common Stock,outside_positive_below_2b_market_cap
UFPT,UFP Technologies Inc. Common Stock,outside_positive_below_2b_market_cap
UGI,UGI Corporation Common Stock,outside_positive_below_2b_market_cap
UGP,Ultrapar Participacoes S.A. (New) American Depositary Shares (Each representing one Common Share),outside_positive_below_2b_market_cap
UHAL,U-Haul Holding Company Common Stock,outside_positive_below_2b_market_cap
UHS,Universal Health Services Inc. Common Stock,outside_positive_below_2b_market_cap
UI,Ubiquiti Inc. Common Stock,outside_positive_below_2b_market_cap
UL,Unilever PLC American Depositary Shares (each representing One Ordinary Share),outside_positive_below_2b_market_cap
ULS,UL Solutions Inc. Class A Common Stock,outside_positive_below_2b_market_cap
ULTA,Ulta Beauty Inc. Common Stock,outside_positive_below_2b_market_cap
UMBF,UMB Financial Corporation Common Stock,outside_positive_below_2b_market_cap
UMBFO,UMB Financial Corporation Depositary Shares Each Representing a 1/400th Interest in a Share of 7.750% Fixed-Rate Reset Non-Cumulative Perpetual Preferred Stock Series B,non_common_instrument
UMC,United Microelectronics Corporation (NEW) Common Stock,outside_positive_below_2b_market_cap
UMH^D,UMH Properties Inc. 6.375% Series D Cumulative Redeemable Preferred Stock Liquidation Preference $25 per share,missing_or_invalid_market_cap
UNF,Unifirst Corporation Common Stock,outside_positive_below_2b_market_cap
UNFI,United Natural Foods Inc. Common Stock,outside_positive_below_2b_market_cap
UNH,UnitedHealth Group Incorporated Common Stock (DE),outside_positive_below_2b_market_cap
UNM,Unum Group Common Stock,outside_positive_below_2b_market_cap
UNMA,Unum Group 6.250% Junior Subordinated Notes due 2058,outside_positive_below_2b_market_cap
UNP,Union Pacific Corporation Common Stock,outside_positive_below_2b_market_cap
UPS,United Parcel Service Inc. Common Stock,outside_positive_below_2b_market_cap
UPST,Upstart Holdings Inc. Common stock,outside_positive_below_2b_market_cap
URBN,Urban Outfitters Inc. Common Stock,outside_positive_below_2b_market_cap
URGN,UroGen Pharma Ltd. Ordinary Shares,outside_positive_below_2b_market_cap
URI,United Rentals Inc. Common Stock,outside_positive_below_2b_market_cap
USA,Liberty All-Star Equity Fund Common Stock,outside_positive_below_2b_market_cap
USAR,USA Rare Earth Inc. Class A Common Stock,outside_positive_below_2b_market_cap
USB,U.S. Bancorp Common Stock,outside_positive_below_2b_market_cap
USB^A,U.S. Bancorp Depositary Shares Each representing a 1/100th interest in a share of Series A Non-CumulativePerpetual Pfd Stock,missing_or_invalid_market_cap
USB^H,U.S. Bancorp Depositary Shares repstg 1/1000th Pfd Ser B,missing_or_invalid_market_cap
USB^P,U.S. Bancorp Depositary Shares each representing a 1/1000th interest in a share of Series K Non-Cumulative Perpetual Preferred Stock,missing_or_invalid_market_cap
USB^Q,U.S. Bancorp Depositary Shares Each Representing a 1/1000th Interest in a Share of Series L Non-Cumulative Perpetual Preferred Stock,missing_or_invalid_market_cap
USB^R,U.S. Bancorp Depositary Shares Each Representing a 1/1000th Interest in a Share of Series M Non-Cumulative Perpetual Preferred Stock,missing_or_invalid_market_cap
USB^S,U.S. Bancorp Depositary Shares each representing a 1/1000th interest in a share of Series O Non-Cumulative Perpetual Preferred Stock,missing_or_invalid_market_cap
USDEW,StablecoinX Inc. Warrants,non_common_instrument
USFD,US Foods Holding Corp. Common Stock,outside_positive_below_2b_market_cap
USLM,United States Lime & Minerals Inc. Common Stock,outside_positive_below_2b_market_cap
UTF,Cohen & Steers Infrastructure Fund Inc Common Stock,outside_positive_below_2b_market_cap
UTG,Reaves Utility Income Fund Common Shares of Beneficial Interest,outside_positive_below_2b_market_cap
UTHR,United Therapeutics Corporation Common Stock,outside_positive_below_2b_market_cap
UTZ,Utz Brands Inc Class A Common Stock ,outside_positive_below_2b_market_cap
UUUU,Energy Fuels Inc Ordinary Shares (Canada),outside_positive_below_2b_market_cap
UWMC,UWM Holdings Corporation Class A Common Stock,outside_positive_below_2b_market_cap
UYSC,UY Scuti Acquisition Corp. Ordinary Shares,outside_positive_below_2b_market_cap
UYSCR,UY Scuti Acquisition Corp. Rights,outside_positive_below_2b_market_cap
UZD,Array Digital Infrastructure Inc. 6.250% Senior Notes due 2069,non_common_instrument
UZE,Array Digital Infrastructure Inc. 5.500% Senior Notes due 2070,non_common_instrument
UZF,Array Digital Infrastructure Inc. 5.500% Senior Notes due 2070,non_common_instrument
V,Visa Inc.,outside_positive_below_2b_market_cap
VAC,Marriott Vacations Worldwide Corporation Common Stock,outside_positive_below_2b_market_cap
VAL,Valaris Limited Common Shares,outside_positive_below_2b_market_cap
VALE,VALE S.A.  American Depositary Shares Each Representing one common share,outside_positive_below_2b_market_cap
VBF,Invesco Bond Fund Common Stock,outside_positive_below_2b_market_cap
VC,Visteon Corporation Common Stock,outside_positive_below_2b_market_cap
VCEL,Vericel Corporation Common Stock,outside_positive_below_2b_market_cap
VCRE,Vicore Pharma Holding AB American Depositary Shares,outside_positive_below_2b_market_cap
VCTR,Victory Capital Holdings Inc. Class A Common Stock,outside_positive_below_2b_market_cap
VCV,Invesco California Value Municipal Income Trust Common Stock,fund_or_income_trust
VCX,Fundrise Innovation Fund LLC Common Shares of Limited Liability Company Interests,outside_positive_below_2b_market_cap
VCYT,Veracyte Inc. Common Stock,outside_positive_below_2b_market_cap
VECA,Vernal Capital Acquisition Corp. Ordinary Shares,outside_positive_below_2b_market_cap
VECO,Veeco Instruments Inc. Common Stock,outside_positive_below_2b_market_cap
VEEAW,Veea Inc. Warrant,non_common_instrument
VEEV,Veeva Systems Inc. Class A Common Stock,outside_positive_below_2b_market_cap
VEON,VEON Ltd. ADS,outside_positive_below_2b_market_cap
VERA,Vera Therapeutics Inc. Class A Common Stock,outside_positive_below_2b_market_cap
VET,Vermilion Energy Inc. Common (Canada),unclassified_security_type
VFC,V.F. Corporation Common Stock,outside_positive_below_2b_market_cap
VFS,VinFast Auto Ltd. Ordinary Shares,outside_positive_below_2b_market_cap
VFSWW,VinFast Auto Ltd. Warrant,non_common_instrument
VG,Venture Global Inc. Class A common stock,outside_positive_below_2b_market_cap
VGASW,Verde Clean Fuels Inc. Warrant,non_common_instrument
VGI,Virtus Global Multi-Sector Income Fund Common Shares of Beneficial Interest,outside_positive_below_2b_market_cap
VGNT,Versigent PLC Ordinary Shares,outside_positive_below_2b_market_cap
VHCP,Vine Hill Capital Investment Corp. II Class A Ordinary Shares,outside_positive_below_2b_market_cap
VHCPU,Vine Hill Capital Investment Corp. II Units,outside_positive_below_2b_market_cap
VIA,Via Transportation Inc. Class A Common Stock,outside_positive_below_2b_market_cap
VIAV,Viavi Solutions Inc. Common Stock,outside_positive_below_2b_market_cap
VICI,VICI Properties Inc. Common Stock,outside_positive_below_2b_market_cap
VICR,Vicor Corporation Common Stock,outside_positive_below_2b_market_cap
VII,Viking Acquisition Corp. II Class A Ordinary Shares,outside_positive_below_2b_market_cap
VIK,Viking Holdings Ltd Ordinary Shares,outside_positive_below_2b_market_cap
VIPS,Vipshop Holdings Limited American Depositary Shares each representing two ordinary shares,outside_positive_below_2b_market_cap
VIRT,Virtu Financial Inc. Class A Common Stock,outside_positive_below_2b_market_cap
VIST,Vista Energy S.A.B. de C.V. American Depositary Shares each representing one series A share with no par value,outside_positive_below_2b_market_cap
VIV,Telefonica Brasil S.A. American Depositary Shares (Each representing One Common Share),outside_positive_below_2b_market_cap
VKI,Invesco Advantage Municipal Income Trust II Common Shares of Beneficial Interest (DE),fund_or_income_trust
VKQ,Invesco Municipal Trust Common Stock,fund_or_income_trust
VKTX,Viking Therapeutics Inc. Common Stock,outside_positive_below_2b_market_cap
VLO,Valero Energy Corporation Common Stock,outside_positive_below_2b_market_cap
VLOS,Velos Acquisition I Corp. Class A Ordinary shares,outside_positive_below_2b_market_cap
VLOSU,Velos Acquisition I Corp. Units,outside_positive_below_2b_market_cap
VLT,Invesco High Income Trust II,outside_positive_below_2b_market_cap
VLTO,Veralto Corp Common Stock ,outside_positive_below_2b_market_cap
VLY,Valley National Bancorp Common Stock,outside_positive_below_2b_market_cap
VLYPN,Valley National Bancorp 8.250% Fixed-Rate Reset Non-Cumulative Perpetual Preferred Stock Series C,outside_positive_below_2b_market_cap
VLYPO,Valley National Bancorp 5.50% Fixed-to-Floating Rate Non-Cumulative Perpetual Preferred Stock Series B,outside_positive_below_2b_market_cap
VLYPP,Valley National Bancorp 6.25% Fixed-to-Floating Rate Non-Cumulative Perpetual Preferred Stock Series A,outside_positive_below_2b_market_cap
VMC,Vulcan Materials Company (Holding Company) Common Stock,outside_positive_below_2b_market_cap
VMI,Valmont Industries Inc. Common Stock,outside_positive_below_2b_market_cap
VMO,Invesco Municipal Opportunity Trust Common Stock,fund_or_income_trust
VMRK,Vivmark Residential Common Shares of Beneficial Interest,outside_positive_below_2b_market_cap
VNME,Vendome Acquisition Corporation I Class A Ordinary Shares,outside_positive_below_2b_market_cap
VNO,Vornado Realty Trust Common Stock,outside_positive_below_2b_market_cap
VNO^L,Vornado Realty Trust Pfd Ser L %,missing_or_invalid_market_cap
VNO^M,Vornado Realty Trust 5.25% Series M Cumulative Redeemable Preferred Shares of Beneficial Interest liquidation preference $25.00 per share no par value per share,missing_or_invalid_market_cap
VNO^N,Vornado Realty Trust 5.25% Series N Cumulative Redeemable Preferred Shares of Beneficial Interest liquidation preference $25.00 per share,missing_or_invalid_market_cap
VNO^O,Vornado Realty Trust 4.45% Series O Cumulative Redeemable Preferred Shares Liquidation Preference $25.00 Per Share,missing_or_invalid_market_cap
VNOM,Viper Energy Inc. Class A Common Stock,outside_positive_below_2b_market_cap
VNT,Vontier Corporation Common Stock ,outside_positive_below_2b_market_cap
VOC,VOC Energy Trust Units of Beneficial Interest,ambiguous_or_pooled_beneficial_interest
VOD,Vodafone Group Plc American Depositary Shares,outside_positive_below_2b_market_cap
VOYA,Voya Financial Inc. Common Stock,outside_positive_below_2b_market_cap
VOYA^B,Voya Financial Inc. Depositary Shares each representing a 1/40th interest in a share of 5.35% Fixed-Rate Reset Non-Cumulative Preferred Stock Series B,missing_or_invalid_market_cap
VPV,Invesco Pennsylvania Value Municipal Income Trust Common Stock (DE),fund_or_income_trust
VRDN,Viridian Therapeutics Inc. Common Stock,outside_positive_below_2b_market_cap
VRNS,Varonis Systems Inc. Common Stock,outside_positive_below_2b_market_cap
VRSK,Verisk Analytics Inc. Common Stock,outside_positive_below_2b_market_cap
VRSN,VeriSign Inc. Common Stock,outside_positive_below_2b_market_cap
VRT,Vertiv Holdings LLC Class A Common Stock,outside_positive_below_2b_market_cap
VRTX,Vertex Pharmaceuticals Incorporated Common Stock,outside_positive_below_2b_market_cap
VRXAW,Veraxa Biotech AG Warrants,non_common_instrument
VSAT,ViaSat Inc. Common Stock,outside_positive_below_2b_market_cap
VSEC,VSE Corporation Common Stock,outside_positive_below_2b_market_cap
VSECU,VSE Corporation Tangible Equity Units,non_common_instrument
VSH,Vishay Intertechnology Inc. Common Stock,outside_positive_below_2b_market_cap
VSNT,Versant Media Group Inc. Class A Common Stock ,outside_positive_below_2b_market_cap
VST,Vistra Corp. Common Stock,outside_positive_below_2b_market_cap
VSXY,Victorias Secret & Co. Common Stock ,outside_positive_below_2b_market_cap
VTMX,Corporacion Inmobiliaria Vesta S.A.B de C.V. American Depositary Shares each representing ten (10) Common Shares,outside_positive_below_2b_market_cap
VTR,Ventas Inc. Common Stock,outside_positive_below_2b_market_cap
VTRS,Viatris Inc. Common Stock,outside_positive_below_2b_market_cap
VVR,Invesco Senior Income Trust Common Stock (DE),outside_positive_below_2b_market_cap
VVV,Valvoline Inc. Common Stock,outside_positive_below_2b_market_cap
VVX,V2X Inc. Common Stock,outside_positive_below_2b_market_cap
VWAVW,VisionWave Holdings Inc. Warrant,non_common_instrument
VYLR,Vylor Inc. Common Stock,outside_positive_below_2b_market_cap
VZ,Verizon Communications Inc. Common Stock,outside_positive_below_2b_market_cap
W,Wayfair Inc. Class A Common Stock,outside_positive_below_2b_market_cap
WAB,Westinghouse Air Brake Technologies Corporation Common Stock,outside_positive_below_2b_market_cap
WAFD,WaFd Inc. Common Stock,outside_positive_below_2b_market_cap
WAFDP,WaFd Inc. Depositary Shares,unclassified_security_type
WAL,Western Alliance Bancorporation Common Stock (DE),outside_positive_below_2b_market_cap
WAL^A,Western Alliance Bancorporation Depositary Shares Each Representing a 1/400th Interest in a Share of 4.250% Fixed-Rate Non-Cumulative Perpetual Preferred Stock Series A,missing_or_invalid_market_cap
WAT,Waters Corporation Common Stock,outside_positive_below_2b_market_cap
WAY,Waystar Holding Corp. Common Stock,outside_positive_below_2b_market_cap
WBD,Warner Bros. Discovery Inc. Series A Common Stock ,outside_positive_below_2b_market_cap
WBI,WaterBridge Infrastructure LLC Class A Shares Representing Limited Liability Company Interests,outside_positive_below_2b_market_cap
WCC,WESCO International Inc. Common Stock,outside_positive_below_2b_market_cap
WCN,Waste Connections Inc. Common Shares,outside_positive_below_2b_market_cap
WDAY,Workday Inc. Class A Common Stock,outside_positive_below_2b_market_cap
WDC,Western Digital Corporation Common Stock,outside_positive_below_2b_market_cap
WDFC,WD-40 Company Common Stock,outside_positive_below_2b_market_cap
WDH,Waterdrop Inc. American Depositary Shares (each representing the right to receive 10 Class A Ordinary Shares),non_common_instrument
WDI,Western Asset Diversified Income Fund Common Shares of Beneficial Interest,outside_positive_below_2b_market_cap
WDS,Woodside Energy Group Limited American Depositary Shares each representing one Ordinary Share,outside_positive_below_2b_market_cap
WEA,Western Asset Bond Fund Share of Beneficial Interest,outside_positive_below_2b_market_cap
WEC,WEC Energy Group Inc. Common Stock,outside_positive_below_2b_market_cap
WELL,Welltower Inc. Common Stock,outside_positive_below_2b_market_cap
WENC,West Enclave Merger Corp. Ordinary Shares,outside_positive_below_2b_market_cap
WENN,Wen Acquisition Corp Class A Ordinary Shares,outside_positive_below_2b_market_cap
WENNW,Wen Acquisition Corp Warrant,outside_positive_below_2b_market_cap
WERN,Werner Enterprises Inc. Common Stock,outside_positive_below_2b_market_cap
WES,Western Midstream Partners LP Common Units Representing Limited Partner Interests,outside_positive_below_2b_market_cap
WEX,WEX Inc. common stock,outside_positive_below_2b_market_cap
WF,Woori Financial Group Inc. American Depositary Shares (each representing three (3) shares of Common Stock),outside_positive_below_2b_market_cap
WFC,Wells Fargo & Company Common Stock,outside_positive_below_2b_market_cap
WFC^A,Wells Fargo & Company Depositary Shares each representing a 1/1000th interest in a share of Non-Cumulative Perpetual Class A Preferred Stock Series AA,missing_or_invalid_market_cap
WFC^C,Wells Fargo & Company Depositary Shares each representing a 1/1000th interest in a share of Non-Cumulative Perpetual Class A Preferred Stock Series CC,missing_or_invalid_market_cap
WFC^D,Wells Fargo & Company Depositary Shares each representing a 1/1000th interest in  a share of Non-Cumulative Perpetual Class A Preferred Stock Series DD,missing_or_invalid_market_cap
WFC^L,Wells Fargo & Company 7.50% Non-Cumulative Perpetual Convertible Class A Preferred Stock Series L,missing_or_invalid_market_cap
WFC^Y,Wells Fargo & Company Depositary Shares each representing a 1/1000th interest in a share of Non-Cumulative Perpetual Class A Preferred Stock Series Y,missing_or_invalid_market_cap
WFC^Z,Wells Fargo & Company Depositary Shares each representing a 1/1000th interest in a share of Non-Cumulative Perpetual Class A Preferred Stock Series Z,missing_or_invalid_market_cap
WFG,West Fraser Timber Co. Ltd Common stock,outside_positive_below_2b_market_cap
WFRD,Weatherford International plc Ordinary Shares,outside_positive_below_2b_market_cap
WGS,GeneDx Holdings Corp. Class A Common Stock,outside_positive_below_2b_market_cap
WH,Wyndham Hotels & Resorts Inc. Common Stock ,outside_positive_below_2b_market_cap
WHD,Cactus Inc. Class A Common Stock,outside_positive_below_2b_market_cap
WHF,WhiteHorse Finance Inc. Common Stock,fund_or_income_trust
WHFCL,WhiteHorse Finance Inc. 7.875% Notes due 2028,non_common_instrument
WHLRD,Wheeler Real Estate Investment Trust Inc. Series D Cumulative Preferred Stock,non_common_instrument
WHLRL,Wheeler Real Estate Investment Trust Inc. 7.00% Senior Subordinated Convertible Notes Due 2031,non_common_instrument
WHLRP,Wheeler Real Estate Investment Trust Inc. Class B Preferred Stock,non_common_instrument
WHR^A,Whirlpool Corporation Depositary Shares each representing a 1/20th interest in a share of 8.50% Series A Mandatory Convertible Preferred Stock,missing_or_invalid_market_cap
WIA,Western Asset Inflation-Linked Income Fund,outside_positive_below_2b_market_cap
WING,Wingstop Inc. Common Stock,outside_positive_below_2b_market_cap
WIT,Wipro Limited Common Stock,outside_positive_below_2b_market_cap
WIW,Western Asset Inflation-Linked Opportunities & Income Fund,outside_positive_below_2b_market_cap
WIX,Wix.com Ltd. Ordinary Shares,outside_positive_below_2b_market_cap
WK,Workiva Inc. Class A Common Stock,outside_positive_below_2b_market_cap
WLCO,Wilco 63 Corporation Class A Ordinary Shares,outside_positive_below_2b_market_cap
WLCOU,Wilco 63 Corporation Units,outside_positive_below_2b_market_cap
WLDSW,Wearable Devices Ltd. Warrant,non_common_instrument
WLII,Willow Lane Acquisition Corp. II Class A Ordinary Shares,outside_positive_below_2b_market_cap
WLIIW,Willow Lane Acquisition Corp. II Warrants,outside_positive_below_2b_market_cap
WLK,Westlake Corporation Common Stock,outside_positive_below_2b_market_cap
WLY,John Wiley & Sons Inc. Common Stock,outside_positive_below_2b_market_cap
WLYB,John Wiley & Sons Inc. Common Stock,outside_positive_below_2b_market_cap
WM,Waste Management Inc. Common Stock,outside_positive_below_2b_market_cap
WMB,Williams Companies Inc. (The) Common Stock,outside_positive_below_2b_market_cap
WMG,Warner Music Group Corp. Class A Common Stock,outside_positive_below_2b_market_cap
WMS,Advanced Drainage Systems Inc. Common Stock,outside_positive_below_2b_market_cap
WMT,Walmart Inc. Common Stock,outside_positive_below_2b_market_cap
WOR,Worthington Enterprises Inc. Common Shares,outside_positive_below_2b_market_cap
WPAC,White Pearl Acquisition Corp. Class A Ordinary Shares,outside_positive_below_2b_market_cap
WPC,W. P. Carey Inc. REIT,outside_positive_below_2b_market_cap
WPM,Wheaton Precious Metals Corp Common Shares (Canada),outside_positive_below_2b_market_cap
WPP,WPP plc American Depositary Shares,outside_positive_below_2b_market_cap
WRB,W.R. Berkley Corporation Common Stock,outside_positive_below_2b_market_cap
WRB^E,W.R. Berkley Corporation 5.70% Subordinated Debentures due 2058,missing_or_invalid_market_cap
WRB^F,W.R. Berkley Corporation 5.10% Subordinated Debentures due 2059,missing_or_invalid_market_cap
WRB^G,W.R. Berkley Corporation 4.25% Subordinated Debentures due 2060,missing_or_invalid_market_cap
WRB^H,W.R. Berkley Corporation 4.125% Subordinated Debentures due 2061,missing_or_invalid_market_cap
WRBY,Warby Parker Inc. Class A Common Stock,outside_positive_below_2b_market_cap
WSBC,WesBanco Inc. Common Stock,outside_positive_below_2b_market_cap
WSBCO,WesBanco Inc. Depositary Shares each representing 1/40th interest in a share of 7.375% Fixed-Rate Reset Non-Cumulative Perpetual Preferred Stock Series B,outside_positive_below_2b_market_cap
WSC,WillScot Holdings Corporation Class A Common Stock,outside_positive_below_2b_market_cap
WSE,Wise Group plc Class A Ordinary Shares,outside_positive_below_2b_market_cap
WSFS,WSFS Financial Corporation Common Stock,outside_positive_below_2b_market_cap
WSM,Williams-Sonoma Inc. Common Stock (DE),outside_positive_below_2b_market_cap
WSO,Watsco Inc. Common Stock,outside_positive_below_2b_market_cap
WSO/B,Watsco Inc.,missing_or_invalid_market_cap
WST,West Pharmaceutical Services Inc. Common Stock,outside_positive_below_2b_market_cap
WT,WisdomTree Inc. Common Stock,outside_positive_below_2b_market_cap
WTFC,Wintrust Financial Corporation Common Stock,outside_positive_below_2b_market_cap
WTFCN,Wintrust Financial Corporation Depositary Shares Each Representing a 1/1000th Interest in a Share of 7.875% Fixed-Rate Reset Non-Cumulative Perpetual Preferred StocK,non_common_instrument
WTG,Wintergreen Acquisition Corp. Ordinary Shares,outside_positive_below_2b_market_cap
WTM,White Mountains Insurance Group Ltd. Common Stock,outside_positive_below_2b_market_cap
WTRG,Essential Utilities Inc. Common Stock,outside_positive_below_2b_market_cap
WTS,Watts Water Technologies Inc. Class A Common Stock,outside_positive_below_2b_market_cap
WTTR,Select Water Solutions Inc. Class A common stock,outside_positive_below_2b_market_cap
WTW,Willis Towers Watson Public Limited Company Ordinary Shares,outside_positive_below_2b_market_cap
WULF,TeraWulf Inc. Common Stock,outside_positive_below_2b_market_cap
WVVIP,Willamette Valley Vineyards Inc. Series A Redeemable Preferred Stock,non_common_instrument
WWD,Woodward Inc. Common Stock,outside_positive_below_2b_market_cap
WY,Weyerhaeuser Company Common Stock,outside_positive_below_2b_market_cap
WYNN,Wynn Resorts Limited Common stock,outside_positive_below_2b_market_cap
XCBE,X3 Acquisition Corp. Ltd. Class A Ordinary Shares,outside_positive_below_2b_market_cap
XE,X-Energy Inc. Class A Common Stock,outside_positive_below_2b_market_cap
XEL,Xcel Energy Inc. Common Stock,outside_positive_below_2b_market_cap
XELLL,Xcel Energy Inc. 6.25% Junior Subordinated Notes Series due 2085,outside_positive_below_2b_market_cap
XENE,Xenon Pharmaceuticals Inc. Common Shares,outside_positive_below_2b_market_cap
XFLH,XFLH Capital Corporation Ordinary Shares,outside_positive_below_2b_market_cap
XFLT,XAI Floating Rate & Alternative Income Trust Common Shares of Beneficial Interest,fund_or_income_trust
XIII,Churchill Capital Corp XIII Class A Ordinary Shares,outside_positive_below_2b_market_cap
XIIIU,Churchill Capital Corp XIII Units,outside_positive_below_2b_market_cap
XIIIW,Churchill Capital Corp XIII Warrants,outside_positive_below_2b_market_cap
XLABW,Exascale Labs Holdings Inc. Warrant,non_common_instrument
XMTR,Xometry Inc. Class A Common Stock,outside_positive_below_2b_market_cap
XOM,ExxonMobil Holdings Corporation Common Stock,outside_positive_below_2b_market_cap
XP,XP Inc. Class A Common Stock,outside_positive_below_2b_market_cap
XPEV,XPeng Inc. American depositary shares each representing two Class A ordinary shares,outside_positive_below_2b_market_cap
XPO,XPO Inc. Common Stock,outside_positive_below_2b_market_cap
XRN^A,Chiron Real Estate Inc. Series A Cumulative Redeemable Preferred Stock,missing_or_invalid_market_cap
XRN^B,Chiron Real Estate Inc. 8.00% Series B Cumulative Redeemable Preferred Stock $0.001 par value per share,missing_or_invalid_market_cap
XRPN,Armada Acquisition Corp. II Class A Ordinary Shares,outside_positive_below_2b_market_cap
XRPNU,Armada Acquisition Corp. II Units,outside_positive_below_2b_market_cap
XRPNW,Armada Acquisition Corp. II Warrant,outside_positive_below_2b_market_cap
XRXDW,Xerox Holdings Corporation Warrants,non_common_instrument
XSLL,Xsolla SPAC 1 Class A Ordinary Shares,outside_positive_below_2b_market_cap
XTER,Karman Line Acquisition Corp. Class A Ordinary Shares,outside_positive_below_2b_market_cap
XTERU,Karman Line Acquisition Corp. Units,outside_positive_below_2b_market_cap
XXI,Twenty One Capital Inc. Class A Common Stock,outside_positive_below_2b_market_cap
XYL,Xylem Inc. Common Stock New,outside_positive_below_2b_market_cap
XYZ,Block Inc. Class A Common Stock,outside_positive_below_2b_market_cap
YCY,AA Mission Acquisition Corp. II Class A Ordinary Shares,outside_positive_below_2b_market_cap
YDESW,YD Bio Limited Warrants,non_common_instrument
YETI,YETI Holdings Inc. Common Stock,outside_positive_below_2b_market_cap
YHNA,YHN Acquisition I Limited Ordinary Shares,outside_positive_below_2b_market_cap
YHNAU,YHN Acquisition I Limited Unit,outside_positive_below_2b_market_cap
YICC,Yorkville International Capital Corp. Class A Ordinary Shares,outside_positive_below_2b_market_cap
YMM,Full Truck Alliance Co. Ltd. American Depositary Shares (each representing 20 Class A Ordinary Shares),outside_positive_below_2b_market_cap
YOU,Clear Secure Inc. Class A Common Stock,outside_positive_below_2b_market_cap
YPF,YPF Sociedad Anonima American Depositary Shares,outside_positive_below_2b_market_cap
YUM,Yum! Brands Inc.,outside_positive_below_2b_market_cap
YUMC,Yum China Holdings Inc. Common Stock,outside_positive_below_2b_market_cap
Z,Zillow Group Inc. Class C Capital Stock,outside_positive_below_2b_market_cap
ZBH,Zimmer Biomet Holdings Inc. Common Stock,outside_positive_below_2b_market_cap
ZBRA,Zebra Technologies Corporation Class A Common Stock,outside_positive_below_2b_market_cap
ZETA,Zeta Global Holdings Corp. Class A Common Stock,outside_positive_below_2b_market_cap
ZG,Zillow Group Inc. Class A Common Stock,outside_positive_below_2b_market_cap
ZGN,Ermenegildo Zegna N.V. Ordinary Shares,outside_positive_below_2b_market_cap
ZIM,ZIM Integrated Shipping Services Ltd. Ordinary Shares,outside_positive_below_2b_market_cap
ZION,Zions Bancorporation N.A. Common Stock,outside_positive_below_2b_market_cap
ZIONP,Zions Bancorporation N.A. Depositary Shares (Each representing 1/40th Interest in a Share of Series A Floating-Rate Non-Cumulative Perpetual Preferred Stock),outside_positive_below_2b_market_cap
ZKP,Lafayette Digital Acquisition Corp. I Class A Ordinary Shares,outside_positive_below_2b_market_cap
ZKPU,Lafayette Digital Acquisition Corp. I Unit,outside_positive_below_2b_market_cap
ZLAB,Zai Lab Limited American Depositary Shares,outside_positive_below_2b_market_cap
ZM,Zoom Communications Inc. Class A Common Stock,outside_positive_below_2b_market_cap
ZS,Zscaler Inc. Common Stock,outside_positive_below_2b_market_cap
ZTO,ZTO Express (Cayman) Inc. American Depositary Shares each representing one Class A ordinary share.,outside_positive_below_2b_market_cap
ZTR,Virtus Total Return Fund Inc.,outside_positive_below_2b_market_cap
ZTS,Zoetis Inc. Class A Common Stock,outside_positive_below_2b_market_cap
ZWS,Zurn Elkay Water Solutions Corporation Common Stock,outside_positive_below_2b_market_cap
